999
"DXF R12 Output" (www.mydxf.blogspot.com)
 0 
SECTION
 2 
HEADER
 9 
$ACADVER
 1 
AC1009
 9 
$EXTMIN
 10 
 0 
 20 
 0 
 9 
$EXTMAX
 10 
 8.5 
 20 
 11 
 0 
ENDSEC
 0 
SECTION
 2 
ENTITIES
0
POLYLINE
8
Layer 1
62
7
70
0
10
0.000000
20
0.000000
66
1
0
VERTEX
8
Layer 1
10
30.951631
20
261.387750
70
0
0
VERTEX
8
Layer 1
10
31.183723
20
261.816728
70
0
0
VERTEX
8
Layer 1
10
31.862665
20
262.225309
70
0
0
VERTEX
8
Layer 1
10
34.457070
20
262.935358
70
0
0
VERTEX
8
Layer 1
10
38.339872
20
263.409797
70
0
0
VERTEX
8
Layer 1
10
42.919950
20
263.576398
70
0
0
SEQEND
8
Layer 1
0
POLYLINE
8
Layer 1
62
7
70
0
10
0.000000
20
0.000000
66
1
0
VERTEX
8
Layer 1
10
39.246021
20
261.387750
70
0
0
VERTEX
8
Layer 1
10
39.525683
20
261.659694
70
0
0
VERTEX
8
Layer 1
10
40.322090
20
261.890237
70
0
0
VERTEX
8
Layer 1
10
42.919950
20
262.098374
70
0
0
SEQEND
8
Layer 1
0
POLYLINE
8
Layer 1
62
7
70
0
10
0.000000
20
0.000000
66
1
0
VERTEX
8
Layer 1
10
31.554018
20
261.387750
70
0
0
VERTEX
8
Layer 1
10
31.736881
20
261.823410
70
0
0
VERTEX
8
Layer 1
10
32.173727
20
262.003540
70
0
0
VERTEX
8
Layer 1
10
32.610573
20
261.823410
70
0
0
VERTEX
8
Layer 1
10
32.793437
20
261.387750
70
0
0
SEQEND
8
Layer 1
0
POLYLINE
8
Layer 1
62
7
70
0
10
0.000000
20
0.000000
66
1
0
VERTEX
8
Layer 1
10
27.185222
20
261.387750
70
0
0
VERTEX
8
Layer 1
10
27.315264
20
261.873008
70
0
0
VERTEX
8
Layer 1
10
27.670545
20
262.228241
70
0
0
VERTEX
8
Layer 1
10
28.155868
20
262.358266
70
0
0
VERTEX
8
Layer 1
10
28.641190
20
262.228241
70
0
0
VERTEX
8
Layer 1
10
28.996471
20
261.873008
70
0
0
VERTEX
8
Layer 1
10
29.126513
20
261.387750
70
0
0
SEQEND
8
Layer 1
0
POLYLINE
8
Layer 1
62
7
70
0
10
0.000000
20
0.000000
66
1
0
VERTEX
8
Layer 1
10
24.251277
20
261.387750
70
0
0
VERTEX
8
Layer 1
10
24.347661
20
262.743136
70
0
0
VERTEX
8
Layer 1
10
24.630558
20
264.059370
70
0
0
VERTEX
8
Layer 1
10
25.090583
20
265.329787
70
0
0
VERTEX
8
Layer 1
10
25.718354
20
266.547725
70
0
0
VERTEX
8
Layer 1
10
26.504485
20
267.706520
70
0
0
VERTEX
8
Layer 1
10
27.439593
20
268.799509
70
0
0
VERTEX
8
Layer 1
10
29.719205
20
270.761415
70
0
0
VERTEX
8
Layer 1
10
32.482117
20
272.380135
70
0
0
VERTEX
8
Layer 1
10
35.653260
20
273.602363
70
0
0
VERTEX
8
Layer 1
10
39.157561
20
274.374792
70
0
0
VERTEX
8
Layer 1
10
42.919950
20
274.644114
70
0
0
SEQEND
8
Layer 1
0
POLYLINE
8
Layer 1
62
7
70
0
10
0.000000
20
0.000000
66
1
0
VERTEX
8
Layer 1
10
42.919950
20
276.738716
70
0
0
VERTEX
8
Layer 1
10
42.429397
20
276.870142
70
0
0
VERTEX
8
Layer 1
10
42.070287
20
277.229203
70
0
0
VERTEX
8
Layer 1
10
41.938844
20
277.719691
70
0
0
VERTEX
8
Layer 1
10
42.070287
20
278.210178
70
0
0
VERTEX
8
Layer 1
10
42.429397
20
278.569239
70
0
0
VERTEX
8
Layer 1
10
42.919950
20
278.700665
70
0
0
SEQEND
8
Layer 1
0
POLYLINE
8
Layer 1
62
7
70
0
10
0.000000
20
0.000000
66
1
0
VERTEX
8
Layer 1
10
42.919950
20
278.700689
70
0
0
VERTEX
8
Layer 1
10
44.893311
20
278.438922
70
0
0
VERTEX
8
Layer 1
10
46.701529
20
277.687554
70
0
0
VERTEX
8
Layer 1
10
48.256429
20
276.497485
70
0
0
VERTEX
8
Layer 1
10
49.469837
20
274.919616
70
0
0
VERTEX
8
Layer 1
10
50.229790
20
273.079980
70
0
0
VERTEX
8
Layer 1
10
50.483108
20
271.138543
70
0
0
VERTEX
8
Layer 1
10
50.229790
20
269.197107
70
0
0
VERTEX
8
Layer 1
10
49.469837
20
267.357471
70
0
0
VERTEX
8
Layer 1
10
48.256429
20
265.779602
70
0
0
VERTEX
8
Layer 1
10
46.701529
20
264.589533
70
0
0
VERTEX
8
Layer 1
10
44.893311
20
263.838165
70
0
0
VERTEX
8
Layer 1
10
42.919950
20
263.576398
70
0
0
SEQEND
8
Layer 1
0
POLYLINE
8
Layer 1
62
7
70
0
10
0.000000
20
0.000000
66
1
0
VERTEX
8
Layer 1
10
61.032356
20
261.387750
70
0
0
VERTEX
8
Layer 1
10
61.260678
20
263.504835
70
0
0
VERTEX
8
Layer 1
10
61.928587
20
265.521260
70
0
0
VERTEX
8
Layer 1
10
63.010500
20
267.380362
70
0
0
VERTEX
8
Layer 1
10
64.480835
20
269.025480
70
0
0
VERTEX
8
Layer 1
10
66.274066
20
270.374373
70
0
0
VERTEX
8
Layer 1
10
68.300545
20
271.366925
70
0
0
VERTEX
8
Layer 1
10
70.498511
20
271.979668
70
0
0
VERTEX
8
Layer 1
10
72.806200
20
272.189132
70
0
0
SEQEND
8
Layer 1
0
POLYLINE
8
Layer 1
62
7
70
0
10
0.000000
20
0.000000
66
1
0
VERTEX
8
Layer 1
10
66.597367
20
261.387750
70
0
0
VERTEX
8
Layer 1
10
66.717771
20
262.463913
70
0
0
VERTEX
8
Layer 1
10
67.069987
20
263.488907
70
0
0
VERTEX
8
Layer 1
10
67.640524
20
264.433931
70
0
0
VERTEX
8
Layer 1
10
68.415892
20
265.270182
70
0
0
VERTEX
8
Layer 1
10
69.361537
20
265.955855
70
0
0
VERTEX
8
Layer 1
10
70.430183
20
266.460392
70
0
0
VERTEX
8
Layer 1
10
71.589261
20
266.771864
70
0
0
VERTEX
8
Layer 1
10
72.806200
20
266.878339
70
0
0
SEQEND
8
Layer 1
0
POLYLINE
8
Layer 1
62
7
70
0
10
0.000000
20
0.000000
66
1
0
VERTEX
8
Layer 1
10
72.806200
20
267.235563
70
0
0
VERTEX
8
Layer 1
10
72.490147
20
267.418012
70
0
0
VERTEX
8
Layer 1
10
72.490147
20
267.782910
70
0
0
VERTEX
8
Layer 1
10
72.806200
20
267.965359
70
0
0
SEQEND
8
Layer 1
0
POLYLINE
8
Layer 1
62
7
70
0
10
0.000000
20
0.000000
66
1
0
VERTEX
8
Layer 1
10
44.818659
20
261.387750
70
0
0
VERTEX
8
Layer 1
10
44.912190
20
262.315430
70
0
0
VERTEX
8
Layer 1
10
45.180440
20
263.179474
70
0
0
VERTEX
8
Layer 1
10
45.604897
20
263.961372
70
0
0
VERTEX
8
Layer 1
10
46.167049
20
264.642614
70
0
0
VERTEX
8
Layer 1
10
46.848383
20
265.204691
70
0
0
VERTEX
8
Layer 1
10
47.630385
20
265.629091
70
0
0
VERTEX
8
Layer 1
10
48.494545
20
265.897305
70
0
0
VERTEX
8
Layer 1
10
49.422349
20
265.990823
70
0
0
VERTEX
8
Layer 1
10
50.350153
20
265.897305
70
0
0
VERTEX
8
Layer 1
10
51.214313
20
265.629091
70
0
0
VERTEX
8
Layer 1
10
51.996316
20
265.204691
70
0
0
VERTEX
8
Layer 1
10
52.677649
20
264.642614
70
0
0
VERTEX
8
Layer 1
10
53.239801
20
263.961372
70
0
0
VERTEX
8
Layer 1
10
53.664258
20
263.179474
70
0
0
VERTEX
8
Layer 1
10
53.932508
20
262.315430
70
0
0
VERTEX
8
Layer 1
10
54.026039
20
261.387750
70
0
0
SEQEND
8
Layer 1
0
POLYLINE
8
Layer 1
62
7
70
0
10
0.000000
20
0.000000
66
1
0
VERTEX
8
Layer 1
10
42.919950
20
262.098374
70
0
0
VERTEX
8
Layer 1
10
43.697602
20
261.890237
70
0
0
VERTEX
8
Layer 1
10
43.936001
20
261.659694
70
0
0
VERTEX
8
Layer 1
10
44.019716
20
261.387750
70
0
0
SEQEND
8
Layer 1
0
POLYLINE
8
Layer 1
62
7
70
0
10
0.000000
20
0.000000
66
1
0
VERTEX
8
Layer 1
10
55.341536
20
261.387750
70
0
0
VERTEX
8
Layer 1
10
55.426997
20
262.784388
70
0
0
VERTEX
8
Layer 1
10
55.680216
20
264.157371
70
0
0
VERTEX
8
Layer 1
10
56.096449
20
265.497432
70
0
0
VERTEX
8
Layer 1
10
56.670955
20
266.795305
70
0
0
VERTEX
8
Layer 1
10
57.398988
20
268.041725
70
0
0
VERTEX
8
Layer 1
10
58.275805
20
269.227427
70
0
0
VERTEX
8
Layer 1
10
59.296663
20
270.343143
70
0
0
VERTEX
8
Layer 1
10
60.456818
20
271.379609
70
0
0
VERTEX
8
Layer 1
10
63.116796
20
273.144262
70
0
0
VERTEX
8
Layer 1
10
66.122763
20
274.442743
70
0
0
VERTEX
8
Layer 1
10
69.383103
20
275.244348
70
0
0
VERTEX
8
Layer 1
10
72.806200
20
275.518373
70
0
0
SEQEND
8
Layer 1
0
POLYLINE
8
Layer 1
62
7
70
0
10
0.000000
20
0.000000
66
1
0
VERTEX
8
Layer 1
10
42.919950
20
276.738716
70
0
0
VERTEX
8
Layer 1
10
43.326057
20
276.654978
70
0
0
VERTEX
8
Layer 1
10
43.657374
20
276.430206
70
0
0
VERTEX
8
Layer 1
10
43.880591
20
276.097863
70
0
0
VERTEX
8
Layer 1
10
43.962399
20
275.691415
70
0
0
VERTEX
8
Layer 1
10
43.880591
20
275.284966
70
0
0
VERTEX
8
Layer 1
10
43.657374
20
274.952624
70
0
0
VERTEX
8
Layer 1
10
43.326057
20
274.727851
70
0
0
VERTEX
8
Layer 1
10
42.919950
20
274.644114
70
0
0
SEQEND
8
Layer 1
0
POLYLINE
8
Layer 1
62
7
70
0
10
0.000000
20
0.000000
66
1
0
VERTEX
8
Layer 1
10
91.117721
20
261.387750
70
0
0
VERTEX
8
Layer 1
10
91.342181
20
262.535906
70
0
0
VERTEX
8
Layer 1
10
91.998794
20
263.629472
70
0
0
VERTEX
8
Layer 1
10
93.062411
20
264.637717
70
0
0
VERTEX
8
Layer 1
10
94.507880
20
265.529912
70
0
0
VERTEX
8
Layer 1
10
96.270784
20
266.261455
70
0
0
VERTEX
8
Layer 1
10
98.262993
20
266.799745
70
0
0
VERTEX
8
Layer 1
10
100.423788
20
267.132053
70
0
0
VERTEX
8
Layer 1
10
102.692450
20
267.245651
70
0
0
SEQEND
8
Layer 1
0
POLYLINE
8
Layer 1
62
7
70
0
10
0.000000
20
0.000000
66
1
0
VERTEX
8
Layer 1
10
97.447772
20
261.387750
70
0
0
VERTEX
8
Layer 1
10
97.560170
20
261.659067
70
0
0
VERTEX
8
Layer 1
10
97.831523
20
261.771450
70
0
0
VERTEX
8
Layer 1
10
98.102876
20
261.659067
70
0
0
VERTEX
8
Layer 1
10
98.215275
20
261.387750
70
0
0
SEQEND
8
Layer 1
0
POLYLINE
8
Layer 1
62
7
70
0
10
0.000000
20
0.000000
66
1
0
VERTEX
8
Layer 1
10
102.692450
20
265.119254
70
0
0
VERTEX
8
Layer 1
10
102.402113
20
265.286858
70
0
0
VERTEX
8
Layer 1
10
102.402113
20
265.622065
70
0
0
VERTEX
8
Layer 1
10
102.692450
20
265.789668
70
0
0
SEQEND
8
Layer 1
0
POLYLINE
8
Layer 1
62
7
70
0
10
0.000000
20
0.000000
66
1
0
VERTEX
8
Layer 1
10
93.936520
20
261.387750
70
0
0
VERTEX
8
Layer 1
10
94.046012
20
261.796324
70
0
0
VERTEX
8
Layer 1
10
94.345149
20
262.095421
70
0
0
VERTEX
8
Layer 1
10
94.753777
20
262.204898
70
0
0
VERTEX
8
Layer 1
10
95.162406
20
262.095421
70
0
0
VERTEX
8
Layer 1
10
95.461543
20
261.796324
70
0
0
VERTEX
8
Layer 1
10
95.571035
20
261.387750
70
0
0
SEQEND
8
Layer 1
0
POLYLINE
8
Layer 1
62
7
70
0
10
0.000000
20
0.000000
66
1
0
VERTEX
8
Layer 1
10
101.533772
20
261.387750
70
0
0
VERTEX
8
Layer 1
10
101.621971
20
261.894788
70
0
0
VERTEX
8
Layer 1
10
101.873141
20
262.324635
70
0
0
VERTEX
8
Layer 1
10
102.249043
20
262.611849
70
0
0
VERTEX
8
Layer 1
10
102.692450
20
262.712705
70
0
0
SEQEND
8
Layer 1
0
POLYLINE
8
Layer 1
62
7
70
0
10
0.000000
20
0.000000
66
1
0
VERTEX
8
Layer 1
10
84.940687
20
261.387750
70
0
0
VERTEX
8
Layer 1
10
85.027552
20
262.663773
70
0
0
VERTEX
8
Layer 1
10
85.284934
20
263.918182
70
0
0
VERTEX
8
Layer 1
10
85.708010
20
265.142513
70
0
0
VERTEX
8
Layer 1
10
86.291959
20
266.328300
70
0
0
VERTEX
8
Layer 1
10
87.031960
20
267.467077
70
0
0
VERTEX
8
Layer 1
10
87.923192
20
268.550380
70
0
0
VERTEX
8
Layer 1
10
90.140058
20
270.516696
70
0
0
VERTEX
8
Layer 1
10
92.843763
20
272.128951
70
0
0
VERTEX
8
Layer 1
10
95.899144
20
273.315293
70
0
0
VERTEX
8
Layer 1
10
99.213081
20
274.047670
70
0
0
VERTEX
8
Layer 1
10
102.692450
20
274.298029
70
0
0
SEQEND
8
Layer 1
0
POLYLINE
8
Layer 1
62
7
70
0
10
0.000000
20
0.000000
66
1
0
VERTEX
8
Layer 1
10
72.806200
20
267.235563
70
0
0
VERTEX
8
Layer 1
10
72.982781
20
267.056951
70
0
0
VERTEX
8
Layer 1
10
72.806200
20
266.878339
70
0
0
SEQEND
8
Layer 1
0
POLYLINE
8
Layer 1
62
7
70
0
10
0.000000
20
0.000000
66
1
0
VERTEX
8
Layer 1
10
72.806200
20
275.518373
70
0
0
VERTEX
8
Layer 1
10
73.452209
20
275.385747
70
0
0
VERTEX
8
Layer 1
10
73.979350
20
275.028593
70
0
0
VERTEX
8
Layer 1
10
74.334552
20
274.500173
70
0
0
VERTEX
8
Layer 1
10
74.464746
20
273.853752
70
0
0
VERTEX
8
Layer 1
10
74.334552
20
273.207331
70
0
0
VERTEX
8
Layer 1
10
73.979350
20
272.678912
70
0
0
VERTEX
8
Layer 1
10
73.452209
20
272.321757
70
0
0
VERTEX
8
Layer 1
10
72.806200
20
272.189132
70
0
0
SEQEND
8
Layer 1
0
POLYLINE
8
Layer 1
62
7
70
0
10
0.000000
20
0.000000
66
1
0
VERTEX
8
Layer 1
10
72.806200
20
267.965359
70
0
0
VERTEX
8
Layer 1
10
74.761951
20
267.837804
70
0
0
VERTEX
8
Layer 1
10
76.624712
20
267.464668
70
0
0
VERTEX
8
Layer 1
10
78.342140
20
266.860244
70
0
0
VERTEX
8
Layer 1
10
79.861891
20
266.038822
70
0
0
VERTEX
8
Layer 1
10
81.107990
20
265.037011
70
0
0
VERTEX
8
Layer 1
10
82.024904
20
263.904892
70
0
0
VERTEX
8
Layer 1
10
82.590953
20
262.676970
70
0
0
VERTEX
8
Layer 1
10
82.784454
20
261.387750
70
0
0
SEQEND
8
Layer 1
0
POLYLINE
8
Layer 1
62
7
70
0
10
0.000000
20
0.000000
66
1
0
VERTEX
8
Layer 1
10
102.692450
20
271.656056
70
0
0
VERTEX
8
Layer 1
10
102.367682
20
271.743066
70
0
0
VERTEX
8
Layer 1
10
102.129935
20
271.980781
70
0
0
VERTEX
8
Layer 1
10
102.042914
20
272.305505
70
0
0
VERTEX
8
Layer 1
10
102.129935
20
272.630229
70
0
0
VERTEX
8
Layer 1
10
102.367682
20
272.867944
70
0
0
VERTEX
8
Layer 1
10
102.692450
20
272.954954
70
0
0
SEQEND
8
Layer 1
0
POLYLINE
8
Layer 1
62
7
70
0
10
0.000000
20
0.000000
66
1
0
VERTEX
8
Layer 1
10
117.635575
20
269.433677
70
0
0
VERTEX
8
Layer 1
10
117.925356
20
270.147908
70
0
0
VERTEX
8
Layer 1
10
118.773053
20
270.828179
70
0
0
VERTEX
8
Layer 1
10
120.146195
20
271.455375
70
0
0
VERTEX
8
Layer 1
10
122.012315
20
272.010381
70
0
0
VERTEX
8
Layer 1
10
124.288247
20
272.465450
70
0
0
VERTEX
8
Layer 1
10
126.860214
20
272.800303
70
0
0
VERTEX
8
Layer 1
10
132.578700
20
273.077686
70
0
0
SEQEND
8
Layer 1
0
POLYLINE
8
Layer 1
62
7
70
0
10
0.000000
20
0.000000
66
1
0
VERTEX
8
Layer 1
10
117.635575
20
269.433677
70
0
0
VERTEX
8
Layer 1
10
117.345794
20
268.719447
70
0
0
VERTEX
8
Layer 1
10
116.498097
20
268.039175
70
0
0
VERTEX
8
Layer 1
10
115.124955
20
267.411979
70
0
0
VERTEX
8
Layer 1
10
113.258835
20
266.856974
70
0
0
VERTEX
8
Layer 1
10
110.982903
20
266.401905
70
0
0
VERTEX
8
Layer 1
10
108.410936
20
266.067052
70
0
0
VERTEX
8
Layer 1
10
102.692450
20
265.789668
70
0
0
SEQEND
8
Layer 1
0
POLYLINE
8
Layer 1
62
7
70
0
10
0.000000
20
0.000000
66
1
0
VERTEX
8
Layer 1
10
113.000576
20
261.387750
70
0
0
VERTEX
8
Layer 1
10
113.096379
20
262.069090
70
0
0
VERTEX
8
Layer 1
10
113.380240
20
262.738890
70
0
0
VERTEX
8
Layer 1
10
114.490872
20
264.025788
70
0
0
VERTEX
8
Layer 1
10
116.289931
20
265.212281
70
0
0
VERTEX
8
Layer 1
10
118.734876
20
266.262208
70
0
0
VERTEX
8
Layer 1
10
121.716747
20
267.123081
70
0
0
VERTEX
8
Layer 1
10
125.086476
20
267.756536
70
0
0
VERTEX
8
Layer 1
10
128.741362
20
268.147593
70
0
0
VERTEX
8
Layer 1
10
132.578700
20
268.281274
70
0
0
SEQEND
8
Layer 1
0
POLYLINE
8
Layer 1
62
7
70
0
10
0.000000
20
0.000000
66
1
0
VERTEX
8
Layer 1
10
116.568086
20
261.387750
70
0
0
VERTEX
8
Layer 1
10
116.792003
20
262.496704
70
0
0
VERTEX
8
Layer 1
10
117.402646
20
263.402287
70
0
0
VERTEX
8
Layer 1
10
118.308351
20
264.012848
70
0
0
VERTEX
8
Layer 1
10
119.417453
20
264.236735
70
0
0
VERTEX
8
Layer 1
10
120.526555
20
264.012848
70
0
0
VERTEX
8
Layer 1
10
121.432260
20
263.402287
70
0
0
VERTEX
8
Layer 1
10
122.042903
20
262.496704
70
0
0
VERTEX
8
Layer 1
10
122.266820
20
261.387750
70
0
0
SEQEND
8
Layer 1
0
POLYLINE
8
Layer 1
62
7
70
0
10
0.000000
20
0.000000
66
1
0
VERTEX
8
Layer 1
10
132.578700
20
267.064469
70
0
0
VERTEX
8
Layer 1
10
132.495877
20
267.112281
70
0
0
VERTEX
8
Layer 1
10
132.495877
20
267.207904
70
0
0
VERTEX
8
Layer 1
10
132.578700
20
267.255715
70
0
0
SEQEND
8
Layer 1
0
POLYLINE
8
Layer 1
62
7
70
0
10
0.000000
20
0.000000
66
1
0
VERTEX
8
Layer 1
10
117.635575
20
267.920129
70
0
0
VERTEX
8
Layer 1
10
117.925356
20
268.469109
70
0
0
VERTEX
8
Layer 1
10
118.773053
20
268.991987
70
0
0
VERTEX
8
Layer 1
10
120.146195
20
269.474070
70
0
0
VERTEX
8
Layer 1
10
122.012315
20
269.900664
70
0
0
VERTEX
8
Layer 1
10
126.860214
20
270.507823
70
0
0
VERTEX
8
Layer 1
10
132.578700
20
270.721029
70
0
0
SEQEND
8
Layer 1
0
POLYLINE
8
Layer 1
62
7
70
0
10
0.000000
20
0.000000
66
1
0
VERTEX
8
Layer 1
10
117.635575
20
267.920129
70
0
0
VERTEX
8
Layer 1
10
117.331962
20
267.355654
70
0
0
VERTEX
8
Layer 1
10
116.461233
20
266.829901
70
0
0
VERTEX
8
Layer 1
10
115.083480
20
266.354132
70
0
0
VERTEX
8
Layer 1
10
113.258790
20
265.939610
70
0
0
VERTEX
8
Layer 1
10
108.508958
20
265.339360
70
0
0
VERTEX
8
Layer 1
10
102.692450
20
265.119254
70
0
0
SEQEND
8
Layer 1
0
POLYLINE
8
Layer 1
62
7
70
0
10
0.000000
20
0.000000
66
1
0
VERTEX
8
Layer 1
10
102.692450
20
262.712705
70
0
0
VERTEX
8
Layer 1
10
102.949105
20
262.611849
70
0
0
VERTEX
8
Layer 1
10
103.166686
20
262.324635
70
0
0
VERTEX
8
Layer 1
10
103.363121
20
261.387750
70
0
0
SEQEND
8
Layer 1
0
POLYLINE
8
Layer 1
62
7
70
0
10
0.000000
20
0.000000
66
1
0
VERTEX
8
Layer 1
10
102.692450
20
271.656056
70
0
0
VERTEX
8
Layer 1
10
103.550929
20
271.482760
70
0
0
VERTEX
8
Layer 1
10
104.251972
20
271.010167
70
0
0
VERTEX
8
Layer 1
10
104.724628
20
270.309218
70
0
0
VERTEX
8
Layer 1
10
104.897947
20
269.450854
70
0
0
VERTEX
8
Layer 1
10
104.724628
20
268.592489
70
0
0
VERTEX
8
Layer 1
10
104.251972
20
267.891540
70
0
0
VERTEX
8
Layer 1
10
103.550929
20
267.418947
70
0
0
VERTEX
8
Layer 1
10
102.692450
20
267.245651
70
0
0
SEQEND
8
Layer 1
0
POLYLINE
8
Layer 1
62
7
70
0
10
0.000000
20
0.000000
66
1
0
VERTEX
8
Layer 1
10
102.692450
20
274.298029
70
0
0
VERTEX
8
Layer 1
10
103.167362
20
274.101341
70
0
0
VERTEX
8
Layer 1
10
103.364078
20
273.626492
70
0
0
VERTEX
8
Layer 1
10
103.167362
20
273.151643
70
0
0
VERTEX
8
Layer 1
10
102.692450
20
272.954954
70
0
0
SEQEND
8
Layer 1
0
POLYLINE
8
Layer 1
62
7
70
0
10
0.000000
20
0.000000
66
1
0
VERTEX
8
Layer 1
10
162.464950
20
271.857343
70
0
0
VERTEX
8
Layer 1
10
162.051711
20
272.028489
70
0
0
VERTEX
8
Layer 1
10
161.880542
20
272.441672
70
0
0
VERTEX
8
Layer 1
10
162.051711
20
272.854856
70
0
0
VERTEX
8
Layer 1
10
162.464950
20
273.026002
70
0
0
SEQEND
8
Layer 1
0
POLYLINE
8
Layer 1
62
7
70
0
10
0.000000
20
0.000000
66
1
0
VERTEX
8
Layer 1
10
162.464950
20
263.909166
70
0
0
VERTEX
8
Layer 1
10
162.208219
20
264.057370
70
0
0
VERTEX
8
Layer 1
10
162.208219
20
264.353778
70
0
0
VERTEX
8
Layer 1
10
162.464950
20
264.501982
70
0
0
SEQEND
8
Layer 1
0
POLYLINE
8
Layer 1
62
7
70
0
10
0.000000
20
0.000000
66
1
0
VERTEX
8
Layer 1
10
132.578700
20
267.255715
70
0
0
VERTEX
8
Layer 1
10
136.246187
20
267.141922
70
0
0
VERTEX
8
Layer 1
10
139.739297
20
266.809043
70
0
0
VERTEX
8
Layer 1
10
142.959873
20
266.269828
70
0
0
VERTEX
8
Layer 1
10
145.809758
20
265.537028
70
0
0
VERTEX
8
Layer 1
10
148.146483
20
264.643300
70
0
0
VERTEX
8
Layer 1
10
149.865911
20
263.633323
70
0
0
VERTEX
8
Layer 1
10
150.927383
20
262.537879
70
0
0
VERTEX
8
Layer 1
10
151.198680
20
261.967726
70
0
0
VERTEX
8
Layer 1
10
151.290242
20
261.387750
70
0
0
SEQEND
8
Layer 1
0
POLYLINE
8
Layer 1
62
7
70
0
10
0.000000
20
0.000000
66
1
0
VERTEX
8
Layer 1
10
132.578700
20
267.064469
70
0
0
VERTEX
8
Layer 1
10
134.466792
20
266.954385
70
0
0
VERTEX
8
Layer 1
10
136.265111
20
266.632355
70
0
0
VERTEX
8
Layer 1
10
137.923124
20
266.110714
70
0
0
VERTEX
8
Layer 1
10
139.390299
20
265.401797
70
0
0
VERTEX
8
Layer 1
10
140.593289
20
264.537197
70
0
0
VERTEX
8
Layer 1
10
141.478483
20
263.560136
70
0
0
VERTEX
8
Layer 1
10
142.024949
20
262.500395
70
0
0
VERTEX
8
Layer 1
10
142.211756
20
261.387750
70
0
0
SEQEND
8
Layer 1
0
POLYLINE
8
Layer 1
62
7
70
0
10
0.000000
20
0.000000
66
1
0
VERTEX
8
Layer 1
10
161.380342
20
261.387750
70
0
0
VERTEX
8
Layer 1
10
161.465576
20
267.201156
70
0
0
VERTEX
8
Layer 1
10
161.698016
20
271.948444
70
0
0
VERTEX
8
Layer 1
10
162.042772
20
275.149154
70
0
0
VERTEX
8
Layer 1
10
162.246364
20
276.019399
70
0
0
VERTEX
8
Layer 1
10
162.464950
20
276.322827
70
0
0
SEQEND
8
Layer 1
0
POLYLINE
8
Layer 1
62
7
70
0
10
0.000000
20
0.000000
66
1
0
VERTEX
8
Layer 1
10
162.464950
20
267.265804
70
0
0
VERTEX
8
Layer 1
10
161.588058
20
267.500735
70
0
0
VERTEX
8
Layer 1
10
160.946128
20
268.142579
70
0
0
VERTEX
8
Layer 1
10
160.711165
20
269.019354
70
0
0
VERTEX
8
Layer 1
10
160.946128
20
269.896129
70
0
0
VERTEX
8
Layer 1
10
161.588058
20
270.537973
70
0
0
VERTEX
8
Layer 1
10
162.464950
20
270.772904
70
0
0
SEQEND
8
Layer 1
0
POLYLINE
8
Layer 1
62
7
70
0
10
0.000000
20
0.000000
66
1
0
VERTEX
8
Layer 1
10
132.578700
20
270.721029
70
0
0
VERTEX
8
Layer 1
10
137.267651
20
270.540035
70
0
0
VERTEX
8
Layer 1
10
141.733658
20
270.010575
70
0
0
VERTEX
8
Layer 1
10
145.851225
20
269.152928
70
0
0
VERTEX
8
Layer 1
10
149.494857
20
267.987375
70
0
0
VERTEX
8
Layer 1
10
152.482404
20
266.565858
70
0
0
VERTEX
8
Layer 1
10
153.683466
20
265.782702
70
0
0
VERTEX
8
Layer 1
10
154.680724
20
264.959441
70
0
0
VERTEX
8
Layer 1
10
155.467680
20
264.102195
70
0
0
VERTEX
8
Layer 1
10
156.037836
20
263.217085
70
0
0
VERTEX
8
Layer 1
10
156.384695
20
262.310230
70
0
0
VERTEX
8
Layer 1
10
156.501758
20
261.387750
70
0
0
SEQEND
8
Layer 1
0
POLYLINE
8
Layer 1
62
7
70
0
10
0.000000
20
0.000000
66
1
0
VERTEX
8
Layer 1
10
132.578700
20
268.281274
70
0
0
VERTEX
8
Layer 1
10
136.386656
20
268.147593
70
0
0
VERTEX
8
Layer 1
10
140.013556
20
267.756536
70
0
0
VERTEX
8
Layer 1
10
143.357483
20
267.123081
70
0
0
VERTEX
8
Layer 1
10
146.316522
20
266.262208
70
0
0
VERTEX
8
Layer 1
10
148.742746
20
265.212281
70
0
0
VERTEX
8
Layer 1
10
150.528030
20
264.025788
70
0
0
VERTEX
8
Layer 1
10
151.630157
20
262.738890
70
0
0
VERTEX
8
Layer 1
10
151.911846
20
262.069090
70
0
0
VERTEX
8
Layer 1
10
152.006914
20
261.387750
70
0
0
SEQEND
8
Layer 1
0
POLYLINE
8
Layer 1
62
7
70
0
10
0.000000
20
0.000000
66
1
0
VERTEX
8
Layer 1
10
132.578700
20
273.077686
70
0
0
VERTEX
8
Layer 1
10
137.960979
20
272.850992
70
0
0
VERTEX
8
Layer 1
10
143.087347
20
272.187843
70
0
0
VERTEX
8
Layer 1
10
147.813754
20
271.113640
70
0
0
VERTEX
8
Layer 1
10
151.996148
20
269.653783
70
0
0
VERTEX
8
Layer 1
10
153.820309
20
268.796339
70
0
0
VERTEX
8
Layer 1
10
155.425446
20
267.873333
70
0
0
VERTEX
8
Layer 1
10
156.804102
20
266.892429
70
0
0
VERTEX
8
Layer 1
10
157.948819
20
265.861295
70
0
0
VERTEX
8
Layer 1
10
158.852137
20
264.787594
70
0
0
VERTEX
8
Layer 1
10
159.506599
20
263.678993
70
0
0
VERTEX
8
Layer 1
10
159.904746
20
262.543157
70
0
0
VERTEX
8
Layer 1
10
160.039119
20
261.387750
70
0
0
SEQEND
8
Layer 1
0
POLYLINE
8
Layer 1
62
7
70
0
10
0.000000
20
0.000000
66
1
0
VERTEX
8
Layer 1
10
166.176296
20
261.387750
70
0
0
VERTEX
8
Layer 1
10
166.277330
20
262.909343
70
0
0
VERTEX
8
Layer 1
10
166.573985
20
264.384970
70
0
0
VERTEX
8
Layer 1
10
167.056597
20
265.797890
70
0
0
VERTEX
8
Layer 1
10
167.715499
20
267.131363
70
0
0
VERTEX
8
Layer 1
10
168.541024
20
268.368649
70
0
0
VERTEX
8
Layer 1
10
169.523507
20
269.493008
70
0
0
VERTEX
8
Layer 1
10
170.653280
20
270.487698
70
0
0
VERTEX
8
Layer 1
10
171.920679
20
271.335980
70
0
0
VERTEX
8
Layer 1
10
173.289110
20
272.009291
70
0
0
VERTEX
8
Layer 1
10
174.715539
20
272.490228
70
0
0
VERTEX
8
Layer 1
10
176.180634
20
272.778790
70
0
0
VERTEX
8
Layer 1
10
177.665061
20
272.874977
70
0
0
VERTEX
8
Layer 1
10
179.149488
20
272.778790
70
0
0
VERTEX
8
Layer 1
10
180.614582
20
272.490228
70
0
0
VERTEX
8
Layer 1
10
182.041012
20
272.009291
70
0
0
VERTEX
8
Layer 1
10
183.409443
20
271.335980
70
0
0
VERTEX
8
Layer 1
10
184.676841
20
270.487698
70
0
0
VERTEX
8
Layer 1
10
185.806615
20
269.493008
70
0
0
VERTEX
8
Layer 1
10
186.789098
20
268.368649
70
0
0
VERTEX
8
Layer 1
10
187.614623
20
267.131363
70
0
0
VERTEX
8
Layer 1
10
188.273525
20
265.797890
70
0
0
VERTEX
8
Layer 1
10
188.756136
20
264.384970
70
0
0
VERTEX
8
Layer 1
10
189.052792
20
262.909343
70
0
0
VERTEX
8
Layer 1
10
189.153826
20
261.387750
70
0
0
SEQEND
8
Layer 1
0
POLYLINE
8
Layer 1
62
7
70
0
10
0.000000
20
0.000000
66
1
0
VERTEX
8
Layer 1
10
185.608814
20
261.387750
70
0
0
VERTEX
8
Layer 1
10
185.699677
20
261.837750
70
0
0
VERTEX
8
Layer 1
10
185.947469
20
262.205225
70
0
0
VERTEX
8
Layer 1
10
186.314993
20
262.452983
70
0
0
VERTEX
8
Layer 1
10
186.765053
20
262.543834
70
0
0
VERTEX
8
Layer 1
10
187.215114
20
262.452983
70
0
0
VERTEX
8
Layer 1
10
187.582638
20
262.205225
70
0
0
VERTEX
8
Layer 1
10
187.830430
20
261.837750
70
0
0
VERTEX
8
Layer 1
10
187.921293
20
261.387750
70
0
0
SEQEND
8
Layer 1
0
POLYLINE
8
Layer 1
62
7
70
0
10
0.000000
20
0.000000
66
1
0
VERTEX
8
Layer 1
10
166.461794
20
261.387750
70
0
0
VERTEX
8
Layer 1
10
166.572705
20
262.466488
70
0
0
VERTEX
8
Layer 1
10
166.886424
20
263.470985
70
0
0
VERTEX
8
Layer 1
10
167.381453
20
264.379793
70
0
0
VERTEX
8
Layer 1
10
168.036294
20
265.171462
70
0
0
VERTEX
8
Layer 1
10
168.829450
20
265.824543
70
0
0
VERTEX
8
Layer 1
10
169.739423
20
266.317585
70
0
0
VERTEX
8
Layer 1
10
170.744715
20
266.629141
70
0
0
VERTEX
8
Layer 1
10
171.823829
20
266.737759
70
0
0
VERTEX
8
Layer 1
10
172.902943
20
266.629141
70
0
0
VERTEX
8
Layer 1
10
173.908235
20
266.317585
70
0
0
VERTEX
8
Layer 1
10
174.818208
20
265.824543
70
0
0
VERTEX
8
Layer 1
10
175.611364
20
265.171462
70
0
0
VERTEX
8
Layer 1
10
176.266205
20
264.379793
70
0
0
VERTEX
8
Layer 1
10
176.761235
20
263.470985
70
0
0
VERTEX
8
Layer 1
10
177.074953
20
262.466488
70
0
0
VERTEX
8
Layer 1
10
177.185865
20
261.387750
70
0
0
SEQEND
8
Layer 1
0
POLYLINE
8
Layer 1
62
7
70
0
10
0.000000
20
0.000000
66
1
0
VERTEX
8
Layer 1
10
162.464950
20
276.322827
70
0
0
VERTEX
8
Layer 1
10
163.289267
20
276.101981
70
0
0
VERTEX
8
Layer 1
10
163.892708
20
275.498621
70
0
0
VERTEX
8
Layer 1
10
164.113583
20
274.674414
70
0
0
VERTEX
8
Layer 1
10
163.892708
20
273.850208
70
0
0
VERTEX
8
Layer 1
10
163.289267
20
273.246847
70
0
0
VERTEX
8
Layer 1
10
162.464950
20
273.026002
70
0
0
SEQEND
8
Layer 1
0
POLYLINE
8
Layer 1
62
7
70
0
10
0.000000
20
0.000000
66
1
0
VERTEX
8
Layer 1
10
162.464950
20
271.857343
70
0
0
VERTEX
8
Layer 1
10
162.934599
20
271.586227
70
0
0
VERTEX
8
Layer 1
10
162.934599
20
271.043996
70
0
0
VERTEX
8
Layer 1
10
162.464950
20
270.772880
70
0
0
SEQEND
8
Layer 1
0
POLYLINE
8
Layer 1
62
7
70
0
10
0.000000
20
0.000000
66
1
0
VERTEX
8
Layer 1
10
177.408075
20
270.265145
70
0
0
VERTEX
8
Layer 1
10
177.697836
20
270.853023
70
0
0
VERTEX
8
Layer 1
10
178.545518
20
271.412950
70
0
0
VERTEX
8
Layer 1
10
179.918654
20
271.929192
70
0
0
VERTEX
8
Layer 1
10
181.784773
20
272.386015
70
0
0
VERTEX
8
Layer 1
10
186.632686
20
273.036196
70
0
0
VERTEX
8
Layer 1
10
192.351200
20
273.264510
70
0
0
SEQEND
8
Layer 1
0
POLYLINE
8
Layer 1
62
7
70
0
10
0.000000
20
0.000000
66
1
0
VERTEX
8
Layer 1
10
177.408075
20
270.265145
70
0
0
VERTEX
8
Layer 1
10
177.118294
20
269.677270
70
0
0
VERTEX
8
Layer 1
10
176.270597
20
269.117347
70
0
0
VERTEX
8
Layer 1
10
174.897455
20
268.601109
70
0
0
VERTEX
8
Layer 1
10
173.031335
20
268.144290
70
0
0
VERTEX
8
Layer 1
10
168.183436
20
267.494115
70
0
0
VERTEX
8
Layer 1
10
162.464950
20
267.265804
70
0
0
SEQEND
8
Layer 1
0
POLYLINE
8
Layer 1
62
7
70
0
10
0.000000
20
0.000000
66
1
0
VERTEX
8
Layer 1
10
162.464950
20
264.501982
70
0
0
VERTEX
8
Layer 1
10
162.721681
20
264.353778
70
0
0
VERTEX
8
Layer 1
10
162.721681
20
264.057370
70
0
0
VERTEX
8
Layer 1
10
162.464950
20
263.909166
70
0
0
SEQEND
8
Layer 1
0
POLYLINE
8
Layer 1
62
7
70
0
10
0.000000
20
0.000000
66
1
0
VERTEX
8
Layer 1
10
165.956692
20
261.387750
70
0
0
VERTEX
8
Layer 1
10
167.965854
20
261.539832
70
0
0
VERTEX
8
Layer 1
10
173.687464
20
261.668761
70
0
0
VERTEX
8
Layer 1
10
192.351200
20
261.785160
70
0
0
SEQEND
8
Layer 1
0
POLYLINE
8
Layer 1
62
7
70
0
10
0.000000
20
0.000000
66
1
0
VERTEX
8
Layer 1
10
192.351200
20
263.751053
70
0
0
VERTEX
8
Layer 1
10
191.191211
20
263.904927
70
0
0
VERTEX
8
Layer 1
10
190.128297
20
264.346599
70
0
0
VERTEX
8
Layer 1
10
189.214289
20
265.046150
70
0
0
VERTEX
8
Layer 1
10
188.501018
20
265.973659
70
0
0
VERTEX
8
Layer 1
10
188.054299
20
267.055042
70
0
0
VERTEX
8
Layer 1
10
187.905393
20
268.196265
70
0
0
VERTEX
8
Layer 1
10
188.054299
20
269.337489
70
0
0
VERTEX
8
Layer 1
10
188.501018
20
270.418871
70
0
0
VERTEX
8
Layer 1
10
189.214289
20
271.346381
70
0
0
VERTEX
8
Layer 1
10
190.128297
20
272.045932
70
0
0
VERTEX
8
Layer 1
10
191.191211
20
272.487604
70
0
0
VERTEX
8
Layer 1
10
192.351200
20
272.641477
70
0
0
SEQEND
8
Layer 1
0
POLYLINE
8
Layer 1
62
7
70
0
10
0.000000
20
0.000000
66
1
0
VERTEX
8
Layer 1
10
192.351200
20
267.275868
70
0
0
VERTEX
8
Layer 1
10
192.327927
20
267.289303
70
0
0
VERTEX
8
Layer 1
10
192.327927
20
267.316173
70
0
0
VERTEX
8
Layer 1
10
192.351200
20
267.329608
70
0
0
SEQEND
8
Layer 1
0
POLYLINE
8
Layer 1
62
7
70
0
10
0.000000
20
0.000000
66
1
0
VERTEX
8
Layer 1
10
192.351200
20
273.483678
70
0
0
VERTEX
8
Layer 1
10
190.170144
20
273.772996
70
0
0
VERTEX
8
Layer 1
10
188.171614
20
274.603445
70
0
0
VERTEX
8
Layer 1
10
186.453063
20
275.918767
70
0
0
VERTEX
8
Layer 1
10
185.111945
20
277.662705
70
0
0
VERTEX
8
Layer 1
10
184.272007
20
279.695961
70
0
0
VERTEX
8
Layer 1
10
183.992028
20
281.841732
70
0
0
VERTEX
8
Layer 1
10
184.272007
20
283.987503
70
0
0
VERTEX
8
Layer 1
10
185.111945
20
286.020758
70
0
0
VERTEX
8
Layer 1
10
186.453063
20
287.764696
70
0
0
VERTEX
8
Layer 1
10
188.171614
20
289.080018
70
0
0
VERTEX
8
Layer 1
10
190.170144
20
289.910467
70
0
0
VERTEX
8
Layer 1
10
192.351200
20
290.199785
70
0
0
SEQEND
8
Layer 1
0
POLYLINE
8
Layer 1
62
7
70
0
10
0.000000
20
0.000000
66
1
0
VERTEX
8
Layer 1
10
212.083585
20
261.387750
70
0
0
VERTEX
8
Layer 1
10
212.280491
20
261.619147
70
0
0
VERTEX
8
Layer 1
10
212.856502
20
261.839541
70
0
0
VERTEX
8
Layer 1
10
215.057583
20
262.222552
70
0
0
VERTEX
8
Layer 1
10
218.351734
20
262.478471
70
0
0
VERTEX
8
Layer 1
10
222.237450
20
262.568338
70
0
0
SEQEND
8
Layer 1
0
POLYLINE
8
Layer 1
62
7
70
0
10
0.000000
20
0.000000
66
1
0
VERTEX
8
Layer 1
10
192.351200
20
290.199785
70
0
0
VERTEX
8
Layer 1
10
194.233347
20
290.074845
70
0
0
VERTEX
8
Layer 1
10
196.058635
20
289.707992
70
0
0
VERTEX
8
Layer 1
10
197.806357
20
289.111182
70
0
0
VERTEX
8
Layer 1
10
199.455807
20
288.296366
70
0
0
VERTEX
8
Layer 1
10
200.986277
20
287.275500
70
0
0
VERTEX
8
Layer 1
10
202.377061
20
286.060535
70
0
0
VERTEX
8
Layer 1
10
203.607451
20
284.663427
70
0
0
VERTEX
8
Layer 1
10
204.656741
20
283.096129
70
0
0
VERTEX
8
Layer 1
10
205.489598
20
281.403890
70
0
0
VERTEX
8
Layer 1
10
206.084496
20
279.639929
70
0
0
VERTEX
8
Layer 1
10
206.441435
20
277.828155
70
0
0
VERTEX
8
Layer 1
10
206.560414
20
275.992473
70
0
0
VERTEX
8
Layer 1
10
206.441435
20
274.156791
70
0
0
VERTEX
8
Layer 1
10
206.084496
20
272.345016
70
0
0
VERTEX
8
Layer 1
10
205.489598
20
270.581055
70
0
0
VERTEX
8
Layer 1
10
204.656741
20
268.888816
70
0
0
VERTEX
8
Layer 1
10
203.607451
20
267.321518
70
0
0
VERTEX
8
Layer 1
10
202.377061
20
265.924410
70
0
0
VERTEX
8
Layer 1
10
200.986277
20
264.709446
70
0
0
VERTEX
8
Layer 1
10
199.455807
20
263.688579
70
0
0
VERTEX
8
Layer 1
10
197.806357
20
262.873764
70
0
0
VERTEX
8
Layer 1
10
196.058635
20
262.276953
70
0
0
VERTEX
8
Layer 1
10
194.233347
20
261.910100
70
0
0
VERTEX
8
Layer 1
10
192.351200
20
261.785160
70
0
0
SEQEND
8
Layer 1
0
POLYLINE
8
Layer 1
62
7
70
0
10
0.000000
20
0.000000
66
1
0
VERTEX
8
Layer 1
10
192.351200
20
273.264510
70
0
0
VERTEX
8
Layer 1
10
192.571505
20
273.173269
70
0
0
VERTEX
8
Layer 1
10
192.662758
20
272.952994
70
0
0
VERTEX
8
Layer 1
10
192.571505
20
272.732718
70
0
0
VERTEX
8
Layer 1
10
192.351200
20
272.641477
70
0
0
SEQEND
8
Layer 1
0
POLYLINE
8
Layer 1
62
7
70
0
10
0.000000
20
0.000000
66
1
0
VERTEX
8
Layer 1
10
192.351200
20
267.329608
70
0
0
VERTEX
8
Layer 1
10
192.374473
20
267.316173
70
0
0
VERTEX
8
Layer 1
10
192.374473
20
267.289303
70
0
0
VERTEX
8
Layer 1
10
192.351200
20
267.275868
70
0
0
SEQEND
8
Layer 1
0
POLYLINE
8
Layer 1
62
7
70
0
10
0.000000
20
0.000000
66
1
0
VERTEX
8
Layer 1
10
192.351200
20
273.483678
70
0
0
VERTEX
8
Layer 1
10
193.621077
20
273.315229
70
0
0
VERTEX
8
Layer 1
10
194.784682
20
272.831716
70
0
0
VERTEX
8
Layer 1
10
195.785275
20
272.065896
70
0
0
VERTEX
8
Layer 1
10
196.566114
20
271.050522
70
0
0
VERTEX
8
Layer 1
10
197.055151
20
269.866699
70
0
0
VERTEX
8
Layer 1
10
197.218164
20
268.617366
70
0
0
VERTEX
8
Layer 1
10
197.055151
20
267.368033
70
0
0
VERTEX
8
Layer 1
10
196.566114
20
266.184210
70
0
0
VERTEX
8
Layer 1
10
195.785275
20
265.168836
70
0
0
VERTEX
8
Layer 1
10
194.784682
20
264.403016
70
0
0
VERTEX
8
Layer 1
10
193.621077
20
263.919503
70
0
0
VERTEX
8
Layer 1
10
192.351200
20
263.751053
70
0
0
SEQEND
8
Layer 1
0
POLYLINE
8
Layer 1
62
7
70
0
10
0.000000
20
0.000000
66
1
0
VERTEX
8
Layer 1
10
202.969641
20
261.387750
70
0
0
VERTEX
8
Layer 1
10
203.063925
20
262.807886
70
0
0
VERTEX
8
Layer 1
10
203.343288
20
264.203969
70
0
0
VERTEX
8
Layer 1
10
203.802496
20
265.566576
70
0
0
VERTEX
8
Layer 1
10
204.436316
20
266.886286
70
0
0
VERTEX
8
Layer 1
10
205.239515
20
268.153676
70
0
0
VERTEX
8
Layer 1
10
206.206859
20
269.359327
70
0
0
VERTEX
8
Layer 1
10
207.333116
20
270.493815
70
0
0
VERTEX
8
Layer 1
10
208.613052
20
271.547719
70
0
0
VERTEX
8
Layer 1
10
210.026325
20
272.502191
70
0
0
VERTEX
8
Layer 1
10
211.547660
20
273.342062
70
0
0
VERTEX
8
Layer 1
10
214.863979
20
274.662389
70
0
0
VERTEX
8
Layer 1
10
218.460934
20
275.477481
70
0
0
VERTEX
8
Layer 1
10
222.237450
20
275.756116
70
0
0
SEQEND
8
Layer 1
0
POLYLINE
8
Layer 1
62
7
70
0
10
0.000000
20
0.000000
66
1
0
VERTEX
8
Layer 1
10
205.594036
20
261.387750
70
0
0
VERTEX
8
Layer 1
10
205.675478
20
261.970715
70
0
0
VERTEX
8
Layer 1
10
205.916790
20
262.543806
70
0
0
VERTEX
8
Layer 1
10
206.860941
20
263.644896
70
0
0
VERTEX
8
Layer 1
10
208.390325
20
264.660078
70
0
0
VERTEX
8
Layer 1
10
210.468779
20
265.558412
70
0
0
VERTEX
8
Layer 1
10
213.003676
20
266.294988
70
0
0
VERTEX
8
Layer 1
10
215.868291
20
266.836982
70
0
0
VERTEX
8
Layer 1
10
218.975319
20
267.171577
70
0
0
VERTEX
8
Layer 1
10
222.237450
20
267.285956
70
0
0
SEQEND
8
Layer 1
0
POLYLINE
8
Layer 1
62
7
70
0
10
0.000000
20
0.000000
66
1
0
VERTEX
8
Layer 1
10
194.720941
20
261.387750
70
0
0
VERTEX
8
Layer 1
10
194.823320
20
261.769783
70
0
0
VERTEX
8
Layer 1
10
195.103024
20
262.049450
70
0
0
VERTEX
8
Layer 1
10
195.485108
20
262.151815
70
0
0
VERTEX
8
Layer 1
10
195.867192
20
262.049450
70
0
0
VERTEX
8
Layer 1
10
196.146897
20
261.769783
70
0
0
VERTEX
8
Layer 1
10
196.249276
20
261.387750
70
0
0
SEQEND
8
Layer 1
0
POLYLINE
8
Layer 1
62
7
70
0
10
0.000000
20
0.000000
66
1
0
VERTEX
8
Layer 1
10
233.020146
20
261.387750
70
0
0
VERTEX
8
Layer 1
10
233.169917
20
262.516516
70
0
0
VERTEX
8
Layer 1
10
233.599816
20
263.550819
70
0
0
VERTEX
8
Layer 1
10
234.280719
20
264.440223
70
0
0
VERTEX
8
Layer 1
10
235.183504
20
265.134295
70
0
0
VERTEX
8
Layer 1
10
236.236060
20
265.568989
70
0
0
VERTEX
8
Layer 1
10
237.346862
20
265.713887
70
0
0
VERTEX
8
Layer 1
10
238.457664
20
265.568989
70
0
0
VERTEX
8
Layer 1
10
239.510220
20
265.134295
70
0
0
VERTEX
8
Layer 1
10
240.413005
20
264.440223
70
0
0
VERTEX
8
Layer 1
10
241.093908
20
263.550819
70
0
0
VERTEX
8
Layer 1
10
241.523807
20
262.516516
70
0
0
VERTEX
8
Layer 1
10
241.673578
20
261.387750
70
0
0
SEQEND
8
Layer 1
0
POLYLINE
8
Layer 1
62
7
70
0
10
0.000000
20
0.000000
66
1
0
VERTEX
8
Layer 1
10
222.237450
20
262.568338
70
0
0
VERTEX
8
Layer 1
10
223.689378
20
262.478471
70
0
0
VERTEX
8
Layer 1
10
224.920264
20
262.222552
70
0
0
VERTEX
8
Layer 1
10
225.742715
20
261.839541
70
0
0
VERTEX
8
Layer 1
10
226.031521
20
261.387750
70
0
0
SEQEND
8
Layer 1
0
POLYLINE
8
Layer 1
62
7
70
0
10
0.000000
20
0.000000
66
1
0
VERTEX
8
Layer 1
10
222.237450
20
275.756116
70
0
0
VERTEX
8
Layer 1
10
223.091080
20
275.670074
70
0
0
VERTEX
8
Layer 1
10
223.886155
20
275.423302
70
0
0
VERTEX
8
Layer 1
10
224.605640
20
275.032831
70
0
0
VERTEX
8
Layer 1
10
225.232504
20
274.515690
70
0
0
VERTEX
8
Layer 1
10
225.749714
20
273.888909
70
0
0
VERTEX
8
Layer 1
10
226.140238
20
273.169520
70
0
0
VERTEX
8
Layer 1
10
226.387043
20
272.374552
70
0
0
VERTEX
8
Layer 1
10
226.473096
20
271.521036
70
0
0
VERTEX
8
Layer 1
10
226.387043
20
270.667520
70
0
0
VERTEX
8
Layer 1
10
226.140238
20
269.872552
70
0
0
VERTEX
8
Layer 1
10
225.749714
20
269.153163
70
0
0
VERTEX
8
Layer 1
10
225.232504
20
268.526383
70
0
0
VERTEX
8
Layer 1
10
224.605640
20
268.009242
70
0
0
VERTEX
8
Layer 1
10
223.886155
20
267.618770
70
0
0
VERTEX
8
Layer 1
10
223.091080
20
267.371998
70
0
0
VERTEX
8
Layer 1
10
222.237450
20
267.285956
70
0
0
SEQEND
8
Layer 1
0
POLYLINE
8
Layer 1
62
7
70
0
10
0.000000
20
0.000000
66
1
0
VERTEX
8
Layer 1
10
228.833154
20
261.387750
70
0
0
VERTEX
8
Layer 1
10
229.065545
20
263.139187
70
0
0
VERTEX
8
Layer 1
10
229.732593
20
264.744053
70
0
0
VERTEX
8
Layer 1
10
230.789109
20
266.124088
70
0
0
VERTEX
8
Layer 1
10
232.189906
20
267.201037
70
0
0
VERTEX
8
Layer 1
10
233.823094
20
267.875526
70
0
0
VERTEX
8
Layer 1
10
235.546658
20
268.100355
70
0
0
VERTEX
8
Layer 1
10
237.270222
20
267.875526
70
0
0
VERTEX
8
Layer 1
10
238.903410
20
267.201037
70
0
0
VERTEX
8
Layer 1
10
240.304206
20
266.124088
70
0
0
VERTEX
8
Layer 1
10
241.360723
20
264.744053
70
0
0
VERTEX
8
Layer 1
10
242.027770
20
263.139187
70
0
0
VERTEX
8
Layer 1
10
242.260162
20
261.387750
70
0
0
SEQEND
8
Layer 1
0
POLYLINE
8
Layer 1
62
7
70
0
10
0.000000
20
0.000000
66
1
0
VERTEX
8
Layer 1
10
42.919950
20
235.038586
70
0
0
VERTEX
8
Layer 1
10
41.399632
20
235.194380
70
0
0
VERTEX
8
Layer 1
10
39.983890
20
235.636004
70
0
0
VERTEX
8
Layer 1
10
38.702971
20
236.333163
70
0
0
VERTEX
8
Layer 1
10
37.587121
20
237.255560
70
0
0
VERTEX
8
Layer 1
10
36.666587
20
238.372900
70
0
0
VERTEX
8
Layer 1
10
35.971614
20
239.654886
70
0
0
VERTEX
8
Layer 1
10
35.532450
20
241.071222
70
0
0
VERTEX
8
Layer 1
10
35.379341
20
242.591612
70
0
0
VERTEX
8
Layer 1
10
35.532450
20
244.112001
70
0
0
VERTEX
8
Layer 1
10
35.971614
20
245.528337
70
0
0
VERTEX
8
Layer 1
10
36.666587
20
246.810323
70
0
0
VERTEX
8
Layer 1
10
37.587121
20
247.927663
70
0
0
VERTEX
8
Layer 1
10
38.702971
20
248.850060
70
0
0
VERTEX
8
Layer 1
10
39.983890
20
249.547219
70
0
0
VERTEX
8
Layer 1
10
41.399632
20
249.988844
70
0
0
VERTEX
8
Layer 1
10
42.919950
20
250.144637
70
0
0
SEQEND
8
Layer 1
0
POLYLINE
8
Layer 1
62
7
70
0
10
0.000000
20
0.000000
66
1
0
VERTEX
8
Layer 1
10
42.919950
20
236.291369
70
0
0
VERTEX
8
Layer 1
10
42.244457
20
236.380974
70
0
0
VERTEX
8
Layer 1
10
41.625493
20
236.638172
70
0
0
VERTEX
8
Layer 1
10
41.093241
20
237.045539
70
0
0
VERTEX
8
Layer 1
10
40.677884
20
237.585653
70
0
0
VERTEX
8
Layer 1
10
40.417748
20
238.215372
70
0
0
VERTEX
8
Layer 1
10
40.331036
20
238.879937
70
0
0
VERTEX
8
Layer 1
10
40.417748
20
239.544503
70
0
0
VERTEX
8
Layer 1
10
40.677884
20
240.174221
70
0
0
VERTEX
8
Layer 1
10
41.093241
20
240.714335
70
0
0
VERTEX
8
Layer 1
10
41.625493
20
241.121703
70
0
0
VERTEX
8
Layer 1
10
42.244457
20
241.378901
70
0
0
VERTEX
8
Layer 1
10
42.919950
20
241.468505
70
0
0
SEQEND
8
Layer 1
0
POLYLINE
8
Layer 1
62
7
70
0
10
0.000000
20
0.000000
66
1
0
VERTEX
8
Layer 1
10
27.185222
20
261.387750
70
0
0
VERTEX
8
Layer 1
10
27.068240
20
260.818713
70
0
0
VERTEX
8
Layer 1
10
26.753468
20
260.354404
70
0
0
VERTEX
8
Layer 1
10
26.287830
20
260.041552
70
0
0
VERTEX
8
Layer 1
10
25.718249
20
259.926883
70
0
0
VERTEX
8
Layer 1
10
25.148669
20
260.041552
70
0
0
VERTEX
8
Layer 1
10
24.683031
20
260.354404
70
0
0
VERTEX
8
Layer 1
10
24.368259
20
260.818713
70
0
0
VERTEX
8
Layer 1
10
24.251277
20
261.387750
70
0
0
SEQEND
8
Layer 1
0
POLYLINE
8
Layer 1
62
7
70
0
10
0.000000
20
0.000000
66
1
0
VERTEX
8
Layer 1
10
25.566583
20
231.505500
70
0
0
VERTEX
8
Layer 1
10
25.702075
20
237.223221
70
0
0
VERTEX
8
Layer 1
10
26.087926
20
242.070471
70
0
0
VERTEX
8
Layer 1
10
26.665392
20
245.309300
70
0
0
VERTEX
8
Layer 1
10
26.997682
20
246.156883
70
0
0
VERTEX
8
Layer 1
10
27.346560
20
246.446625
70
0
0
SEQEND
8
Layer 1
0
POLYLINE
8
Layer 1
62
7
70
0
10
0.000000
20
0.000000
66
1
0
VERTEX
8
Layer 1
10
29.126513
20
261.387750
70
0
0
VERTEX
8
Layer 1
10
28.986636
20
255.572039
70
0
0
VERTEX
8
Layer 1
10
28.605178
20
250.822850
70
0
0
VERTEX
8
Layer 1
10
28.039400
20
247.620830
70
0
0
VERTEX
8
Layer 1
10
27.705284
20
246.750211
70
0
0
VERTEX
8
Layer 1
10
27.346560
20
246.446625
70
0
0
SEQEND
8
Layer 1
0
POLYLINE
8
Layer 1
62
7
70
0
10
0.000000
20
0.000000
66
1
0
VERTEX
8
Layer 1
10
39.246021
20
261.387750
70
0
0
VERTEX
8
Layer 1
10
39.161765
20
260.552057
70
0
0
VERTEX
8
Layer 1
10
38.920114
20
259.773691
70
0
0
VERTEX
8
Layer 1
10
38.537745
20
259.069324
70
0
0
VERTEX
8
Layer 1
10
38.031336
20
258.455633
70
0
0
VERTEX
8
Layer 1
10
37.417562
20
257.949291
70
0
0
VERTEX
8
Layer 1
10
36.713102
20
257.566973
70
0
0
VERTEX
8
Layer 1
10
35.934630
20
257.325355
70
0
0
VERTEX
8
Layer 1
10
35.098826
20
257.241110
70
0
0
VERTEX
8
Layer 1
10
34.263021
20
257.325355
70
0
0
VERTEX
8
Layer 1
10
33.484550
20
257.566973
70
0
0
VERTEX
8
Layer 1
10
32.780090
20
257.949291
70
0
0
VERTEX
8
Layer 1
10
32.166316
20
258.455633
70
0
0
VERTEX
8
Layer 1
10
31.659906
20
259.069324
70
0
0
VERTEX
8
Layer 1
10
31.277538
20
259.773691
70
0
0
VERTEX
8
Layer 1
10
31.035887
20
260.552057
70
0
0
VERTEX
8
Layer 1
10
30.951631
20
261.387750
70
0
0
SEQEND
8
Layer 1
0
POLYLINE
8
Layer 1
62
7
70
0
10
0.000000
20
0.000000
66
1
0
VERTEX
8
Layer 1
10
32.793437
20
261.387750
70
0
0
VERTEX
8
Layer 1
10
32.610573
20
260.952090
70
0
0
VERTEX
8
Layer 1
10
32.173727
20
260.771960
70
0
0
VERTEX
8
Layer 1
10
31.736881
20
260.952090
70
0
0
VERTEX
8
Layer 1
10
31.554018
20
261.387750
70
0
0
SEQEND
8
Layer 1
0
POLYLINE
8
Layer 1
62
7
70
0
10
0.000000
20
0.000000
66
1
0
VERTEX
8
Layer 1
10
42.919950
20
254.307545
70
0
0
VERTEX
8
Layer 1
10
42.179623
20
254.459367
70
0
0
VERTEX
8
Layer 1
10
41.575489
20
254.868551
70
0
0
VERTEX
8
Layer 1
10
41.168391
20
255.474049
70
0
0
VERTEX
8
Layer 1
10
41.019172
20
256.214810
70
0
0
VERTEX
8
Layer 1
10
41.168391
20
256.955571
70
0
0
VERTEX
8
Layer 1
10
41.575489
20
257.561068
70
0
0
VERTEX
8
Layer 1
10
42.179623
20
257.970253
70
0
0
VERTEX
8
Layer 1
10
42.919950
20
258.122074
70
0
0
SEQEND
8
Layer 1
0
POLYLINE
8
Layer 1
62
7
70
0
10
0.000000
20
0.000000
66
1
0
VERTEX
8
Layer 1
10
31.533074
20
231.505500
70
0
0
VERTEX
8
Layer 1
10
31.678378
20
231.856249
70
0
0
VERTEX
8
Layer 1
10
32.029173
20
232.001533
70
0
0
VERTEX
8
Layer 1
10
32.379969
20
231.856249
70
0
0
VERTEX
8
Layer 1
10
32.525273
20
231.505500
70
0
0
SEQEND
8
Layer 1
0
POLYLINE
8
Layer 1
62
7
70
0
10
0.000000
20
0.000000
66
1
0
VERTEX
8
Layer 1
10
34.804590
20
231.505500
70
0
0
VERTEX
8
Layer 1
10
34.961965
20
236.926830
70
0
0
VERTEX
8
Layer 1
10
35.422335
20
242.090392
70
0
0
VERTEX
8
Layer 1
10
36.168066
20
246.851091
70
0
0
VERTEX
8
Layer 1
10
37.181524
20
251.063830
70
0
0
VERTEX
8
Layer 1
10
38.417544
20
254.518009
70
0
0
VERTEX
8
Layer 1
10
39.814336
20
257.059690
70
0
0
VERTEX
8
Layer 1
10
40.559718
20
257.969563
70
0
0
VERTEX
8
Layer 1
10
41.329329
20
258.628773
70
0
0
VERTEX
8
Layer 1
10
42.117846
20
259.029808
70
0
0
VERTEX
8
Layer 1
10
42.919950
20
259.165156
70
0
0
SEQEND
8
Layer 1
0
POLYLINE
8
Layer 1
62
7
70
0
10
0.000000
20
0.000000
66
1
0
VERTEX
8
Layer 1
10
61.184513
20
231.505500
70
0
0
VERTEX
8
Layer 1
10
61.409884
20
232.967936
70
0
0
VERTEX
8
Layer 1
10
62.069162
20
234.360838
70
0
0
VERTEX
8
Layer 1
10
63.137093
20
235.645066
70
0
0
VERTEX
8
Layer 1
10
64.588427
20
236.781477
70
0
0
VERTEX
8
Layer 1
10
66.358482
20
237.713263
70
0
0
VERTEX
8
Layer 1
10
68.358773
20
238.398897
70
0
0
VERTEX
8
Layer 1
10
70.528334
20
238.822166
70
0
0
VERTEX
8
Layer 1
10
72.806200
20
238.966859
70
0
0
SEQEND
8
Layer 1
0
POLYLINE
8
Layer 1
62
7
70
0
10
0.000000
20
0.000000
66
1
0
VERTEX
8
Layer 1
10
64.972536
20
231.505500
70
0
0
VERTEX
8
Layer 1
10
65.072401
20
232.258141
70
0
0
VERTEX
8
Layer 1
10
65.359050
20
232.947797
70
0
0
VERTEX
8
Layer 1
10
65.813064
20
233.540836
70
0
0
VERTEX
8
Layer 1
10
66.415025
20
234.003631
70
0
0
VERTEX
8
Layer 1
10
67.116852
20
234.293478
70
0
0
VERTEX
8
Layer 1
10
67.857515
20
234.390093
70
0
0
VERTEX
8
Layer 1
10
68.598179
20
234.293478
70
0
0
VERTEX
8
Layer 1
10
69.300005
20
234.003631
70
0
0
VERTEX
8
Layer 1
10
69.901966
20
233.540836
70
0
0
VERTEX
8
Layer 1
10
70.355981
20
232.947797
70
0
0
VERTEX
8
Layer 1
10
70.642630
20
232.258141
70
0
0
VERTEX
8
Layer 1
10
70.742495
20
231.505500
70
0
0
SEQEND
8
Layer 1
0
POLYLINE
8
Layer 1
62
7
70
0
10
0.000000
20
0.000000
66
1
0
VERTEX
8
Layer 1
10
65.115870
20
231.505500
70
0
0
VERTEX
8
Layer 1
10
65.390807
20
232.531441
70
0
0
VERTEX
8
Layer 1
10
66.141949
20
233.282482
70
0
0
VERTEX
8
Layer 1
10
67.168027
20
233.557383
70
0
0
VERTEX
8
Layer 1
10
68.194106
20
233.282482
70
0
0
VERTEX
8
Layer 1
10
68.945248
20
232.531441
70
0
0
VERTEX
8
Layer 1
10
69.220185
20
231.505500
70
0
0
SEQEND
8
Layer 1
0
POLYLINE
8
Layer 1
62
7
70
0
10
0.000000
20
0.000000
66
1
0
VERTEX
8
Layer 1
10
66.121961
20
231.505500
70
0
0
VERTEX
8
Layer 1
10
66.157023
20
231.566222
70
0
0
VERTEX
8
Layer 1
10
66.227149
20
231.566222
70
0
0
VERTEX
8
Layer 1
10
66.262211
20
231.505500
70
0
0
SEQEND
8
Layer 1
0
POLYLINE
8
Layer 1
62
7
70
0
10
0.000000
20
0.000000
66
1
0
VERTEX
8
Layer 1
10
72.806200
20
232.681665
70
0
0
VERTEX
8
Layer 1
10
72.475218
20
232.872732
70
0
0
VERTEX
8
Layer 1
10
72.475218
20
233.254867
70
0
0
VERTEX
8
Layer 1
10
72.806200
20
233.445934
70
0
0
SEQEND
8
Layer 1
0
POLYLINE
8
Layer 1
62
7
70
0
10
0.000000
20
0.000000
66
1
0
VERTEX
8
Layer 1
10
71.932422
20
231.505500
70
0
0
VERTEX
8
Layer 1
10
72.188345
20
231.541877
70
0
0
VERTEX
8
Layer 1
10
72.806200
20
231.556945
70
0
0
SEQEND
8
Layer 1
0
POLYLINE
8
Layer 1
62
7
70
0
10
0.000000
20
0.000000
66
1
0
VERTEX
8
Layer 1
10
61.762681
20
231.505500
70
0
0
VERTEX
8
Layer 1
10
61.976840
20
231.965168
70
0
0
VERTEX
8
Layer 1
10
62.603319
20
232.402981
70
0
0
VERTEX
8
Layer 1
10
63.618122
20
232.806635
70
0
0
VERTEX
8
Layer 1
10
64.997253
20
233.163829
70
0
0
VERTEX
8
Layer 1
10
68.580028
20
233.672211
70
0
0
VERTEX
8
Layer 1
10
72.806200
20
233.850731
70
0
0
SEQEND
8
Layer 1
0
POLYLINE
8
Layer 1
62
7
70
0
10
0.000000
20
0.000000
66
1
0
VERTEX
8
Layer 1
10
72.806200
20
252.605620
70
0
0
VERTEX
8
Layer 1
10
67.087714
20
252.855276
70
0
0
VERTEX
8
Layer 1
10
64.515747
20
253.156657
70
0
0
VERTEX
8
Layer 1
10
62.239815
20
253.566238
70
0
0
VERTEX
8
Layer 1
10
60.373695
20
254.065766
70
0
0
VERTEX
8
Layer 1
10
59.000553
20
254.630268
70
0
0
VERTEX
8
Layer 1
10
58.152856
20
255.242539
70
0
0
VERTEX
8
Layer 1
10
57.863075
20
255.885376
70
0
0
SEQEND
8
Layer 1
0
POLYLINE
8
Layer 1
62
7
70
0
10
0.000000
20
0.000000
66
1
0
VERTEX
8
Layer 1
10
42.919950
20
259.165156
70
0
0
VERTEX
8
Layer 1
10
48.638462
20
258.915497
70
0
0
VERTEX
8
Layer 1
10
51.210437
20
258.614114
70
0
0
VERTEX
8
Layer 1
10
53.486374
20
258.204529
70
0
0
VERTEX
8
Layer 1
10
55.352492
20
257.704998
70
0
0
VERTEX
8
Layer 1
10
56.725629
20
257.140492
70
0
0
VERTEX
8
Layer 1
10
57.573313
20
256.528216
70
0
0
VERTEX
8
Layer 1
10
57.863075
20
255.885376
70
0
0
SEQEND
8
Layer 1
0
POLYLINE
8
Layer 1
62
7
70
0
10
0.000000
20
0.000000
66
1
0
VERTEX
8
Layer 1
10
72.806200
20
253.527499
70
0
0
VERTEX
8
Layer 1
10
70.498511
20
253.679927
70
0
0
VERTEX
8
Layer 1
10
68.300545
20
254.125825
70
0
0
VERTEX
8
Layer 1
10
66.274066
20
254.848114
70
0
0
VERTEX
8
Layer 1
10
64.480835
20
255.829713
70
0
0
VERTEX
8
Layer 1
10
63.010500
20
257.026879
70
0
0
VERTEX
8
Layer 1
10
61.928587
20
258.379762
70
0
0
VERTEX
8
Layer 1
10
61.260678
20
259.847130
70
0
0
VERTEX
8
Layer 1
10
61.032356
20
261.387750
70
0
0
SEQEND
8
Layer 1
0
POLYLINE
8
Layer 1
62
7
70
0
10
0.000000
20
0.000000
66
1
0
VERTEX
8
Layer 1
10
72.806200
20
259.517456
70
0
0
VERTEX
8
Layer 1
10
70.430183
20
259.659823
70
0
0
VERTEX
8
Layer 1
10
68.415892
20
260.065252
70
0
0
VERTEX
8
Layer 1
10
67.069987
20
260.672019
70
0
0
VERTEX
8
Layer 1
10
66.717771
20
261.021170
70
0
0
VERTEX
8
Layer 1
10
66.597367
20
261.387750
70
0
0
SEQEND
8
Layer 1
0
POLYLINE
8
Layer 1
62
7
70
0
10
0.000000
20
0.000000
66
1
0
VERTEX
8
Layer 1
10
72.806200
20
256.972062
70
0
0
VERTEX
8
Layer 1
10
72.386047
20
257.084626
70
0
0
VERTEX
8
Layer 1
10
72.078474
20
257.392158
70
0
0
VERTEX
8
Layer 1
10
71.965894
20
257.812255
70
0
0
VERTEX
8
Layer 1
10
72.078474
20
258.232352
70
0
0
VERTEX
8
Layer 1
10
72.386047
20
258.539884
70
0
0
VERTEX
8
Layer 1
10
72.806200
20
258.652448
70
0
0
SEQEND
8
Layer 1
0
POLYLINE
8
Layer 1
62
7
70
0
10
0.000000
20
0.000000
66
1
0
VERTEX
8
Layer 1
10
54.026039
20
261.387750
70
0
0
VERTEX
8
Layer 1
10
53.866680
20
260.186727
70
0
0
VERTEX
8
Layer 1
10
53.409262
20
259.086213
70
0
0
VERTEX
8
Layer 1
10
52.684771
20
258.139873
70
0
0
VERTEX
8
Layer 1
10
51.724194
20
257.401371
70
0
0
VERTEX
8
Layer 1
10
50.604259
20
256.938850
70
0
0
VERTEX
8
Layer 1
10
49.422349
20
256.784676
70
0
0
VERTEX
8
Layer 1
10
48.240440
20
256.938850
70
0
0
VERTEX
8
Layer 1
10
47.120504
20
257.401371
70
0
0
VERTEX
8
Layer 1
10
46.159928
20
258.139873
70
0
0
VERTEX
8
Layer 1
10
45.435437
20
259.086213
70
0
0
VERTEX
8
Layer 1
10
44.978018
20
260.186727
70
0
0
VERTEX
8
Layer 1
10
44.818659
20
261.387750
70
0
0
SEQEND
8
Layer 1
0
POLYLINE
8
Layer 1
62
7
70
0
10
0.000000
20
0.000000
66
1
0
VERTEX
8
Layer 1
10
55.341536
20
261.387750
70
0
0
VERTEX
8
Layer 1
10
55.226527
20
260.247032
70
0
0
VERTEX
8
Layer 1
10
54.896674
20
259.184563
70
0
0
VERTEX
8
Layer 1
10
54.374742
20
258.223105
70
0
0
VERTEX
8
Layer 1
10
53.683494
20
257.385418
70
0
0
VERTEX
8
Layer 1
10
52.845695
20
256.694263
70
0
0
VERTEX
8
Layer 1
10
51.884108
20
256.172401
70
0
0
VERTEX
8
Layer 1
10
50.821497
20
255.842592
70
0
0
VERTEX
8
Layer 1
10
49.680626
20
255.727598
70
0
0
VERTEX
8
Layer 1
10
48.539755
20
255.842592
70
0
0
VERTEX
8
Layer 1
10
47.477145
20
256.172401
70
0
0
VERTEX
8
Layer 1
10
46.515558
20
256.694263
70
0
0
VERTEX
8
Layer 1
10
45.677758
20
257.385418
70
0
0
VERTEX
8
Layer 1
10
44.986511
20
258.223105
70
0
0
VERTEX
8
Layer 1
10
44.464579
20
259.184563
70
0
0
VERTEX
8
Layer 1
10
44.134726
20
260.247032
70
0
0
VERTEX
8
Layer 1
10
44.019716
20
261.387750
70
0
0
SEQEND
8
Layer 1
0
POLYLINE
8
Layer 1
62
7
70
0
10
0.000000
20
0.000000
66
1
0
VERTEX
8
Layer 1
10
42.919950
20
258.122074
70
0
0
VERTEX
8
Layer 1
10
43.660277
20
257.970253
70
0
0
VERTEX
8
Layer 1
10
44.264411
20
257.561068
70
0
0
VERTEX
8
Layer 1
10
44.671509
20
256.955571
70
0
0
VERTEX
8
Layer 1
10
44.820728
20
256.214810
70
0
0
VERTEX
8
Layer 1
10
44.671509
20
255.474049
70
0
0
VERTEX
8
Layer 1
10
44.264411
20
254.868551
70
0
0
VERTEX
8
Layer 1
10
43.660277
20
254.459367
70
0
0
VERTEX
8
Layer 1
10
42.919950
20
254.307545
70
0
0
SEQEND
8
Layer 1
0
POLYLINE
8
Layer 1
62
7
70
0
10
0.000000
20
0.000000
66
1
0
VERTEX
8
Layer 1
10
49.161657
20
231.505500
70
0
0
VERTEX
8
Layer 1
10
49.283732
20
233.479569
70
0
0
VERTEX
8
Layer 1
10
49.642031
20
235.396614
70
0
0
VERTEX
8
Layer 1
10
50.224669
20
237.246930
70
0
0
VERTEX
8
Layer 1
10
51.019763
20
239.020811
70
0
0
VERTEX
8
Layer 1
10
52.015426
20
240.708553
70
0
0
VERTEX
8
Layer 1
10
53.199774
20
242.300451
70
0
0
VERTEX
8
Layer 1
10
54.560922
20
243.786799
70
0
0
VERTEX
8
Layer 1
10
56.086984
20
245.157893
70
0
0
VERTEX
8
Layer 1
10
57.766075
20
246.404028
70
0
0
VERTEX
8
Layer 1
10
59.586311
20
247.515499
70
0
0
VERTEX
8
Layer 1
10
61.535807
20
248.482601
70
0
0
VERTEX
8
Layer 1
10
63.602677
20
249.295629
70
0
0
VERTEX
8
Layer 1
10
65.775036
20
249.944877
70
0
0
VERTEX
8
Layer 1
10
68.041000
20
250.420642
70
0
0
VERTEX
8
Layer 1
10
70.388683
20
250.713218
70
0
0
VERTEX
8
Layer 1
10
72.806200
20
250.812900
70
0
0
SEQEND
8
Layer 1
0
POLYLINE
8
Layer 1
62
7
70
0
10
0.000000
20
0.000000
66
1
0
VERTEX
8
Layer 1
10
72.806200
20
241.888243
70
0
0
VERTEX
8
Layer 1
10
72.416796
20
242.113035
70
0
0
VERTEX
8
Layer 1
10
72.416796
20
242.562620
70
0
0
VERTEX
8
Layer 1
10
72.806200
20
242.787412
70
0
0
SEQEND
8
Layer 1
0
POLYLINE
8
Layer 1
62
7
70
0
10
0.000000
20
0.000000
66
1
0
VERTEX
8
Layer 1
10
51.932519
20
231.505500
70
0
0
VERTEX
8
Layer 1
10
52.022089
20
232.393893
70
0
0
VERTEX
8
Layer 1
10
52.278979
20
233.221345
70
0
0
VERTEX
8
Layer 1
10
52.685460
20
233.970129
70
0
0
VERTEX
8
Layer 1
10
53.223805
20
234.622521
70
0
0
VERTEX
8
Layer 1
10
53.876284
20
235.160794
70
0
0
VERTEX
8
Layer 1
10
54.625169
20
235.567221
70
0
0
VERTEX
8
Layer 1
10
55.452732
20
235.824076
70
0
0
VERTEX
8
Layer 1
10
56.341243
20
235.913634
70
0
0
VERTEX
8
Layer 1
10
57.229755
20
235.824076
70
0
0
VERTEX
8
Layer 1
10
58.057318
20
235.567221
70
0
0
VERTEX
8
Layer 1
10
58.806203
20
235.160794
70
0
0
VERTEX
8
Layer 1
10
59.458682
20
234.622521
70
0
0
VERTEX
8
Layer 1
10
59.997026
20
233.970129
70
0
0
VERTEX
8
Layer 1
10
60.403508
20
233.221345
70
0
0
VERTEX
8
Layer 1
10
60.660398
20
232.393893
70
0
0
VERTEX
8
Layer 1
10
60.749967
20
231.505500
70
0
0
SEQEND
8
Layer 1
0
POLYLINE
8
Layer 1
62
7
70
0
10
0.000000
20
0.000000
66
1
0
VERTEX
8
Layer 1
10
52.109398
20
231.505500
70
0
0
VERTEX
8
Layer 1
10
52.238265
20
232.476717
70
0
0
VERTEX
8
Layer 1
10
52.608160
20
233.366656
70
0
0
VERTEX
8
Layer 1
10
53.194026
20
234.131922
70
0
0
VERTEX
8
Layer 1
10
53.970803
20
234.729117
70
0
0
VERTEX
8
Layer 1
10
54.876448
20
235.103139
70
0
0
VERTEX
8
Layer 1
10
55.832209
20
235.227812
70
0
0
VERTEX
8
Layer 1
10
56.787969
20
235.103139
70
0
0
VERTEX
8
Layer 1
10
57.693614
20
234.729117
70
0
0
VERTEX
8
Layer 1
10
58.470392
20
234.131922
70
0
0
VERTEX
8
Layer 1
10
59.056257
20
233.366656
70
0
0
VERTEX
8
Layer 1
10
59.426152
20
232.476717
70
0
0
VERTEX
8
Layer 1
10
59.555019
20
231.505500
70
0
0
SEQEND
8
Layer 1
0
POLYLINE
8
Layer 1
62
7
70
0
10
0.000000
20
0.000000
66
1
0
VERTEX
8
Layer 1
10
52.767637
20
231.505500
70
0
0
VERTEX
8
Layer 1
10
52.946737
20
232.379703
70
0
0
VERTEX
8
Layer 1
10
53.429891
20
233.093124
70
0
0
VERTEX
8
Layer 1
10
54.144978
20
233.573886
70
0
0
VERTEX
8
Layer 1
10
55.019876
20
233.750113
70
0
0
VERTEX
8
Layer 1
10
55.894775
20
233.573886
70
0
0
VERTEX
8
Layer 1
10
56.609862
20
233.093124
70
0
0
VERTEX
8
Layer 1
10
57.093016
20
232.379703
70
0
0
VERTEX
8
Layer 1
10
57.272116
20
231.505500
70
0
0
SEQEND
8
Layer 1
0
POLYLINE
8
Layer 1
62
7
70
0
10
0.000000
20
0.000000
66
1
0
VERTEX
8
Layer 1
10
42.919950
20
241.468505
70
0
0
VERTEX
8
Layer 1
10
43.595443
20
241.378901
70
0
0
VERTEX
8
Layer 1
10
44.214407
20
241.121703
70
0
0
VERTEX
8
Layer 1
10
44.746659
20
240.714335
70
0
0
VERTEX
8
Layer 1
10
45.162016
20
240.174221
70
0
0
VERTEX
8
Layer 1
10
45.422152
20
239.544503
70
0
0
VERTEX
8
Layer 1
10
45.508864
20
238.879937
70
0
0
VERTEX
8
Layer 1
10
45.422152
20
238.215372
70
0
0
VERTEX
8
Layer 1
10
45.162016
20
237.585653
70
0
0
VERTEX
8
Layer 1
10
44.746659
20
237.045539
70
0
0
VERTEX
8
Layer 1
10
44.214407
20
236.638172
70
0
0
VERTEX
8
Layer 1
10
43.595443
20
236.380974
70
0
0
VERTEX
8
Layer 1
10
42.919950
20
236.291369
70
0
0
SEQEND
8
Layer 1
0
POLYLINE
8
Layer 1
62
7
70
0
10
0.000000
20
0.000000
66
1
0
VERTEX
8
Layer 1
10
42.919950
20
250.144637
70
0
0
VERTEX
8
Layer 1
10
44.440268
20
249.988844
70
0
0
VERTEX
8
Layer 1
10
45.856010
20
249.547219
70
0
0
VERTEX
8
Layer 1
10
47.136929
20
248.850060
70
0
0
VERTEX
8
Layer 1
10
48.252779
20
247.927663
70
0
0
VERTEX
8
Layer 1
10
49.173313
20
246.810323
70
0
0
VERTEX
8
Layer 1
10
49.868286
20
245.528337
70
0
0
VERTEX
8
Layer 1
10
50.307450
20
244.112001
70
0
0
VERTEX
8
Layer 1
10
50.460559
20
242.591612
70
0
0
VERTEX
8
Layer 1
10
50.307450
20
241.071222
70
0
0
VERTEX
8
Layer 1
10
49.868286
20
239.654886
70
0
0
VERTEX
8
Layer 1
10
49.173313
20
238.372900
70
0
0
VERTEX
8
Layer 1
10
48.252779
20
237.255560
70
0
0
VERTEX
8
Layer 1
10
47.136929
20
236.333163
70
0
0
VERTEX
8
Layer 1
10
45.856010
20
235.636004
70
0
0
VERTEX
8
Layer 1
10
44.440268
20
235.194380
70
0
0
VERTEX
8
Layer 1
10
42.919950
20
235.038586
70
0
0
SEQEND
8
Layer 1
0
POLYLINE
8
Layer 1
62
7
70
0
10
0.000000
20
0.000000
66
1
0
VERTEX
8
Layer 1
10
72.806200
20
252.605620
70
0
0
VERTEX
8
Layer 1
10
73.884552
20
252.494777
70
0
0
VERTEX
8
Layer 1
10
74.888691
20
252.181254
70
0
0
VERTEX
8
Layer 1
10
75.797174
20
251.686534
70
0
0
VERTEX
8
Layer 1
10
76.588561
20
251.032101
70
0
0
VERTEX
8
Layer 1
10
77.241408
20
250.239440
70
0
0
VERTEX
8
Layer 1
10
77.734274
20
249.330035
70
0
0
VERTEX
8
Layer 1
10
78.045718
20
248.325371
70
0
0
VERTEX
8
Layer 1
10
78.154298
20
247.246931
70
0
0
VERTEX
8
Layer 1
10
78.045718
20
246.168492
70
0
0
VERTEX
8
Layer 1
10
77.734274
20
245.163827
70
0
0
VERTEX
8
Layer 1
10
77.241408
20
244.254423
70
0
0
VERTEX
8
Layer 1
10
76.588561
20
243.461762
70
0
0
VERTEX
8
Layer 1
10
75.797174
20
242.807329
70
0
0
VERTEX
8
Layer 1
10
74.888691
20
242.312609
70
0
0
VERTEX
8
Layer 1
10
73.884552
20
241.999086
70
0
0
VERTEX
8
Layer 1
10
72.806200
20
241.888243
70
0
0
SEQEND
8
Layer 1
0
POLYLINE
8
Layer 1
62
7
70
0
10
0.000000
20
0.000000
66
1
0
VERTEX
8
Layer 1
10
90.266441
20
231.505500
70
0
0
VERTEX
8
Layer 1
10
90.375690
20
234.433980
70
0
0
VERTEX
8
Layer 1
10
90.695279
20
237.223221
70
0
0
VERTEX
8
Layer 1
10
91.212965
20
239.794844
70
0
0
VERTEX
8
Layer 1
10
91.916507
20
242.070471
70
0
0
VERTEX
8
Layer 1
10
92.774551
20
243.936341
70
0
0
VERTEX
8
Layer 1
10
93.744203
20
245.309300
70
0
0
VERTEX
8
Layer 1
10
94.795910
20
246.156883
70
0
0
VERTEX
8
Layer 1
10
95.900118
20
246.446625
70
0
0
SEQEND
8
Layer 1
0
POLYLINE
8
Layer 1
62
7
70
0
10
0.000000
20
0.000000
66
1
0
VERTEX
8
Layer 1
10
101.533772
20
261.387750
70
0
0
VERTEX
8
Layer 1
10
101.419316
20
258.376601
70
0
0
VERTEX
8
Layer 1
10
101.091052
20
255.572005
70
0
0
VERTEX
8
Layer 1
10
100.571633
20
253.034045
70
0
0
VERTEX
8
Layer 1
10
99.883715
20
250.822802
70
0
0
VERTEX
8
Layer 1
10
99.049949
20
248.998356
70
0
0
VERTEX
8
Layer 1
10
98.092992
20
247.620791
70
0
0
VERTEX
8
Layer 1
10
97.035497
20
246.750187
70
0
0
VERTEX
8
Layer 1
10
96.476127
20
246.523770
70
0
0
VERTEX
8
Layer 1
10
95.900118
20
246.446625
70
0
0
SEQEND
8
Layer 1
0
POLYLINE
8
Layer 1
62
7
70
0
10
0.000000
20
0.000000
66
1
0
VERTEX
8
Layer 1
10
102.692450
20
240.848915
70
0
0
VERTEX
8
Layer 1
10
100.559127
20
241.131901
70
0
0
VERTEX
8
Layer 1
10
98.604334
20
241.944175
70
0
0
VERTEX
8
Layer 1
10
96.923393
20
243.230712
70
0
0
VERTEX
8
Layer 1
10
95.611625
20
244.936484
70
0
0
VERTEX
8
Layer 1
10
94.790069
20
246.925242
70
0
0
VERTEX
8
Layer 1
10
94.516218
20
249.024053
70
0
0
VERTEX
8
Layer 1
10
94.790069
20
251.122864
70
0
0
VERTEX
8
Layer 1
10
95.611625
20
253.111622
70
0
0
VERTEX
8
Layer 1
10
96.923393
20
254.817394
70
0
0
VERTEX
8
Layer 1
10
98.604334
20
256.103930
70
0
0
VERTEX
8
Layer 1
10
100.559127
20
256.916205
70
0
0
VERTEX
8
Layer 1
10
102.692450
20
257.199191
70
0
0
SEQEND
8
Layer 1
0
POLYLINE
8
Layer 1
62
7
70
0
10
0.000000
20
0.000000
66
1
0
VERTEX
8
Layer 1
10
102.692450
20
253.990148
70
0
0
VERTEX
8
Layer 1
10
102.528615
20
254.084725
70
0
0
VERTEX
8
Layer 1
10
102.528615
20
254.273880
70
0
0
VERTEX
8
Layer 1
10
102.692450
20
254.368457
70
0
0
SEQEND
8
Layer 1
0
POLYLINE
8
Layer 1
62
7
70
0
10
0.000000
20
0.000000
66
1
0
VERTEX
8
Layer 1
10
102.692450
20
246.046107
70
0
0
VERTEX
8
Layer 1
10
101.618577
20
246.333812
70
0
0
VERTEX
8
Layer 1
10
100.832448
20
247.119836
70
0
0
VERTEX
8
Layer 1
10
100.544705
20
248.193565
70
0
0
VERTEX
8
Layer 1
10
100.832448
20
249.267294
70
0
0
VERTEX
8
Layer 1
10
101.618577
20
250.053318
70
0
0
VERTEX
8
Layer 1
10
102.692450
20
250.341023
70
0
0
SEQEND
8
Layer 1
0
POLYLINE
8
Layer 1
62
7
70
0
10
0.000000
20
0.000000
66
1
0
VERTEX
8
Layer 1
10
102.692450
20
242.307981
70
0
0
VERTEX
8
Layer 1
10
102.185209
20
242.443878
70
0
0
VERTEX
8
Layer 1
10
101.813882
20
242.815155
70
0
0
VERTEX
8
Layer 1
10
101.677967
20
243.322328
70
0
0
VERTEX
8
Layer 1
10
101.813882
20
243.829502
70
0
0
VERTEX
8
Layer 1
10
102.185209
20
244.200778
70
0
0
VERTEX
8
Layer 1
10
102.692450
20
244.336675
70
0
0
SEQEND
8
Layer 1
0
POLYLINE
8
Layer 1
62
7
70
0
10
0.000000
20
0.000000
66
1
0
VERTEX
8
Layer 1
10
102.692450
20
252.151170
70
0
0
VERTEX
8
Layer 1
10
102.235382
20
252.243436
70
0
0
VERTEX
8
Layer 1
10
101.862135
20
252.495052
70
0
0
VERTEX
8
Layer 1
10
101.610485
20
252.868249
70
0
0
VERTEX
8
Layer 1
10
101.518207
20
253.325256
70
0
0
VERTEX
8
Layer 1
10
101.610485
20
253.782263
70
0
0
VERTEX
8
Layer 1
10
101.862135
20
254.155460
70
0
0
VERTEX
8
Layer 1
10
102.235382
20
254.407076
70
0
0
VERTEX
8
Layer 1
10
102.692450
20
254.499342
70
0
0
SEQEND
8
Layer 1
0
POLYLINE
8
Layer 1
62
7
70
0
10
0.000000
20
0.000000
66
1
0
VERTEX
8
Layer 1
10
102.692450
20
232.977117
70
0
0
VERTEX
8
Layer 1
10
102.300121
20
233.141864
70
0
0
VERTEX
8
Layer 1
10
102.137924
20
233.535210
70
0
0
VERTEX
8
Layer 1
10
102.300121
20
233.928556
70
0
0
VERTEX
8
Layer 1
10
102.692450
20
234.093303
70
0
0
SEQEND
8
Layer 1
0
POLYLINE
8
Layer 1
62
7
70
0
10
0.000000
20
0.000000
66
1
0
VERTEX
8
Layer 1
10
96.673503
20
231.505500
70
0
0
VERTEX
8
Layer 1
10
96.790224
20
236.547547
70
0
0
VERTEX
8
Layer 1
10
97.131668
20
241.349860
70
0
0
VERTEX
8
Layer 1
10
97.684757
20
245.777495
70
0
0
VERTEX
8
Layer 1
10
98.436412
20
249.695506
70
0
0
VERTEX
8
Layer 1
10
99.353135
20
252.908026
70
0
0
VERTEX
8
Layer 1
10
100.389099
20
255.271888
70
0
0
VERTEX
8
Layer 1
10
100.941929
20
256.118105
70
0
0
VERTEX
8
Layer 1
10
101.512728
20
256.731196
70
0
0
VERTEX
8
Layer 1
10
102.097551
20
257.104174
70
0
0
VERTEX
8
Layer 1
10
102.692450
20
257.230053
70
0
0
SEQEND
8
Layer 1
0
POLYLINE
8
Layer 1
62
7
70
0
10
0.000000
20
0.000000
66
1
0
VERTEX
8
Layer 1
10
102.692450
20
257.322760
70
0
0
VERTEX
8
Layer 1
10
102.599833
20
257.376225
70
0
0
VERTEX
8
Layer 1
10
102.599833
20
257.483156
70
0
0
VERTEX
8
Layer 1
10
102.692450
20
257.536621
70
0
0
SEQEND
8
Layer 1
0
POLYLINE
8
Layer 1
62
7
70
0
10
0.000000
20
0.000000
66
1
0
VERTEX
8
Layer 1
10
102.692450
20
259.112563
70
0
0
VERTEX
8
Layer 1
10
102.552541
20
259.193329
70
0
0
VERTEX
8
Layer 1
10
102.552541
20
259.354861
70
0
0
VERTEX
8
Layer 1
10
102.692450
20
259.435626
70
0
0
SEQEND
8
Layer 1
0
POLYLINE
8
Layer 1
62
7
70
0
10
0.000000
20
0.000000
66
1
0
VERTEX
8
Layer 1
10
98.014415
20
231.505500
70
0
0
VERTEX
8
Layer 1
10
98.105133
20
232.631906
70
0
0
VERTEX
8
Layer 1
10
98.370509
20
233.704755
70
0
0
VERTEX
8
Layer 1
10
98.800380
20
234.693900
70
0
0
VERTEX
8
Layer 1
10
99.384580
20
235.569193
70
0
0
VERTEX
8
Layer 1
10
100.097074
20
236.286879
70
0
0
VERTEX
8
Layer 1
10
100.902244
20
236.814971
70
0
0
VERTEX
8
Layer 1
10
101.775549
20
237.140984
70
0
0
VERTEX
8
Layer 1
10
102.692450
20
237.252430
70
0
0
SEQEND
8
Layer 1
0
POLYLINE
8
Layer 1
62
7
70
0
10
0.000000
20
0.000000
66
1
0
VERTEX
8
Layer 1
10
102.692450
20
238.678435
70
0
0
VERTEX
8
Layer 1
10
102.274602
20
238.764568
70
0
0
VERTEX
8
Layer 1
10
101.933703
20
238.995821
70
0
0
VERTEX
8
Layer 1
10
101.704027
20
239.337761
70
0
0
VERTEX
8
Layer 1
10
101.619852
20
239.755953
70
0
0
VERTEX
8
Layer 1
10
101.704027
20
240.174146
70
0
0
VERTEX
8
Layer 1
10
101.933703
20
240.516086
70
0
0
VERTEX
8
Layer 1
10
102.274602
20
240.747338
70
0
0
VERTEX
8
Layer 1
10
102.692450
20
240.833471
70
0
0
SEQEND
8
Layer 1
0
POLYLINE
8
Layer 1
62
7
70
0
10
0.000000
20
0.000000
66
1
0
VERTEX
8
Layer 1
10
82.784454
20
261.387750
70
0
0
VERTEX
8
Layer 1
10
82.590953
20
255.911117
70
0
0
VERTEX
8
Layer 1
10
82.024904
20
250.694880
70
0
0
VERTEX
8
Layer 1
10
81.107990
20
245.885616
70
0
0
VERTEX
8
Layer 1
10
79.861891
20
241.629902
70
0
0
VERTEX
8
Layer 1
10
78.342140
20
238.140487
70
0
0
VERTEX
8
Layer 1
10
77.504864
20
236.737662
70
0
0
VERTEX
8
Layer 1
10
76.624712
20
235.572878
70
0
0
VERTEX
8
Layer 1
10
75.708227
20
234.653724
70
0
0
VERTEX
8
Layer 1
10
74.761951
20
233.987789
70
0
0
VERTEX
8
Layer 1
10
73.792428
20
233.582662
70
0
0
VERTEX
8
Layer 1
10
72.806200
20
233.445934
70
0
0
SEQEND
8
Layer 1
0
POLYLINE
8
Layer 1
62
7
70
0
10
0.000000
20
0.000000
66
1
0
VERTEX
8
Layer 1
10
72.806200
20
259.517456
70
0
0
VERTEX
8
Layer 1
10
73.180809
20
259.301204
70
0
0
VERTEX
8
Layer 1
10
73.180809
20
258.868700
70
0
0
VERTEX
8
Layer 1
10
72.806200
20
258.652448
70
0
0
SEQEND
8
Layer 1
0
POLYLINE
8
Layer 1
62
7
70
0
10
0.000000
20
0.000000
66
1
0
VERTEX
8
Layer 1
10
72.806200
20
238.966859
70
0
0
VERTEX
8
Layer 1
10
73.473733
20
238.878310
70
0
0
VERTEX
8
Layer 1
10
74.085403
20
238.624143
70
0
0
VERTEX
8
Layer 1
10
74.611383
20
238.221576
70
0
0
VERTEX
8
Layer 1
10
75.021845
20
237.687827
70
0
0
VERTEX
8
Layer 1
10
75.278916
20
237.065529
70
0
0
VERTEX
8
Layer 1
10
75.364606
20
236.408795
70
0
0
VERTEX
8
Layer 1
10
75.278916
20
235.752061
70
0
0
VERTEX
8
Layer 1
10
75.021845
20
235.129763
70
0
0
VERTEX
8
Layer 1
10
74.611383
20
234.596013
70
0
0
VERTEX
8
Layer 1
10
74.085403
20
234.193446
70
0
0
VERTEX
8
Layer 1
10
73.473733
20
233.939279
70
0
0
VERTEX
8
Layer 1
10
72.806200
20
233.850731
70
0
0
SEQEND
8
Layer 1
0
POLYLINE
8
Layer 1
62
7
70
0
10
0.000000
20
0.000000
66
1
0
VERTEX
8
Layer 1
10
72.806200
20
256.972062
70
0
0
VERTEX
8
Layer 1
10
73.667456
20
256.741320
70
0
0
VERTEX
8
Layer 1
10
74.297939
20
256.110921
70
0
0
VERTEX
8
Layer 1
10
74.528712
20
255.249780
70
0
0
VERTEX
8
Layer 1
10
74.297939
20
254.388640
70
0
0
VERTEX
8
Layer 1
10
73.667456
20
253.758241
70
0
0
VERTEX
8
Layer 1
10
72.806200
20
253.527499
70
0
0
SEQEND
8
Layer 1
0
POLYLINE
8
Layer 1
62
7
70
0
10
0.000000
20
0.000000
66
1
0
VERTEX
8
Layer 1
10
72.864060
20
231.505500
70
0
0
VERTEX
8
Layer 1
10
73.114643
20
233.394042
70
0
0
VERTEX
8
Layer 1
10
73.833908
20
235.124539
70
0
0
VERTEX
8
Layer 1
10
74.973130
20
236.612606
70
0
0
VERTEX
8
Layer 1
10
76.483584
20
237.773860
70
0
0
VERTEX
8
Layer 1
10
78.244620
20
238.501149
70
0
0
VERTEX
8
Layer 1
10
80.103107
20
238.743579
70
0
0
VERTEX
8
Layer 1
10
81.961595
20
238.501149
70
0
0
VERTEX
8
Layer 1
10
83.722631
20
237.773860
70
0
0
VERTEX
8
Layer 1
10
85.233084
20
236.612606
70
0
0
VERTEX
8
Layer 1
10
86.372306
20
235.124539
70
0
0
VERTEX
8
Layer 1
10
87.091572
20
233.394042
70
0
0
VERTEX
8
Layer 1
10
87.342155
20
231.505500
70
0
0
SEQEND
8
Layer 1
0
POLYLINE
8
Layer 1
62
7
70
0
10
0.000000
20
0.000000
66
1
0
VERTEX
8
Layer 1
10
98.215275
20
261.387750
70
0
0
VERTEX
8
Layer 1
10
98.080428
20
260.050280
70
0
0
VERTEX
8
Layer 1
10
97.693682
20
258.804557
70
0
0
VERTEX
8
Layer 1
10
97.081727
20
257.677266
70
0
0
VERTEX
8
Layer 1
10
96.271253
20
256.695094
70
0
0
VERTEX
8
Layer 1
10
95.288949
20
255.884729
70
0
0
VERTEX
8
Layer 1
10
94.161508
20
255.272855
70
0
0
VERTEX
8
Layer 1
10
92.915617
20
254.886161
70
0
0
VERTEX
8
Layer 1
10
91.577969
20
254.751333
70
0
0
VERTEX
8
Layer 1
10
90.240320
20
254.886161
70
0
0
VERTEX
8
Layer 1
10
88.994430
20
255.272855
70
0
0
VERTEX
8
Layer 1
10
87.866988
20
255.884729
70
0
0
VERTEX
8
Layer 1
10
86.884685
20
256.695094
70
0
0
VERTEX
8
Layer 1
10
86.074211
20
257.677266
70
0
0
VERTEX
8
Layer 1
10
85.462256
20
258.804557
70
0
0
VERTEX
8
Layer 1
10
85.075510
20
260.050280
70
0
0
VERTEX
8
Layer 1
10
84.940663
20
261.387750
70
0
0
SEQEND
8
Layer 1
0
POLYLINE
8
Layer 1
62
7
70
0
10
0.000000
20
0.000000
66
1
0
VERTEX
8
Layer 1
10
97.447772
20
261.387750
70
0
0
VERTEX
8
Layer 1
10
97.338213
20
260.562049
70
0
0
VERTEX
8
Layer 1
10
97.023739
20
259.805449
70
0
0
VERTEX
8
Layer 1
10
96.525653
20
259.154843
70
0
0
VERTEX
8
Layer 1
10
95.865259
20
258.647124
70
0
0
VERTEX
8
Layer 1
10
95.095306
20
258.329142
70
0
0
VERTEX
8
Layer 1
10
94.282746
20
258.223148
70
0
0
VERTEX
8
Layer 1
10
93.470186
20
258.329142
70
0
0
VERTEX
8
Layer 1
10
92.700233
20
258.647124
70
0
0
VERTEX
8
Layer 1
10
92.039839
20
259.154843
70
0
0
VERTEX
8
Layer 1
10
91.541754
20
259.805449
70
0
0
VERTEX
8
Layer 1
10
91.227279
20
260.562049
70
0
0
VERTEX
8
Layer 1
10
91.117721
20
261.387750
70
0
0
SEQEND
8
Layer 1
0
POLYLINE
8
Layer 1
62
7
70
0
10
0.000000
20
0.000000
66
1
0
VERTEX
8
Layer 1
10
95.571035
20
261.387750
70
0
0
VERTEX
8
Layer 1
10
95.461543
20
260.979176
70
0
0
VERTEX
8
Layer 1
10
95.162406
20
260.680079
70
0
0
VERTEX
8
Layer 1
10
94.753777
20
260.570602
70
0
0
VERTEX
8
Layer 1
10
94.345149
20
260.680079
70
0
0
VERTEX
8
Layer 1
10
94.046012
20
260.979176
70
0
0
VERTEX
8
Layer 1
10
93.936520
20
261.387750
70
0
0
SEQEND
8
Layer 1
0
POLYLINE
8
Layer 1
62
7
70
0
10
0.000000
20
0.000000
66
1
0
VERTEX
8
Layer 1
10
72.806200
20
232.681665
70
0
0
VERTEX
8
Layer 1
10
79.466324
20
232.592135
70
0
0
VERTEX
8
Layer 1
10
85.112505
20
232.337175
70
0
0
VERTEX
8
Layer 1
10
88.885163
20
231.955599
70
0
0
VERTEX
8
Layer 1
10
89.872446
20
231.736030
70
0
0
VERTEX
8
Layer 1
10
90.209944
20
231.505500
70
0
0
SEQEND
8
Layer 1
0
POLYLINE
8
Layer 1
62
7
70
0
10
0.000000
20
0.000000
66
1
0
VERTEX
8
Layer 1
10
72.806200
20
231.556945
70
0
0
VERTEX
8
Layer 1
10
85.106487
20
231.541877
70
0
0
VERTEX
8
Layer 1
10
90.201432
20
231.505500
70
0
0
SEQEND
8
Layer 1
0
POLYLINE
8
Layer 1
62
7
70
0
10
0.000000
20
0.000000
66
1
0
VERTEX
8
Layer 1
10
72.806200
20
250.812900
70
0
0
VERTEX
8
Layer 1
10
73.613498
20
250.729668
70
0
0
VERTEX
8
Layer 1
10
74.365208
20
250.494744
70
0
0
VERTEX
8
Layer 1
10
75.637692
20
249.634138
70
0
0
VERTEX
8
Layer 1
10
76.495305
20
248.359727
70
0
0
VERTEX
8
Layer 1
10
76.728425
20
247.607546
70
0
0
VERTEX
8
Layer 1
10
76.809697
20
246.800156
70
0
0
VERTEX
8
Layer 1
10
76.728425
20
245.992766
70
0
0
VERTEX
8
Layer 1
10
76.495305
20
245.240585
70
0
0
VERTEX
8
Layer 1
10
75.637692
20
243.966174
70
0
0
VERTEX
8
Layer 1
10
74.365208
20
243.105568
70
0
0
VERTEX
8
Layer 1
10
73.613498
20
242.870644
70
0
0
VERTEX
8
Layer 1
10
72.806200
20
242.787412
70
0
0
SEQEND
8
Layer 1
0
POLYLINE
8
Layer 1
62
7
70
0
10
0.000000
20
0.000000
66
1
0
VERTEX
8
Layer 1
10
127.994914
20
231.505500
70
0
0
VERTEX
8
Layer 1
10
128.083804
20
234.423035
70
0
0
VERTEX
8
Layer 1
10
128.343834
20
237.201850
70
0
0
VERTEX
8
Layer 1
10
128.765044
20
239.763861
70
0
0
VERTEX
8
Layer 1
10
129.337474
20
242.030983
70
0
0
VERTEX
8
Layer 1
10
130.035613
20
243.889879
70
0
0
VERTEX
8
Layer 1
10
130.824561
20
245.257706
70
0
0
VERTEX
8
Layer 1
10
131.680272
20
246.102122
70
0
0
VERTEX
8
Layer 1
10
132.578700
20
246.390781
70
0
0
SEQEND
8
Layer 1
0
POLYLINE
8
Layer 1
62
7
70
0
10
0.000000
20
0.000000
66
1
0
VERTEX
8
Layer 1
10
132.578700
20
234.158805
70
0
0
VERTEX
8
Layer 1
10
131.673828
20
234.401232
70
0
0
VERTEX
8
Layer 1
10
131.011416
20
235.063556
70
0
0
VERTEX
8
Layer 1
10
130.768956
20
235.968306
70
0
0
VERTEX
8
Layer 1
10
131.011416
20
236.873057
70
0
0
VERTEX
8
Layer 1
10
131.673828
20
237.535381
70
0
0
VERTEX
8
Layer 1
10
132.578700
20
237.777808
70
0
0
SEQEND
8
Layer 1
0
POLYLINE
8
Layer 1
62
7
70
0
10
0.000000
20
0.000000
66
1
0
VERTEX
8
Layer 1
10
132.578700
20
234.798978
70
0
0
VERTEX
8
Layer 1
10
132.128189
20
234.919676
70
0
0
VERTEX
8
Layer 1
10
131.798392
20
235.249429
70
0
0
VERTEX
8
Layer 1
10
131.677677
20
235.699880
70
0
0
VERTEX
8
Layer 1
10
131.798392
20
236.150331
70
0
0
VERTEX
8
Layer 1
10
132.128189
20
236.480084
70
0
0
VERTEX
8
Layer 1
10
132.578700
20
236.600782
70
0
0
SEQEND
8
Layer 1
0
POLYLINE
8
Layer 1
62
7
70
0
10
0.000000
20
0.000000
66
1
0
VERTEX
8
Layer 1
10
129.596267
20
231.505500
70
0
0
VERTEX
8
Layer 1
10
129.640690
20
231.582432
70
0
0
VERTEX
8
Layer 1
10
129.729536
20
231.582432
70
0
0
VERTEX
8
Layer 1
10
129.773959
20
231.505500
70
0
0
SEQEND
8
Layer 1
0
POLYLINE
8
Layer 1
62
7
70
0
10
0.000000
20
0.000000
66
1
0
VERTEX
8
Layer 1
10
132.578700
20
241.823195
70
0
0
VERTEX
8
Layer 1
10
132.186977
20
242.049326
70
0
0
VERTEX
8
Layer 1
10
132.186977
20
242.501588
70
0
0
VERTEX
8
Layer 1
10
132.578700
20
242.727719
70
0
0
SEQEND
8
Layer 1
0
POLYLINE
8
Layer 1
62
7
70
0
10
0.000000
20
0.000000
66
1
0
VERTEX
8
Layer 1
10
132.578700
20
233.602828
70
0
0
VERTEX
8
Layer 1
10
131.925852
20
233.689428
70
0
0
VERTEX
8
Layer 1
10
131.327638
20
233.938004
70
0
0
VERTEX
8
Layer 1
10
130.813229
20
234.331715
70
0
0
VERTEX
8
Layer 1
10
130.411796
20
234.853722
70
0
0
VERTEX
8
Layer 1
10
130.160381
20
235.462330
70
0
0
VERTEX
8
Layer 1
10
130.076575
20
236.104617
70
0
0
VERTEX
8
Layer 1
10
130.160381
20
236.746904
70
0
0
VERTEX
8
Layer 1
10
130.411796
20
237.355512
70
0
0
VERTEX
8
Layer 1
10
130.813229
20
237.877520
70
0
0
VERTEX
8
Layer 1
10
131.327638
20
238.271231
70
0
0
VERTEX
8
Layer 1
10
131.925852
20
238.519806
70
0
0
VERTEX
8
Layer 1
10
132.578700
20
238.606407
70
0
0
SEQEND
8
Layer 1
0
POLYLINE
8
Layer 1
62
7
70
0
10
0.000000
20
0.000000
66
1
0
VERTEX
8
Layer 1
10
128.444260
20
231.505500
70
0
0
VERTEX
8
Layer 1
10
128.524436
20
233.069801
70
0
0
VERTEX
8
Layer 1
10
128.758976
20
234.559724
70
0
0
VERTEX
8
Layer 1
10
129.138895
20
235.933402
70
0
0
VERTEX
8
Layer 1
10
129.655209
20
237.148969
70
0
0
VERTEX
8
Layer 1
10
130.284911
20
238.145657
70
0
0
VERTEX
8
Layer 1
10
130.996518
20
238.879048
70
0
0
VERTEX
8
Layer 1
10
131.768344
20
239.331800
70
0
0
VERTEX
8
Layer 1
10
132.578700
20
239.486571
70
0
0
SEQEND
8
Layer 1
0
POLYLINE
8
Layer 1
62
7
70
0
10
0.000000
20
0.000000
66
1
0
VERTEX
8
Layer 1
10
132.578700
20
246.494723
70
0
0
VERTEX
8
Layer 1
10
131.634248
20
246.685374
70
0
0
VERTEX
8
Layer 1
10
130.862998
20
247.205295
70
0
0
VERTEX
8
Layer 1
10
130.343007
20
247.976442
70
0
0
VERTEX
8
Layer 1
10
130.152331
20
248.920768
70
0
0
VERTEX
8
Layer 1
10
130.343007
20
249.865094
70
0
0
VERTEX
8
Layer 1
10
130.862998
20
250.636240
70
0
0
VERTEX
8
Layer 1
10
131.634248
20
251.156161
70
0
0
VERTEX
8
Layer 1
10
132.578700
20
251.346812
70
0
0
SEQEND
8
Layer 1
0
POLYLINE
8
Layer 1
62
7
70
0
10
0.000000
20
0.000000
66
1
0
VERTEX
8
Layer 1
10
132.578700
20
246.942694
70
0
0
VERTEX
8
Layer 1
10
132.251350
20
247.030396
70
0
0
VERTEX
8
Layer 1
10
132.011713
20
247.270001
70
0
0
VERTEX
8
Layer 1
10
131.924000
20
247.597307
70
0
0
VERTEX
8
Layer 1
10
132.011713
20
247.924613
70
0
0
VERTEX
8
Layer 1
10
132.251350
20
248.164218
70
0
0
VERTEX
8
Layer 1
10
132.578700
20
248.251919
70
0
0
SEQEND
8
Layer 1
0
POLYLINE
8
Layer 1
62
7
70
0
10
0.000000
20
0.000000
66
1
0
VERTEX
8
Layer 1
10
105.158329
20
231.505500
70
0
0
VERTEX
8
Layer 1
10
105.252011
20
232.916384
70
0
0
VERTEX
8
Layer 1
10
105.527082
20
234.284647
70
0
0
VERTEX
8
Layer 1
10
105.974580
20
235.594765
70
0
0
VERTEX
8
Layer 1
10
106.585541
20
236.831216
70
0
0
VERTEX
8
Layer 1
10
107.351002
20
237.978479
70
0
0
VERTEX
8
Layer 1
10
108.262001
20
239.021030
70
0
0
VERTEX
8
Layer 1
10
109.309574
20
239.943348
70
0
0
VERTEX
8
Layer 1
10
110.484758
20
240.729911
70
0
0
VERTEX
8
Layer 1
10
111.753624
20
241.354233
70
0
0
VERTEX
8
Layer 1
10
113.076268
20
241.800177
70
0
0
VERTEX
8
Layer 1
10
114.434765
20
242.067744
70
0
0
VERTEX
8
Layer 1
10
115.811187
20
242.156932
70
0
0
VERTEX
8
Layer 1
10
117.187609
20
242.067744
70
0
0
VERTEX
8
Layer 1
10
118.546105
20
241.800177
70
0
0
VERTEX
8
Layer 1
10
119.868749
20
241.354233
70
0
0
VERTEX
8
Layer 1
10
121.137616
20
240.729911
70
0
0
VERTEX
8
Layer 1
10
122.312800
20
239.943348
70
0
0
VERTEX
8
Layer 1
10
123.360373
20
239.021030
70
0
0
VERTEX
8
Layer 1
10
124.271371
20
237.978479
70
0
0
VERTEX
8
Layer 1
10
125.036833
20
236.831216
70
0
0
VERTEX
8
Layer 1
10
125.647794
20
235.594765
70
0
0
VERTEX
8
Layer 1
10
126.095291
20
234.284647
70
0
0
VERTEX
8
Layer 1
10
126.370363
20
232.916384
70
0
0
VERTEX
8
Layer 1
10
126.464045
20
231.505500
70
0
0
SEQEND
8
Layer 1
0
POLYLINE
8
Layer 1
62
7
70
0
10
0.000000
20
0.000000
66
1
0
VERTEX
8
Layer 1
10
108.689903
20
231.505500
70
0
0
VERTEX
8
Layer 1
10
108.920572
20
233.243957
70
0
0
VERTEX
8
Layer 1
10
109.582676
20
234.836929
70
0
0
VERTEX
8
Layer 1
10
110.631363
20
236.206737
70
0
0
VERTEX
8
Layer 1
10
112.021778
20
237.275704
70
0
0
VERTEX
8
Layer 1
10
113.642862
20
237.945194
70
0
0
VERTEX
8
Layer 1
10
115.353652
20
238.168357
70
0
0
VERTEX
8
Layer 1
10
117.064443
20
237.945194
70
0
0
VERTEX
8
Layer 1
10
118.685527
20
237.275704
70
0
0
VERTEX
8
Layer 1
10
120.075942
20
236.206737
70
0
0
VERTEX
8
Layer 1
10
121.124628
20
234.836929
70
0
0
VERTEX
8
Layer 1
10
121.786733
20
233.243957
70
0
0
VERTEX
8
Layer 1
10
122.017401
20
231.505500
70
0
0
SEQEND
8
Layer 1
0
POLYLINE
8
Layer 1
62
7
70
0
10
0.000000
20
0.000000
66
1
0
VERTEX
8
Layer 1
10
110.524345
20
231.505500
70
0
0
VERTEX
8
Layer 1
10
110.625585
20
232.268508
70
0
0
VERTEX
8
Layer 1
10
110.916183
20
232.967662
70
0
0
VERTEX
8
Layer 1
10
111.376451
20
233.568871
70
0
0
VERTEX
8
Layer 1
10
111.986703
20
234.038040
70
0
0
VERTEX
8
Layer 1
10
112.698196
20
234.331878
70
0
0
VERTEX
8
Layer 1
10
113.449061
20
234.429825
70
0
0
VERTEX
8
Layer 1
10
114.199926
20
234.331878
70
0
0
VERTEX
8
Layer 1
10
114.911419
20
234.038040
70
0
0
VERTEX
8
Layer 1
10
115.521672
20
233.568871
70
0
0
VERTEX
8
Layer 1
10
115.981940
20
232.967662
70
0
0
VERTEX
8
Layer 1
10
116.272537
20
232.268508
70
0
0
VERTEX
8
Layer 1
10
116.373778
20
231.505500
70
0
0
SEQEND
8
Layer 1
0
POLYLINE
8
Layer 1
62
7
70
0
10
0.000000
20
0.000000
66
1
0
VERTEX
8
Layer 1
10
117.876195
20
231.505500
70
0
0
VERTEX
8
Layer 1
10
118.098214
20
231.889997
70
0
0
VERTEX
8
Layer 1
10
118.542252
20
231.889997
70
0
0
VERTEX
8
Layer 1
10
118.764271
20
231.505500
70
0
0
SEQEND
8
Layer 1
0
POLYLINE
8
Layer 1
62
7
70
0
10
0.000000
20
0.000000
66
1
0
VERTEX
8
Layer 1
10
102.692450
20
244.336675
70
0
0
VERTEX
8
Layer 1
10
103.199691
20
244.200778
70
0
0
VERTEX
8
Layer 1
10
103.571018
20
243.829502
70
0
0
VERTEX
8
Layer 1
10
103.706933
20
243.322328
70
0
0
VERTEX
8
Layer 1
10
103.571018
20
242.815155
70
0
0
VERTEX
8
Layer 1
10
103.199691
20
242.443878
70
0
0
VERTEX
8
Layer 1
10
102.692450
20
242.307981
70
0
0
SEQEND
8
Layer 1
0
POLYLINE
8
Layer 1
62
7
70
0
10
0.000000
20
0.000000
66
1
0
VERTEX
8
Layer 1
10
102.692450
20
246.046107
70
0
0
VERTEX
8
Layer 1
10
103.370560
20
245.956156
70
0
0
VERTEX
8
Layer 1
10
103.991922
20
245.697961
70
0
0
VERTEX
8
Layer 1
10
104.526236
20
245.289015
70
0
0
VERTEX
8
Layer 1
10
104.943202
20
244.746809
70
0
0
VERTEX
8
Layer 1
10
105.204346
20
244.114651
70
0
0
VERTEX
8
Layer 1
10
105.291394
20
243.447511
70
0
0
VERTEX
8
Layer 1
10
105.204346
20
242.780371
70
0
0
VERTEX
8
Layer 1
10
104.943202
20
242.148213
70
0
0
VERTEX
8
Layer 1
10
104.526236
20
241.606006
70
0
0
VERTEX
8
Layer 1
10
103.991922
20
241.197060
70
0
0
VERTEX
8
Layer 1
10
103.370560
20
240.938866
70
0
0
VERTEX
8
Layer 1
10
102.692450
20
240.848915
70
0
0
SEQEND
8
Layer 1
0
POLYLINE
8
Layer 1
62
7
70
0
10
0.000000
20
0.000000
66
1
0
VERTEX
8
Layer 1
10
132.578700
20
252.728615
70
0
0
VERTEX
8
Layer 1
10
131.601408
20
252.858253
70
0
0
VERTEX
8
Layer 1
10
130.705902
20
253.230363
70
0
0
VERTEX
8
Layer 1
10
129.935850
20
253.819735
70
0
0
VERTEX
8
Layer 1
10
129.334919
20
254.601162
70
0
0
VERTEX
8
Layer 1
10
128.958558
20
255.512228
70
0
0
VERTEX
8
Layer 1
10
128.833104
20
256.473710
70
0
0
VERTEX
8
Layer 1
10
128.958558
20
257.435191
70
0
0
VERTEX
8
Layer 1
10
129.334919
20
258.346257
70
0
0
VERTEX
8
Layer 1
10
129.935850
20
259.127684
70
0
0
VERTEX
8
Layer 1
10
130.705902
20
259.717057
70
0
0
VERTEX
8
Layer 1
10
131.601408
20
260.089166
70
0
0
VERTEX
8
Layer 1
10
132.578700
20
260.218804
70
0
0
SEQEND
8
Layer 1
0
POLYLINE
8
Layer 1
62
7
70
0
10
0.000000
20
0.000000
66
1
0
VERTEX
8
Layer 1
10
132.578700
20
255.852219
70
0
0
VERTEX
8
Layer 1
10
132.524078
20
255.883750
70
0
0
VERTEX
8
Layer 1
10
132.524078
20
255.946814
70
0
0
VERTEX
8
Layer 1
10
132.578700
20
255.978346
70
0
0
SEQEND
8
Layer 1
0
POLYLINE
8
Layer 1
62
7
70
0
10
0.000000
20
0.000000
66
1
0
VERTEX
8
Layer 1
10
132.578700
20
254.822596
70
0
0
VERTEX
8
Layer 1
10
132.073682
20
254.926503
70
0
0
VERTEX
8
Layer 1
10
131.661630
20
255.205865
70
0
0
VERTEX
8
Layer 1
10
131.383999
20
255.619055
70
0
0
VERTEX
8
Layer 1
10
131.282243
20
256.124446
70
0
0
VERTEX
8
Layer 1
10
131.383999
20
256.629837
70
0
0
VERTEX
8
Layer 1
10
131.661630
20
257.043027
70
0
0
VERTEX
8
Layer 1
10
132.073682
20
257.322389
70
0
0
VERTEX
8
Layer 1
10
132.578700
20
257.426296
70
0
0
SEQEND
8
Layer 1
0
POLYLINE
8
Layer 1
62
7
70
0
10
0.000000
20
0.000000
66
1
0
VERTEX
8
Layer 1
10
116.568086
20
261.387750
70
0
0
VERTEX
8
Layer 1
10
116.329108
20
260.495992
70
0
0
VERTEX
8
Layer 1
10
115.676209
20
259.843180
70
0
0
VERTEX
8
Layer 1
10
114.784331
20
259.604234
70
0
0
VERTEX
8
Layer 1
10
113.892454
20
259.843180
70
0
0
VERTEX
8
Layer 1
10
113.239554
20
260.495992
70
0
0
VERTEX
8
Layer 1
10
113.000576
20
261.387750
70
0
0
SEQEND
8
Layer 1
0
POLYLINE
8
Layer 1
62
7
70
0
10
0.000000
20
0.000000
66
1
0
VERTEX
8
Layer 1
10
122.266820
20
261.387750
70
0
0
VERTEX
8
Layer 1
10
122.171036
20
259.002270
70
0
0
VERTEX
8
Layer 1
10
121.887229
20
256.657195
70
0
0
VERTEX
8
Layer 1
10
121.420714
20
254.368351
70
0
0
VERTEX
8
Layer 1
10
120.776810
20
252.151563
70
0
0
VERTEX
8
Layer 1
10
119.960831
20
250.022658
70
0
0
VERTEX
8
Layer 1
10
118.978096
20
247.997462
70
0
0
VERTEX
8
Layer 1
10
117.833920
20
246.091802
70
0
0
VERTEX
8
Layer 1
10
116.533620
20
244.321502
70
0
0
VERTEX
8
Layer 1
10
115.097861
20
242.718224
70
0
0
VERTEX
8
Layer 1
10
113.552320
20
241.307448
70
0
0
VERTEX
8
Layer 1
10
111.909834
20
240.095729
70
0
0
VERTEX
8
Layer 1
10
110.183237
20
239.089622
70
0
0
VERTEX
8
Layer 1
10
108.385365
20
238.295684
70
0
0
VERTEX
8
Layer 1
10
106.529053
20
237.720469
70
0
0
VERTEX
8
Layer 1
10
104.627136
20
237.370533
70
0
0
VERTEX
8
Layer 1
10
102.692450
20
237.252430
70
0
0
SEQEND
8
Layer 1
0
POLYLINE
8
Layer 1
62
7
70
0
10
0.000000
20
0.000000
66
1
0
VERTEX
8
Layer 1
10
102.692450
20
234.093303
70
0
0
VERTEX
8
Layer 1
10
103.084779
20
233.928556
70
0
0
VERTEX
8
Layer 1
10
103.246976
20
233.535210
70
0
0
VERTEX
8
Layer 1
10
103.084779
20
233.141864
70
0
0
VERTEX
8
Layer 1
10
102.692450
20
232.977117
70
0
0
SEQEND
8
Layer 1
0
POLYLINE
8
Layer 1
62
7
70
0
10
0.000000
20
0.000000
66
1
0
VERTEX
8
Layer 1
10
102.692450
20
259.112563
70
0
0
VERTEX
8
Layer 1
10
103.246905
20
258.880244
70
0
0
VERTEX
8
Layer 1
10
103.476198
20
258.324592
70
0
0
VERTEX
8
Layer 1
10
103.246905
20
257.768941
70
0
0
VERTEX
8
Layer 1
10
102.692450
20
257.536621
70
0
0
SEQEND
8
Layer 1
0
POLYLINE
8
Layer 1
62
7
70
0
10
0.000000
20
0.000000
66
1
0
VERTEX
8
Layer 1
10
102.692450
20
253.990148
70
0
0
VERTEX
8
Layer 1
10
103.152256
20
253.866960
70
0
0
VERTEX
8
Layer 1
10
103.488857
20
253.530404
70
0
0
VERTEX
8
Layer 1
10
103.612062
20
253.070659
70
0
0
VERTEX
8
Layer 1
10
103.488857
20
252.610915
70
0
0
VERTEX
8
Layer 1
10
103.152256
20
252.274359
70
0
0
VERTEX
8
Layer 1
10
102.692450
20
252.151170
70
0
0
SEQEND
8
Layer 1
0
POLYLINE
8
Layer 1
62
7
70
0
10
0.000000
20
0.000000
66
1
0
VERTEX
8
Layer 1
10
102.692450
20
257.199191
70
0
0
VERTEX
8
Layer 1
10
103.587275
20
257.080492
70
0
0
VERTEX
8
Layer 1
10
104.407215
20
256.739782
70
0
0
VERTEX
8
Layer 1
10
105.112288
20
256.200143
70
0
0
VERTEX
8
Layer 1
10
105.662511
20
255.484655
70
0
0
VERTEX
8
Layer 1
10
106.007113
20
254.650468
70
0
0
VERTEX
8
Layer 1
10
106.121981
20
253.770119
70
0
0
VERTEX
8
Layer 1
10
106.007113
20
252.889770
70
0
0
VERTEX
8
Layer 1
10
105.662511
20
252.055583
70
0
0
VERTEX
8
Layer 1
10
105.112288
20
251.340095
70
0
0
VERTEX
8
Layer 1
10
104.407215
20
250.800456
70
0
0
VERTEX
8
Layer 1
10
103.587275
20
250.459746
70
0
0
VERTEX
8
Layer 1
10
102.692450
20
250.341047
70
0
0
SEQEND
8
Layer 1
0
POLYLINE
8
Layer 1
62
7
70
0
10
0.000000
20
0.000000
66
1
0
VERTEX
8
Layer 1
10
102.692450
20
257.322760
70
0
0
VERTEX
8
Layer 1
10
102.732599
20
257.299583
70
0
0
VERTEX
8
Layer 1
10
102.732599
20
257.253230
70
0
0
VERTEX
8
Layer 1
10
102.692450
20
257.230053
70
0
0
SEQEND
8
Layer 1
0
POLYLINE
8
Layer 1
62
7
70
0
10
0.000000
20
0.000000
66
1
0
VERTEX
8
Layer 1
10
103.363121
20
261.387750
70
0
0
VERTEX
8
Layer 1
10
103.166686
20
245.329840
70
0
0
VERTEX
8
Layer 1
10
102.949105
20
240.407079
70
0
0
VERTEX
8
Layer 1
10
102.692450
20
238.678435
70
0
0
SEQEND
8
Layer 1
0
POLYLINE
8
Layer 1
62
7
70
0
10
0.000000
20
0.000000
66
1
0
VERTEX
8
Layer 1
10
102.692450
20
259.435626
70
0
0
VERTEX
8
Layer 1
10
103.924632
20
259.353832
70
0
0
VERTEX
8
Layer 1
10
105.119590
20
259.113665
70
0
0
VERTEX
8
Layer 1
10
106.263769
20
258.722952
70
0
0
VERTEX
8
Layer 1
10
107.343611
20
258.189518
70
0
0
VERTEX
8
Layer 1
10
108.345562
20
257.521189
70
0
0
VERTEX
8
Layer 1
10
109.256064
20
256.725791
70
0
0
VERTEX
8
Layer 1
10
110.061561
20
255.811148
70
0
0
VERTEX
8
Layer 1
10
110.748498
20
254.785088
70
0
0
VERTEX
8
Layer 1
10
111.293743
20
253.677232
70
0
0
VERTEX
8
Layer 1
10
111.683204
20
252.522423
70
0
0
VERTEX
8
Layer 1
10
111.916880
20
251.336312
70
0
0
VERTEX
8
Layer 1
10
111.994772
20
250.134549
70
0
0
VERTEX
8
Layer 1
10
111.916880
20
248.932786
70
0
0
VERTEX
8
Layer 1
10
111.683204
20
247.746674
70
0
0
VERTEX
8
Layer 1
10
111.293743
20
246.591865
70
0
0
VERTEX
8
Layer 1
10
110.748498
20
245.484010
70
0
0
VERTEX
8
Layer 1
10
110.061561
20
244.457949
70
0
0
VERTEX
8
Layer 1
10
109.256064
20
243.543307
70
0
0
VERTEX
8
Layer 1
10
108.345562
20
242.747909
70
0
0
VERTEX
8
Layer 1
10
107.343611
20
242.079580
70
0
0
VERTEX
8
Layer 1
10
106.263769
20
241.546146
70
0
0
VERTEX
8
Layer 1
10
105.119590
20
241.155433
70
0
0
VERTEX
8
Layer 1
10
103.924632
20
240.915266
70
0
0
VERTEX
8
Layer 1
10
102.692450
20
240.833471
70
0
0
SEQEND
8
Layer 1
0
POLYLINE
8
Layer 1
62
7
70
0
10
0.000000
20
0.000000
66
1
0
VERTEX
8
Layer 1
10
102.692450
20
254.499342
70
0
0
VERTEX
8
Layer 1
10
102.756662
20
254.433899
70
0
0
VERTEX
8
Layer 1
10
102.692450
20
254.368457
70
0
0
SEQEND
8
Layer 1
0
POLYLINE
8
Layer 1
62
7
70
0
10
0.000000
20
0.000000
66
1
0
VERTEX
8
Layer 1
10
132.578700
20
260.218804
70
0
0
VERTEX
8
Layer 1
10
134.369367
20
259.981271
70
0
0
VERTEX
8
Layer 1
10
136.010179
20
259.299465
70
0
0
VERTEX
8
Layer 1
10
137.421126
20
258.219573
70
0
0
VERTEX
8
Layer 1
10
138.522197
20
256.787784
70
0
0
VERTEX
8
Layer 1
10
139.211793
20
255.118462
70
0
0
VERTEX
8
Layer 1
10
139.441659
20
253.356764
70
0
0
VERTEX
8
Layer 1
10
139.211793
20
251.595066
70
0
0
VERTEX
8
Layer 1
10
138.522197
20
249.925744
70
0
0
VERTEX
8
Layer 1
10
137.421126
20
248.493954
70
0
0
VERTEX
8
Layer 1
10
136.010179
20
247.414063
70
0
0
VERTEX
8
Layer 1
10
134.369367
20
246.732256
70
0
0
VERTEX
8
Layer 1
10
132.578700
20
246.494723
70
0
0
SEQEND
8
Layer 1
0
POLYLINE
8
Layer 1
62
7
70
0
10
0.000000
20
0.000000
66
1
0
VERTEX
8
Layer 1
10
132.578700
20
255.978346
70
0
0
VERTEX
8
Layer 1
10
132.633322
20
255.946814
70
0
0
VERTEX
8
Layer 1
10
132.633322
20
255.883750
70
0
0
VERTEX
8
Layer 1
10
132.578700
20
255.852219
70
0
0
SEQEND
8
Layer 1
0
POLYLINE
8
Layer 1
62
7
70
0
10
0.000000
20
0.000000
66
1
0
VERTEX
8
Layer 1
10
132.578700
20
257.426296
70
0
0
VERTEX
8
Layer 1
10
133.083718
20
257.322389
70
0
0
VERTEX
8
Layer 1
10
133.495770
20
257.043027
70
0
0
VERTEX
8
Layer 1
10
133.773401
20
256.629837
70
0
0
VERTEX
8
Layer 1
10
133.875157
20
256.124446
70
0
0
VERTEX
8
Layer 1
10
133.773401
20
255.619055
70
0
0
VERTEX
8
Layer 1
10
133.495770
20
255.205865
70
0
0
VERTEX
8
Layer 1
10
133.083718
20
254.926503
70
0
0
VERTEX
8
Layer 1
10
132.578700
20
254.822596
70
0
0
SEQEND
8
Layer 1
0
POLYLINE
8
Layer 1
62
7
70
0
10
0.000000
20
0.000000
66
1
0
VERTEX
8
Layer 1
10
132.578700
20
248.251919
70
0
0
VERTEX
8
Layer 1
10
132.906050
20
248.164218
70
0
0
VERTEX
8
Layer 1
10
133.145687
20
247.924613
70
0
0
VERTEX
8
Layer 1
10
133.233400
20
247.597307
70
0
0
VERTEX
8
Layer 1
10
133.145687
20
247.270001
70
0
0
VERTEX
8
Layer 1
10
132.906050
20
247.030396
70
0
0
VERTEX
8
Layer 1
10
132.578700
20
246.942694
70
0
0
SEQEND
8
Layer 1
0
POLYLINE
8
Layer 1
62
7
70
0
10
0.000000
20
0.000000
66
1
0
VERTEX
8
Layer 1
10
132.578700
20
252.728615
70
0
0
VERTEX
8
Layer 1
10
132.924197
20
252.636052
70
0
0
VERTEX
8
Layer 1
10
133.177118
20
252.383164
70
0
0
VERTEX
8
Layer 1
10
133.269694
20
252.037714
70
0
0
VERTEX
8
Layer 1
10
133.177118
20
251.692263
70
0
0
VERTEX
8
Layer 1
10
132.924197
20
251.439375
70
0
0
VERTEX
8
Layer 1
10
132.578700
20
251.346812
70
0
0
SEQEND
8
Layer 1
0
POLYLINE
8
Layer 1
62
7
70
0
10
0.000000
20
0.000000
66
1
0
VERTEX
8
Layer 1
10
149.669929
20
231.505500
70
0
0
VERTEX
8
Layer 1
10
149.918054
20
231.671528
70
0
0
VERTEX
8
Layer 1
10
150.643892
20
231.829663
70
0
0
VERTEX
8
Layer 1
10
153.417504
20
232.104475
70
0
0
VERTEX
8
Layer 1
10
162.464950
20
232.352578
70
0
0
SEQEND
8
Layer 1
0
POLYLINE
8
Layer 1
62
7
70
0
10
0.000000
20
0.000000
66
1
0
VERTEX
8
Layer 1
10
159.798021
20
231.505500
70
0
0
VERTEX
8
Layer 1
10
159.898169
20
231.879207
70
0
0
VERTEX
8
Layer 1
10
160.171778
20
232.152780
70
0
0
VERTEX
8
Layer 1
10
160.545535
20
232.252915
70
0
0
VERTEX
8
Layer 1
10
160.919293
20
232.152780
70
0
0
VERTEX
8
Layer 1
10
161.192902
20
231.879207
70
0
0
VERTEX
8
Layer 1
10
161.293050
20
231.505500
70
0
0
SEQEND
8
Layer 1
0
POLYLINE
8
Layer 1
62
7
70
0
10
0.000000
20
0.000000
66
1
0
VERTEX
8
Layer 1
10
162.464950
20
246.393961
70
0
0
VERTEX
8
Layer 1
10
161.256617
20
246.554246
70
0
0
VERTEX
8
Layer 1
10
160.149405
20
247.014326
70
0
0
VERTEX
8
Layer 1
10
159.197306
20
247.743031
70
0
0
VERTEX
8
Layer 1
10
158.454309
20
248.709195
70
0
0
VERTEX
8
Layer 1
10
157.988972
20
249.835645
70
0
0
VERTEX
8
Layer 1
10
157.833860
20
251.024430
70
0
0
VERTEX
8
Layer 1
10
157.988972
20
252.213215
70
0
0
VERTEX
8
Layer 1
10
158.454309
20
253.339665
70
0
0
VERTEX
8
Layer 1
10
159.197306
20
254.305829
70
0
0
VERTEX
8
Layer 1
10
160.149405
20
255.034535
70
0
0
VERTEX
8
Layer 1
10
161.256617
20
255.494614
70
0
0
VERTEX
8
Layer 1
10
162.464950
20
255.654900
70
0
0
SEQEND
8
Layer 1
0
POLYLINE
8
Layer 1
62
7
70
0
10
0.000000
20
0.000000
66
1
0
VERTEX
8
Layer 1
10
162.464950
20
247.277447
70
0
0
VERTEX
8
Layer 1
10
161.834291
20
247.406947
70
0
0
VERTEX
8
Layer 1
10
161.319680
20
247.755634
70
0
0
VERTEX
8
Layer 1
10
160.972924
20
248.271509
70
0
0
VERTEX
8
Layer 1
10
160.845826
20
248.902575
70
0
0
VERTEX
8
Layer 1
10
160.972924
20
249.533642
70
0
0
VERTEX
8
Layer 1
10
161.319680
20
250.049517
70
0
0
VERTEX
8
Layer 1
10
161.834291
20
250.398203
70
0
0
VERTEX
8
Layer 1
10
162.464950
20
250.527704
70
0
0
SEQEND
8
Layer 1
0
POLYLINE
8
Layer 1
62
7
70
0
10
0.000000
20
0.000000
66
1
0
VERTEX
8
Layer 1
10
162.464950
20
235.759418
70
0
0
VERTEX
8
Layer 1
10
160.951607
20
235.859876
70
0
0
VERTEX
8
Layer 1
10
159.483982
20
236.154844
70
0
0
VERTEX
8
Layer 1
10
158.078723
20
236.634711
70
0
0
VERTEX
8
Layer 1
10
156.752480
20
237.289864
70
0
0
VERTEX
8
Layer 1
10
155.521903
20
238.110694
70
0
0
VERTEX
8
Layer 1
10
154.403642
20
239.087587
70
0
0
VERTEX
8
Layer 1
10
153.414345
20
240.210934
70
0
0
VERTEX
8
Layer 1
10
152.570662
20
241.471123
70
0
0
VERTEX
8
Layer 1
10
151.901002
20
242.831770
70
0
0
VERTEX
8
Layer 1
10
151.422673
20
244.250085
70
0
0
VERTEX
8
Layer 1
10
151.135676
20
245.706845
70
0
0
VERTEX
8
Layer 1
10
151.040010
20
247.182828
70
0
0
VERTEX
8
Layer 1
10
151.135676
20
248.658811
70
0
0
VERTEX
8
Layer 1
10
151.422673
20
250.115571
70
0
0
VERTEX
8
Layer 1
10
151.901002
20
251.533886
70
0
0
VERTEX
8
Layer 1
10
152.570662
20
252.894533
70
0
0
VERTEX
8
Layer 1
10
153.414345
20
254.154722
70
0
0
VERTEX
8
Layer 1
10
154.403642
20
255.278069
70
0
0
VERTEX
8
Layer 1
10
155.521903
20
256.254962
70
0
0
VERTEX
8
Layer 1
10
156.752480
20
257.075792
70
0
0
VERTEX
8
Layer 1
10
158.078723
20
257.730945
70
0
0
VERTEX
8
Layer 1
10
159.483982
20
258.210812
70
0
0
VERTEX
8
Layer 1
10
160.951607
20
258.505780
70
0
0
VERTEX
8
Layer 1
10
162.464950
20
258.606238
70
0
0
SEQEND
8
Layer 1
0
POLYLINE
8
Layer 1
62
7
70
0
10
0.000000
20
0.000000
66
1
0
VERTEX
8
Layer 1
10
147.521825
20
249.890184
70
0
0
VERTEX
8
Layer 1
10
147.598975
20
251.043887
70
0
0
VERTEX
8
Layer 1
10
147.825416
20
252.164263
70
0
0
VERTEX
8
Layer 1
10
148.696130
20
254.282348
70
0
0
VERTEX
8
Layer 1
10
150.073876
20
256.199064
70
0
0
VERTEX
8
Layer 1
10
151.898565
20
257.869036
70
0
0
VERTEX
8
Layer 1
10
154.110107
20
259.246888
70
0
0
VERTEX
8
Layer 1
10
156.648411
20
260.287247
70
0
0
VERTEX
8
Layer 1
10
159.453389
20
260.944738
70
0
0
VERTEX
8
Layer 1
10
162.464950
20
261.173984
70
0
0
SEQEND
8
Layer 1
0
POLYLINE
8
Layer 1
62
7
70
0
10
0.000000
20
0.000000
66
1
0
VERTEX
8
Layer 1
10
147.521825
20
249.890184
70
0
0
VERTEX
8
Layer 1
10
147.444672
20
248.736483
70
0
0
VERTEX
8
Layer 1
10
147.218228
20
247.616108
70
0
0
VERTEX
8
Layer 1
10
146.347511
20
245.498027
70
0
0
VERTEX
8
Layer 1
10
144.969763
20
243.581315
70
0
0
VERTEX
8
Layer 1
10
143.145074
20
241.911347
70
0
0
VERTEX
8
Layer 1
10
140.933533
20
240.533498
70
0
0
VERTEX
8
Layer 1
10
138.395231
20
239.493142
70
0
0
VERTEX
8
Layer 1
10
135.590257
20
238.835653
70
0
0
VERTEX
8
Layer 1
10
132.578700
20
238.606407
70
0
0
SEQEND
8
Layer 1
0
POLYLINE
8
Layer 1
62
7
70
0
10
0.000000
20
0.000000
66
1
0
VERTEX
8
Layer 1
10
161.380342
20
261.387750
70
0
0
VERTEX
8
Layer 1
10
161.239406
20
259.223088
70
0
0
VERTEX
8
Layer 1
10
160.821813
20
257.095090
70
0
0
VERTEX
8
Layer 1
10
160.135386
20
255.018117
70
0
0
VERTEX
8
Layer 1
10
159.187948
20
253.006532
70
0
0
VERTEX
8
Layer 1
10
157.987321
20
251.074694
70
0
0
VERTEX
8
Layer 1
10
156.541328
20
249.236965
70
0
0
VERTEX
8
Layer 1
10
154.857792
20
247.507706
70
0
0
VERTEX
8
Layer 1
10
152.944536
20
245.901278
70
0
0
VERTEX
8
Layer 1
10
150.831967
20
244.446411
70
0
0
VERTEX
8
Layer 1
10
148.557866
20
243.166226
70
0
0
VERTEX
8
Layer 1
10
146.141118
20
242.066673
70
0
0
VERTEX
8
Layer 1
10
143.600611
20
241.153699
70
0
0
VERTEX
8
Layer 1
10
140.955230
20
240.433253
70
0
0
VERTEX
8
Layer 1
10
138.223860
20
239.911284
70
0
0
VERTEX
8
Layer 1
10
135.425388
20
239.593741
70
0
0
VERTEX
8
Layer 1
10
132.578700
20
239.486571
70
0
0
SEQEND
8
Layer 1
0
POLYLINE
8
Layer 1
62
7
70
0
10
0.000000
20
0.000000
66
1
0
VERTEX
8
Layer 1
10
151.290242
20
261.387750
70
0
0
VERTEX
8
Layer 1
10
151.198021
20
260.473057
70
0
0
VERTEX
8
Layer 1
10
150.933526
20
259.621108
70
0
0
VERTEX
8
Layer 1
10
150.515010
20
258.850156
70
0
0
VERTEX
8
Layer 1
10
149.960728
20
258.178450
70
0
0
VERTEX
8
Layer 1
10
149.288933
20
257.624242
70
0
0
VERTEX
8
Layer 1
10
148.517877
20
257.205783
70
0
0
VERTEX
8
Layer 1
10
147.665815
20
256.941324
70
0
0
VERTEX
8
Layer 1
10
146.750999
20
256.849115
70
0
0
VERTEX
8
Layer 1
10
145.836183
20
256.941324
70
0
0
VERTEX
8
Layer 1
10
144.984121
20
257.205783
70
0
0
VERTEX
8
Layer 1
10
144.213065
20
257.624242
70
0
0
VERTEX
8
Layer 1
10
143.541269
20
258.178450
70
0
0
VERTEX
8
Layer 1
10
142.986987
20
258.850156
70
0
0
VERTEX
8
Layer 1
10
142.568472
20
259.621108
70
0
0
VERTEX
8
Layer 1
10
142.303977
20
260.473057
70
0
0
VERTEX
8
Layer 1
10
142.211756
20
261.387750
70
0
0
SEQEND
8
Layer 1
0
POLYLINE
8
Layer 1
62
7
70
0
10
0.000000
20
0.000000
66
1
0
VERTEX
8
Layer 1
10
152.006914
20
261.387750
70
0
0
VERTEX
8
Layer 1
10
151.911846
20
259.454034
70
0
0
VERTEX
8
Layer 1
10
151.630157
20
257.553071
70
0
0
VERTEX
8
Layer 1
10
151.167126
20
255.697690
70
0
0
VERTEX
8
Layer 1
10
150.528030
20
253.900719
70
0
0
VERTEX
8
Layer 1
10
149.718144
20
252.174988
70
0
0
VERTEX
8
Layer 1
10
148.742746
20
250.533325
70
0
0
VERTEX
8
Layer 1
10
147.607113
20
248.988560
70
0
0
VERTEX
8
Layer 1
10
146.316522
20
247.553521
70
0
0
VERTEX
8
Layer 1
10
144.891483
20
246.253873
70
0
0
VERTEX
8
Layer 1
10
143.357483
20
245.110270
70
0
0
VERTEX
8
Layer 1
10
141.727261
20
244.128028
70
0
0
VERTEX
8
Layer 1
10
140.013556
20
243.312459
70
0
0
VERTEX
8
Layer 1
10
138.229108
20
242.668877
70
0
0
VERTEX
8
Layer 1
10
136.386656
20
242.202596
70
0
0
VERTEX
8
Layer 1
10
134.498940
20
241.918931
70
0
0
VERTEX
8
Layer 1
10
132.578700
20
241.823195
70
0
0
SEQEND
8
Layer 1
0
POLYLINE
8
Layer 1
62
7
70
0
10
0.000000
20
0.000000
66
1
0
VERTEX
8
Layer 1
10
160.039119
20
261.387750
70
0
0
VERTEX
8
Layer 1
10
159.802161
20
260.503528
70
0
0
VERTEX
8
Layer 1
10
159.154779
20
259.856233
70
0
0
VERTEX
8
Layer 1
10
158.270439
20
259.619306
70
0
0
VERTEX
8
Layer 1
10
157.386099
20
259.856233
70
0
0
VERTEX
8
Layer 1
10
156.738717
20
260.503528
70
0
0
VERTEX
8
Layer 1
10
156.501758
20
261.387750
70
0
0
SEQEND
8
Layer 1
0
POLYLINE
8
Layer 1
62
7
70
0
10
0.000000
20
0.000000
66
1
0
VERTEX
8
Layer 1
10
132.578700
20
246.390781
70
0
0
VERTEX
8
Layer 1
10
133.289588
20
246.244950
70
0
0
VERTEX
8
Layer 1
10
133.869690
20
245.852005
70
0
0
VERTEX
8
Layer 1
10
134.260589
20
245.270565
70
0
0
VERTEX
8
Layer 1
10
134.403870
20
244.559250
70
0
0
VERTEX
8
Layer 1
10
134.260589
20
243.847935
70
0
0
VERTEX
8
Layer 1
10
133.869690
20
243.266495
70
0
0
VERTEX
8
Layer 1
10
133.289588
20
242.873550
70
0
0
VERTEX
8
Layer 1
10
132.578700
20
242.727719
70
0
0
SEQEND
8
Layer 1
0
POLYLINE
8
Layer 1
62
7
70
0
10
0.000000
20
0.000000
66
1
0
VERTEX
8
Layer 1
10
132.578700
20
234.158805
70
0
0
VERTEX
8
Layer 1
10
136.326166
20
233.956834
70
0
0
VERTEX
8
Layer 1
10
139.503114
20
233.381670
70
0
0
VERTEX
8
Layer 1
10
140.726029
20
232.977555
70
0
0
VERTEX
8
Layer 1
10
141.625883
20
232.520876
70
0
0
VERTEX
8
Layer 1
10
142.181400
20
232.025551
70
0
0
VERTEX
8
Layer 1
10
142.371300
20
231.505500
70
0
0
SEQEND
8
Layer 1
0
POLYLINE
8
Layer 1
62
7
70
0
10
0.000000
20
0.000000
66
1
0
VERTEX
8
Layer 1
10
136.001991
20
231.505500
70
0
0
VERTEX
8
Layer 1
10
136.114398
20
231.772339
70
0
0
VERTEX
8
Layer 1
10
136.382156
20
231.882612
70
0
0
VERTEX
8
Layer 1
10
136.649913
20
231.772339
70
0
0
VERTEX
8
Layer 1
10
136.762321
20
231.505500
70
0
0
SEQEND
8
Layer 1
0
POLYLINE
8
Layer 1
62
7
70
0
10
0.000000
20
0.000000
66
1
0
VERTEX
8
Layer 1
10
132.578700
20
233.602828
70
0
0
VERTEX
8
Layer 1
10
134.865939
20
233.443178
70
0
0
VERTEX
8
Layer 1
10
136.804967
20
232.988535
70
0
0
VERTEX
8
Layer 1
10
138.100583
20
232.308113
70
0
0
VERTEX
8
Layer 1
10
138.439639
20
231.916579
70
0
0
VERTEX
8
Layer 1
10
138.555544
20
231.505500
70
0
0
SEQEND
8
Layer 1
0
POLYLINE
8
Layer 1
62
7
70
0
10
0.000000
20
0.000000
66
1
0
VERTEX
8
Layer 1
10
162.464950
20
259.792086
70
0
0
VERTEX
8
Layer 1
10
162.039582
20
259.970609
70
0
0
VERTEX
8
Layer 1
10
161.863712
20
260.397034
70
0
0
VERTEX
8
Layer 1
10
162.039582
20
260.823459
70
0
0
VERTEX
8
Layer 1
10
162.464950
20
261.001982
70
0
0
SEQEND
8
Layer 1
0
POLYLINE
8
Layer 1
62
7
70
0
10
0.000000
20
0.000000
66
1
0
VERTEX
8
Layer 1
10
132.578700
20
237.777808
70
0
0
VERTEX
8
Layer 1
10
132.994897
20
237.605437
70
0
0
VERTEX
8
Layer 1
10
133.167292
20
237.189295
70
0
0
VERTEX
8
Layer 1
10
132.994897
20
236.773154
70
0
0
VERTEX
8
Layer 1
10
132.578700
20
236.600782
70
0
0
SEQEND
8
Layer 1
0
POLYLINE
8
Layer 1
62
7
70
0
10
0.000000
20
0.000000
66
1
0
VERTEX
8
Layer 1
10
148.725093
20
231.505500
70
0
0
VERTEX
8
Layer 1
10
148.991540
20
231.784127
70
0
0
VERTEX
8
Layer 1
10
149.770978
20
232.049507
70
0
0
VERTEX
8
Layer 1
10
152.749404
20
232.510694
70
0
0
VERTEX
8
Layer 1
10
157.206934
20
232.818849
70
0
0
VERTEX
8
Layer 1
10
162.464950
20
232.927058
70
0
0
SEQEND
8
Layer 1
0
POLYLINE
8
Layer 1
62
7
70
0
10
0.000000
20
0.000000
66
1
0
VERTEX
8
Layer 1
10
147.521825
20
246.749727
70
0
0
VERTEX
8
Layer 1
10
147.598975
20
247.971621
70
0
0
VERTEX
8
Layer 1
10
147.825416
20
249.158219
70
0
0
VERTEX
8
Layer 1
10
148.696130
20
251.401497
70
0
0
VERTEX
8
Layer 1
10
150.073876
20
253.431504
70
0
0
VERTEX
8
Layer 1
10
151.898565
20
255.200182
70
0
0
VERTEX
8
Layer 1
10
154.110107
20
256.659475
70
0
0
VERTEX
8
Layer 1
10
156.648411
20
257.761326
70
0
0
VERTEX
8
Layer 1
10
159.453389
20
258.457678
70
0
0
VERTEX
8
Layer 1
10
162.464950
20
258.700475
70
0
0
SEQEND
8
Layer 1
0
POLYLINE
8
Layer 1
62
7
70
0
10
0.000000
20
0.000000
66
1
0
VERTEX
8
Layer 1
10
147.521825
20
246.749727
70
0
0
VERTEX
8
Layer 1
10
147.232044
20
244.407364
70
0
0
VERTEX
8
Layer 1
10
146.384347
20
242.176373
70
0
0
VERTEX
8
Layer 1
10
145.011205
20
240.119445
70
0
0
VERTEX
8
Layer 1
10
143.145085
20
238.299271
70
0
0
VERTEX
8
Layer 1
10
140.869153
20
236.806844
70
0
0
VERTEX
8
Layer 1
10
138.297186
20
235.708675
70
0
0
VERTEX
8
Layer 1
10
135.507572
20
235.030730
70
0
0
VERTEX
8
Layer 1
10
132.578700
20
234.798978
70
0
0
SEQEND
8
Layer 1
0
POLYLINE
8
Layer 1
62
7
70
0
10
0.000000
20
0.000000
66
1
0
VERTEX
8
Layer 1
10
162.464950
20
241.217757
70
0
0
VERTEX
8
Layer 1
10
162.090876
20
241.294958
70
0
0
VERTEX
8
Layer 1
10
161.785705
20
241.502047
70
0
0
VERTEX
8
Layer 1
10
161.580110
20
241.808204
70
0
0
VERTEX
8
Layer 1
10
161.504762
20
242.182607
70
0
0
VERTEX
8
Layer 1
10
161.580110
20
242.557011
70
0
0
VERTEX
8
Layer 1
10
161.785705
20
242.863168
70
0
0
VERTEX
8
Layer 1
10
162.090876
20
243.070257
70
0
0
VERTEX
8
Layer 1
10
162.464950
20
243.147457
70
0
0
SEQEND
8
Layer 1
0
POLYLINE
8
Layer 1
62
7
70
0
10
0.000000
20
0.000000
66
1
0
VERTEX
8
Layer 1
10
162.464950
20
241.661114
70
0
0
VERTEX
8
Layer 1
10
162.459297
20
241.664377
70
0
0
VERTEX
8
Layer 1
10
162.459297
20
241.670904
70
0
0
VERTEX
8
Layer 1
10
162.464950
20
241.674167
70
0
0
SEQEND
8
Layer 1
0
POLYLINE
8
Layer 1
62
7
70
0
10
0.000000
20
0.000000
66
1
0
VERTEX
8
Layer 1
10
162.464950
20
243.581037
70
0
0
VERTEX
8
Layer 1
10
160.628837
20
243.824598
70
0
0
VERTEX
8
Layer 1
10
158.946382
20
244.523708
70
0
0
VERTEX
8
Layer 1
10
157.499626
20
245.631007
70
0
0
VERTEX
8
Layer 1
10
156.370611
20
247.099134
70
0
0
VERTEX
8
Layer 1
10
155.663513
20
248.810822
70
0
0
VERTEX
8
Layer 1
10
155.427814
20
250.617231
70
0
0
VERTEX
8
Layer 1
10
155.663513
20
252.423640
70
0
0
VERTEX
8
Layer 1
10
156.370611
20
254.135328
70
0
0
VERTEX
8
Layer 1
10
157.499626
20
255.603455
70
0
0
VERTEX
8
Layer 1
10
158.946382
20
256.710754
70
0
0
VERTEX
8
Layer 1
10
160.628837
20
257.409864
70
0
0
VERTEX
8
Layer 1
10
162.464950
20
257.653425
70
0
0
SEQEND
8
Layer 1
0
POLYLINE
8
Layer 1
62
7
70
0
10
0.000000
20
0.000000
66
1
0
VERTEX
8
Layer 1
10
162.464950
20
238.791438
70
0
0
VERTEX
8
Layer 1
10
162.087588
20
238.892538
70
0
0
VERTEX
8
Layer 1
10
161.811340
20
239.168749
70
0
0
VERTEX
8
Layer 1
10
161.710227
20
239.546060
70
0
0
VERTEX
8
Layer 1
10
161.811340
20
239.923372
70
0
0
VERTEX
8
Layer 1
10
162.087588
20
240.199583
70
0
0
VERTEX
8
Layer 1
10
162.464950
20
240.300683
70
0
0
SEQEND
8
Layer 1
0
POLYLINE
8
Layer 1
62
7
70
0
10
0.000000
20
0.000000
66
1
0
VERTEX
8
Layer 1
10
174.307484
20
231.505500
70
0
0
VERTEX
8
Layer 1
10
174.395778
20
231.931467
70
0
0
VERTEX
8
Layer 1
10
174.657393
20
232.350219
70
0
0
VERTEX
8
Layer 1
10
175.680980
20
233.154774
70
0
0
VERTEX
8
Layer 1
10
177.339040
20
233.896558
70
0
0
VERTEX
8
Layer 1
10
179.592366
20
234.552962
70
0
0
VERTEX
8
Layer 1
10
182.340537
20
235.091171
70
0
0
VERTEX
8
Layer 1
10
185.446169
20
235.487200
70
0
0
VERTEX
8
Layer 1
10
188.814608
20
235.731686
70
0
0
VERTEX
8
Layer 1
10
192.351200
20
235.815262
70
0
0
SEQEND
8
Layer 1
0
POLYLINE
8
Layer 1
62
7
70
0
10
0.000000
20
0.000000
66
1
0
VERTEX
8
Layer 1
10
178.912047
20
231.505500
70
0
0
VERTEX
8
Layer 1
10
179.123314
20
233.097733
70
0
0
VERTEX
8
Layer 1
10
179.729727
20
234.556717
70
0
0
VERTEX
8
Layer 1
10
180.690207
20
235.811308
70
0
0
VERTEX
8
Layer 1
10
181.963672
20
236.790362
70
0
0
VERTEX
8
Layer 1
10
183.448404
20
237.403541
70
0
0
VERTEX
8
Layer 1
10
185.015297
20
237.607934
70
0
0
VERTEX
8
Layer 1
10
186.582190
20
237.403541
70
0
0
VERTEX
8
Layer 1
10
188.066922
20
236.790362
70
0
0
VERTEX
8
Layer 1
10
189.340387
20
235.811308
70
0
0
VERTEX
8
Layer 1
10
190.300867
20
234.556717
70
0
0
VERTEX
8
Layer 1
10
190.907281
20
233.097733
70
0
0
VERTEX
8
Layer 1
10
191.118548
20
231.505500
70
0
0
SEQEND
8
Layer 1
0
POLYLINE
8
Layer 1
62
7
70
0
10
0.000000
20
0.000000
66
1
0
VERTEX
8
Layer 1
10
179.231112
20
231.505500
70
0
0
VERTEX
8
Layer 1
10
179.342037
20
232.584368
70
0
0
VERTEX
8
Layer 1
10
179.655794
20
233.588986
70
0
0
VERTEX
8
Layer 1
10
180.150882
20
234.497904
70
0
0
VERTEX
8
Layer 1
10
180.805802
20
235.289668
70
0
0
VERTEX
8
Layer 1
10
181.599054
20
235.942827
70
0
0
VERTEX
8
Layer 1
10
182.509136
20
236.435929
70
0
0
VERTEX
8
Layer 1
10
183.514550
20
236.747522
70
0
0
VERTEX
8
Layer 1
10
184.593793
20
236.856154
70
0
0
VERTEX
8
Layer 1
10
185.673037
20
236.747522
70
0
0
VERTEX
8
Layer 1
10
186.678450
20
236.435929
70
0
0
VERTEX
8
Layer 1
10
187.588533
20
235.942827
70
0
0
VERTEX
8
Layer 1
10
188.381785
20
235.289668
70
0
0
VERTEX
8
Layer 1
10
189.036705
20
234.497904
70
0
0
VERTEX
8
Layer 1
10
189.531793
20
233.588986
70
0
0
VERTEX
8
Layer 1
10
189.845550
20
232.584368
70
0
0
VERTEX
8
Layer 1
10
189.956475
20
231.505500
70
0
0
SEQEND
8
Layer 1
0
POLYLINE
8
Layer 1
62
7
70
0
10
0.000000
20
0.000000
66
1
0
VERTEX
8
Layer 1
10
192.088129
20
231.505500
70
0
0
VERTEX
8
Layer 1
10
192.165181
20
233.616804
70
0
0
VERTEX
8
Layer 1
10
192.351200
20
234.491334
70
0
0
SEQEND
8
Layer 1
0
POLYLINE
8
Layer 1
62
7
70
0
10
0.000000
20
0.000000
66
1
0
VERTEX
8
Layer 1
10
162.464950
20
258.606238
70
0
0
VERTEX
8
Layer 1
10
162.799690
20
258.465515
70
0
0
VERTEX
8
Layer 1
10
162.938057
20
258.129832
70
0
0
VERTEX
8
Layer 1
10
162.799690
20
257.794148
70
0
0
VERTEX
8
Layer 1
10
162.464950
20
257.653425
70
0
0
SEQEND
8
Layer 1
0
POLYLINE
8
Layer 1
62
7
70
0
10
0.000000
20
0.000000
66
1
0
VERTEX
8
Layer 1
10
177.408075
20
246.319470
70
0
0
VERTEX
8
Layer 1
10
177.711666
20
247.255656
70
0
0
VERTEX
8
Layer 1
10
178.582380
20
248.127622
70
0
0
VERTEX
8
Layer 1
10
179.960126
20
248.916690
70
0
0
VERTEX
8
Layer 1
10
181.784815
20
249.604179
70
0
0
VERTEX
8
Layer 1
10
183.996357
20
250.171409
70
0
0
VERTEX
8
Layer 1
10
186.534661
20
250.599700
70
0
0
VERTEX
8
Layer 1
10
189.339639
20
250.870374
70
0
0
VERTEX
8
Layer 1
10
192.351200
20
250.964749
70
0
0
SEQEND
8
Layer 1
0
POLYLINE
8
Layer 1
62
7
70
0
10
0.000000
20
0.000000
66
1
0
VERTEX
8
Layer 1
10
177.408075
20
246.319470
70
0
0
VERTEX
8
Layer 1
10
177.118294
20
245.408989
70
0
0
VERTEX
8
Layer 1
10
176.270597
20
244.541799
70
0
0
VERTEX
8
Layer 1
10
174.897455
20
243.742267
70
0
0
VERTEX
8
Layer 1
10
173.031335
20
243.034761
70
0
0
VERTEX
8
Layer 1
10
170.755403
20
242.454652
70
0
0
VERTEX
8
Layer 1
10
168.183436
20
242.027791
70
0
0
VERTEX
8
Layer 1
10
165.393822
20
241.764273
70
0
0
VERTEX
8
Layer 1
10
162.464950
20
241.674191
70
0
0
SEQEND
8
Layer 1
0
POLYLINE
8
Layer 1
62
7
70
0
10
0.000000
20
0.000000
66
1
0
VERTEX
8
Layer 1
10
162.464950
20
241.217757
70
0
0
VERTEX
8
Layer 1
10
163.621646
20
241.064321
70
0
0
VERTEX
8
Layer 1
10
164.681541
20
240.623903
70
0
0
VERTEX
8
Layer 1
10
165.592954
20
239.926338
70
0
0
VERTEX
8
Layer 1
10
166.304199
20
239.001462
70
0
0
VERTEX
8
Layer 1
10
166.749649
20
237.923151
70
0
0
VERTEX
8
Layer 1
10
166.898133
20
236.785168
70
0
0
VERTEX
8
Layer 1
10
166.749649
20
235.647185
70
0
0
VERTEX
8
Layer 1
10
166.304199
20
234.568873
70
0
0
VERTEX
8
Layer 1
10
165.592954
20
233.643997
70
0
0
VERTEX
8
Layer 1
10
164.681541
20
232.946433
70
0
0
VERTEX
8
Layer 1
10
163.621646
20
232.506014
70
0
0
VERTEX
8
Layer 1
10
162.464950
20
232.352578
70
0
0
SEQEND
8
Layer 1
0
POLYLINE
8
Layer 1
62
7
70
0
10
0.000000
20
0.000000
66
1
0
VERTEX
8
Layer 1
10
162.464950
20
235.759418
70
0
0
VERTEX
8
Layer 1
10
163.173135
20
235.569685
70
0
0
VERTEX
8
Layer 1
10
163.691562
20
235.051328
70
0
0
VERTEX
8
Layer 1
10
163.881319
20
234.343238
70
0
0
VERTEX
8
Layer 1
10
163.691562
20
233.635148
70
0
0
VERTEX
8
Layer 1
10
163.173135
20
233.116790
70
0
0
VERTEX
8
Layer 1
10
162.464950
20
232.927058
70
0
0
SEQEND
8
Layer 1
0
POLYLINE
8
Layer 1
62
7
70
0
10
0.000000
20
0.000000
66
1
0
VERTEX
8
Layer 1
10
162.464950
20
240.300683
70
0
0
VERTEX
8
Layer 1
10
162.842312
20
240.199583
70
0
0
VERTEX
8
Layer 1
10
163.118560
20
239.923372
70
0
0
VERTEX
8
Layer 1
10
163.219673
20
239.546060
70
0
0
VERTEX
8
Layer 1
10
163.118560
20
239.168749
70
0
0
VERTEX
8
Layer 1
10
162.842312
20
238.892538
70
0
0
VERTEX
8
Layer 1
10
162.464950
20
238.791438
70
0
0
SEQEND
8
Layer 1
0
POLYLINE
8
Layer 1
62
7
70
0
10
0.000000
20
0.000000
66
1
0
VERTEX
8
Layer 1
10
177.408075
20
242.667644
70
0
0
VERTEX
8
Layer 1
10
177.711666
20
242.870500
70
0
0
VERTEX
8
Layer 1
10
178.582380
20
243.059440
70
0
0
VERTEX
8
Layer 1
10
181.784815
20
243.379385
70
0
0
VERTEX
8
Layer 1
10
186.534661
20
243.595098
70
0
0
VERTEX
8
Layer 1
10
192.351200
20
243.674198
70
0
0
SEQEND
8
Layer 1
0
POLYLINE
8
Layer 1
62
7
70
0
10
0.000000
20
0.000000
66
1
0
VERTEX
8
Layer 1
10
177.408075
20
242.667644
70
0
0
VERTEX
8
Layer 1
10
177.104422
20
242.464792
70
0
0
VERTEX
8
Layer 1
10
176.233668
20
242.275855
70
0
0
VERTEX
8
Layer 1
10
173.031210
20
241.955918
70
0
0
VERTEX
8
Layer 1
10
168.281403
20
241.740212
70
0
0
VERTEX
8
Layer 1
10
162.464950
20
241.661114
70
0
0
SEQEND
8
Layer 1
0
POLYLINE
8
Layer 1
62
7
70
0
10
0.000000
20
0.000000
66
1
0
VERTEX
8
Layer 1
10
168.941779
20
231.505500
70
0
0
VERTEX
8
Layer 1
10
169.056329
20
232.702081
70
0
0
VERTEX
8
Layer 1
10
169.395740
20
233.878394
70
0
0
VERTEX
8
Layer 1
10
169.953655
20
235.026501
70
0
0
VERTEX
8
Layer 1
10
170.723715
20
236.138464
70
0
0
VERTEX
8
Layer 1
10
171.699561
20
237.206344
70
0
0
VERTEX
8
Layer 1
10
172.874836
20
238.222203
70
0
0
VERTEX
8
Layer 1
10
174.243182
20
239.178101
70
0
0
VERTEX
8
Layer 1
10
175.798239
20
240.066101
70
0
0
VERTEX
8
Layer 1
10
179.363641
20
241.577981
70
0
0
VERTEX
8
Layer 1
10
183.392802
20
242.690465
70
0
0
VERTEX
8
Layer 1
10
187.762922
20
243.377246
70
0
0
VERTEX
8
Layer 1
10
192.351200
20
243.612019
70
0
0
SEQEND
8
Layer 1
0
POLYLINE
8
Layer 1
62
7
70
0
10
0.000000
20
0.000000
66
1
0
VERTEX
8
Layer 1
10
172.655994
20
231.505500
70
0
0
VERTEX
8
Layer 1
10
172.752369
20
232.697650
70
0
0
VERTEX
8
Layer 1
10
173.037928
20
233.869608
70
0
0
VERTEX
8
Layer 1
10
173.507323
20
235.013465
70
0
0
VERTEX
8
Layer 1
10
174.155202
20
236.121311
70
0
0
VERTEX
8
Layer 1
10
174.976218
20
237.185237
70
0
0
VERTEX
8
Layer 1
10
175.965020
20
238.197335
70
0
0
VERTEX
8
Layer 1
10
178.424586
20
240.034407
70
0
0
VERTEX
8
Layer 1
10
181.424290
20
241.540689
70
0
0
VERTEX
8
Layer 1
10
184.814171
20
242.649053
70
0
0
VERTEX
8
Layer 1
10
188.490913
20
243.333292
70
0
0
VERTEX
8
Layer 1
10
192.351200
20
243.567195
70
0
0
SEQEND
8
Layer 1
0
POLYLINE
8
Layer 1
62
7
70
0
10
0.000000
20
0.000000
66
1
0
VERTEX
8
Layer 1
10
162.464950
20
258.700475
70
0
0
VERTEX
8
Layer 1
10
163.055832
20
258.579075
70
0
0
VERTEX
8
Layer 1
10
163.537973
20
258.252334
70
0
0
VERTEX
8
Layer 1
10
163.862844
20
257.768967
70
0
0
VERTEX
8
Layer 1
10
163.981919
20
257.177688
70
0
0
VERTEX
8
Layer 1
10
163.862844
20
256.586408
70
0
0
VERTEX
8
Layer 1
10
163.537973
20
256.103041
70
0
0
VERTEX
8
Layer 1
10
163.055832
20
255.776300
70
0
0
VERTEX
8
Layer 1
10
162.464950
20
255.654900
70
0
0
SEQEND
8
Layer 1
0
POLYLINE
8
Layer 1
62
7
70
0
10
0.000000
20
0.000000
66
1
0
VERTEX
8
Layer 1
10
189.153802
20
261.387750
70
0
0
VERTEX
8
Layer 1
10
188.636244
20
261.074998
70
0
0
VERTEX
8
Layer 1
10
187.122234
20
260.777116
70
0
0
VERTEX
8
Layer 1
10
181.336818
20
260.259445
70
0
0
VERTEX
8
Layer 1
10
172.678331
20
259.913548
70
0
0
VERTEX
8
Layer 1
10
162.464950
20
259.792086
70
0
0
SEQEND
8
Layer 1
0
POLYLINE
8
Layer 1
62
7
70
0
10
0.000000
20
0.000000
66
1
0
VERTEX
8
Layer 1
10
185.608790
20
261.387750
70
0
0
VERTEX
8
Layer 1
10
185.523345
20
260.100911
70
0
0
VERTEX
8
Layer 1
10
185.272457
20
258.852946
70
0
0
VERTEX
8
Layer 1
10
184.864304
20
257.658013
70
0
0
VERTEX
8
Layer 1
10
184.307058
20
256.530271
70
0
0
VERTEX
8
Layer 1
10
183.608897
20
255.483875
70
0
0
VERTEX
8
Layer 1
10
182.777993
20
254.532985
70
0
0
VERTEX
8
Layer 1
10
181.822523
20
253.691757
70
0
0
VERTEX
8
Layer 1
10
180.750661
20
252.974349
70
0
0
VERTEX
8
Layer 1
10
179.593353
20
252.404918
70
0
0
VERTEX
8
Layer 1
10
178.386996
20
251.998181
70
0
0
VERTEX
8
Layer 1
10
177.147938
20
251.754139
70
0
0
VERTEX
8
Layer 1
10
175.892531
20
251.672791
70
0
0
VERTEX
8
Layer 1
10
174.637124
20
251.754139
70
0
0
VERTEX
8
Layer 1
10
173.398067
20
251.998181
70
0
0
VERTEX
8
Layer 1
10
172.191710
20
252.404918
70
0
0
VERTEX
8
Layer 1
10
171.034402
20
252.974349
70
0
0
VERTEX
8
Layer 1
10
169.962540
20
253.691757
70
0
0
VERTEX
8
Layer 1
10
169.007070
20
254.532985
70
0
0
VERTEX
8
Layer 1
10
168.176166
20
255.483875
70
0
0
VERTEX
8
Layer 1
10
167.478004
20
256.530271
70
0
0
VERTEX
8
Layer 1
10
166.920759
20
257.658013
70
0
0
VERTEX
8
Layer 1
10
166.512605
20
258.852946
70
0
0
VERTEX
8
Layer 1
10
166.261718
20
260.100911
70
0
0
VERTEX
8
Layer 1
10
166.176272
20
261.387750
70
0
0
SEQEND
8
Layer 1
0
POLYLINE
8
Layer 1
62
7
70
0
10
0.000000
20
0.000000
66
1
0
VERTEX
8
Layer 1
10
177.185865
20
261.387750
70
0
0
VERTEX
8
Layer 1
10
177.074953
20
260.309012
70
0
0
VERTEX
8
Layer 1
10
176.761235
20
259.304515
70
0
0
VERTEX
8
Layer 1
10
176.266205
20
258.395707
70
0
0
VERTEX
8
Layer 1
10
175.611364
20
257.604038
70
0
0
VERTEX
8
Layer 1
10
174.818208
20
256.950957
70
0
0
VERTEX
8
Layer 1
10
173.908235
20
256.457915
70
0
0
VERTEX
8
Layer 1
10
172.902943
20
256.146359
70
0
0
VERTEX
8
Layer 1
10
171.823829
20
256.037741
70
0
0
VERTEX
8
Layer 1
10
170.744715
20
256.146359
70
0
0
VERTEX
8
Layer 1
10
169.739423
20
256.457915
70
0
0
VERTEX
8
Layer 1
10
168.829450
20
256.950957
70
0
0
VERTEX
8
Layer 1
10
168.036294
20
257.604038
70
0
0
VERTEX
8
Layer 1
10
167.381453
20
258.395707
70
0
0
VERTEX
8
Layer 1
10
166.886424
20
259.304515
70
0
0
VERTEX
8
Layer 1
10
166.572705
20
260.309012
70
0
0
VERTEX
8
Layer 1
10
166.461794
20
261.387750
70
0
0
SEQEND
8
Layer 1
0
POLYLINE
8
Layer 1
62
7
70
0
10
0.000000
20
0.000000
66
1
0
VERTEX
8
Layer 1
10
187.921317
20
261.387750
70
0
0
VERTEX
8
Layer 1
10
187.824737
20
259.933234
70
0
0
VERTEX
8
Layer 1
10
187.541159
20
258.522657
70
0
0
VERTEX
8
Layer 1
10
187.079822
20
257.172024
70
0
0
VERTEX
8
Layer 1
10
186.449967
20
255.897335
70
0
0
VERTEX
8
Layer 1
10
185.660834
20
254.714593
70
0
0
VERTEX
8
Layer 1
10
184.721663
20
253.639800
70
0
0
VERTEX
8
Layer 1
10
183.641693
20
252.688959
70
0
0
VERTEX
8
Layer 1
10
182.430166
20
251.878072
70
0
0
VERTEX
8
Layer 1
10
181.122060
20
251.234443
70
0
0
VERTEX
8
Layer 1
10
179.758513
20
250.774708
70
0
0
VERTEX
8
Layer 1
10
178.358005
20
250.498867
70
0
0
VERTEX
8
Layer 1
10
176.939016
20
250.406920
70
0
0
VERTEX
8
Layer 1
10
175.520028
20
250.498867
70
0
0
VERTEX
8
Layer 1
10
174.119520
20
250.774708
70
0
0
VERTEX
8
Layer 1
10
172.755973
20
251.234443
70
0
0
VERTEX
8
Layer 1
10
171.447866
20
251.878072
70
0
0
VERTEX
8
Layer 1
10
170.236339
20
252.688959
70
0
0
VERTEX
8
Layer 1
10
169.156370
20
253.639800
70
0
0
VERTEX
8
Layer 1
10
168.217199
20
254.714593
70
0
0
VERTEX
8
Layer 1
10
167.428065
20
255.897335
70
0
0
VERTEX
8
Layer 1
10
166.798210
20
257.172024
70
0
0
VERTEX
8
Layer 1
10
166.336874
20
258.522657
70
0
0
VERTEX
8
Layer 1
10
166.053295
20
259.933234
70
0
0
VERTEX
8
Layer 1
10
165.956716
20
261.387750
70
0
0
SEQEND
8
Layer 1
0
POLYLINE
8
Layer 1
62
7
70
0
10
0.000000
20
0.000000
66
1
0
VERTEX
8
Layer 1
10
162.464950
20
261.173984
70
0
0
VERTEX
8
Layer 1
10
162.539439
20
261.130984
70
0
0
VERTEX
8
Layer 1
10
162.539439
20
261.044983
70
0
0
VERTEX
8
Layer 1
10
162.464950
20
261.001982
70
0
0
SEQEND
8
Layer 1
0
POLYLINE
8
Layer 1
62
7
70
0
10
0.000000
20
0.000000
66
1
0
VERTEX
8
Layer 1
10
177.408075
20
251.280473
70
0
0
VERTEX
8
Layer 1
10
177.697856
20
252.065072
70
0
0
VERTEX
8
Layer 1
10
178.545553
20
252.812365
70
0
0
VERTEX
8
Layer 1
10
179.918695
20
253.501354
70
0
0
VERTEX
8
Layer 1
10
181.784815
20
254.111040
70
0
0
VERTEX
8
Layer 1
10
184.060747
20
254.610944
70
0
0
VERTEX
8
Layer 1
10
186.632714
20
254.978787
70
0
0
VERTEX
8
Layer 1
10
189.422328
20
255.205872
70
0
0
VERTEX
8
Layer 1
10
192.351200
20
255.283500
70
0
0
SEQEND
8
Layer 1
0
POLYLINE
8
Layer 1
62
7
70
0
10
0.000000
20
0.000000
66
1
0
VERTEX
8
Layer 1
10
177.408075
20
251.280473
70
0
0
VERTEX
8
Layer 1
10
177.118294
20
250.495875
70
0
0
VERTEX
8
Layer 1
10
176.270597
20
249.748582
70
0
0
VERTEX
8
Layer 1
10
174.897455
20
249.059592
70
0
0
VERTEX
8
Layer 1
10
173.031335
20
248.449906
70
0
0
VERTEX
8
Layer 1
10
170.755403
20
247.950003
70
0
0
VERTEX
8
Layer 1
10
168.183436
20
247.582159
70
0
0
VERTEX
8
Layer 1
10
165.393822
20
247.355075
70
0
0
VERTEX
8
Layer 1
10
162.464950
20
247.277447
70
0
0
SEQEND
8
Layer 1
0
POLYLINE
8
Layer 1
62
7
70
0
10
0.000000
20
0.000000
66
1
0
VERTEX
8
Layer 1
10
177.408075
20
250.174782
70
0
0
VERTEX
8
Layer 1
10
177.711666
20
250.936745
70
0
0
VERTEX
8
Layer 1
10
178.582380
20
251.646439
70
0
0
VERTEX
8
Layer 1
10
179.960126
20
252.288662
70
0
0
VERTEX
8
Layer 1
10
181.784815
20
252.848210
70
0
0
VERTEX
8
Layer 1
10
183.996357
20
253.309879
70
0
0
VERTEX
8
Layer 1
10
186.534661
20
253.658466
70
0
0
VERTEX
8
Layer 1
10
189.339639
20
253.878768
70
0
0
VERTEX
8
Layer 1
10
192.351200
20
253.955580
70
0
0
SEQEND
8
Layer 1
0
POLYLINE
8
Layer 1
62
7
70
0
10
0.000000
20
0.000000
66
1
0
VERTEX
8
Layer 1
10
177.408075
20
250.174782
70
0
0
VERTEX
8
Layer 1
10
177.118294
20
249.433741
70
0
0
VERTEX
8
Layer 1
10
176.270597
20
248.727934
70
0
0
VERTEX
8
Layer 1
10
174.897455
20
248.077194
70
0
0
VERTEX
8
Layer 1
10
173.031335
20
247.501354
70
0
0
VERTEX
8
Layer 1
10
170.755403
20
247.029203
70
0
0
VERTEX
8
Layer 1
10
168.183436
20
246.681781
70
0
0
VERTEX
8
Layer 1
10
162.464950
20
246.393984
70
0
0
SEQEND
8
Layer 1
0
POLYLINE
8
Layer 1
62
7
70
0
10
0.000000
20
0.000000
66
1
0
VERTEX
8
Layer 1
10
162.464950
20
243.581037
70
0
0
VERTEX
8
Layer 1
10
162.652721
20
243.472642
70
0
0
VERTEX
8
Layer 1
10
162.652721
20
243.255852
70
0
0
VERTEX
8
Layer 1
10
162.464950
20
243.147457
70
0
0
SEQEND
8
Layer 1
0
POLYLINE
8
Layer 1
62
7
70
0
10
0.000000
20
0.000000
66
1
0
VERTEX
8
Layer 1
10
177.408075
20
254.204129
70
0
0
VERTEX
8
Layer 1
10
177.711683
20
254.945053
70
0
0
VERTEX
8
Layer 1
10
178.582408
20
255.635152
70
0
0
VERTEX
8
Layer 1
10
179.960160
20
256.259641
70
0
0
VERTEX
8
Layer 1
10
181.784849
20
256.803739
70
0
0
VERTEX
8
Layer 1
10
183.996388
20
257.252660
70
0
0
VERTEX
8
Layer 1
10
186.534685
20
257.591621
70
0
0
VERTEX
8
Layer 1
10
189.339652
20
257.805839
70
0
0
VERTEX
8
Layer 1
10
192.351200
20
257.880530
70
0
0
SEQEND
8
Layer 1
0
POLYLINE
8
Layer 1
62
7
70
0
10
0.000000
20
0.000000
66
1
0
VERTEX
8
Layer 1
10
177.408075
20
254.204129
70
0
0
VERTEX
8
Layer 1
10
177.118294
20
253.483545
70
0
0
VERTEX
8
Layer 1
10
176.270597
20
252.797222
70
0
0
VERTEX
8
Layer 1
10
174.897455
20
252.164446
70
0
0
VERTEX
8
Layer 1
10
173.031335
20
251.604504
70
0
0
VERTEX
8
Layer 1
10
170.755403
20
251.145386
70
0
0
VERTEX
8
Layer 1
10
168.183436
20
250.807555
70
0
0
VERTEX
8
Layer 1
10
162.464950
20
250.527704
70
0
0
SEQEND
8
Layer 1
0
POLYLINE
8
Layer 1
62
7
70
0
10
0.000000
20
0.000000
66
1
0
VERTEX
8
Layer 1
10
222.237450
20
249.393015
70
0
0
VERTEX
8
Layer 1
10
211.670904
20
249.623195
70
0
0
VERTEX
8
Layer 1
10
208.431672
20
249.878153
70
0
0
VERTEX
8
Layer 1
10
207.584028
20
250.024862
70
0
0
VERTEX
8
Layer 1
10
207.294325
20
250.178894
70
0
0
SEQEND
8
Layer 1
0
POLYLINE
8
Layer 1
62
7
70
0
10
0.000000
20
0.000000
66
1
0
VERTEX
8
Layer 1
10
192.351200
20
250.964749
70
0
0
VERTEX
8
Layer 1
10
202.917585
20
250.734578
70
0
0
VERTEX
8
Layer 1
10
206.120020
20
250.484784
70
0
0
VERTEX
8
Layer 1
10
206.990734
20
250.337271
70
0
0
VERTEX
8
Layer 1
10
207.294325
20
250.178894
70
0
0
SEQEND
8
Layer 1
0
POLYLINE
8
Layer 1
62
7
70
0
10
0.000000
20
0.000000
66
1
0
VERTEX
8
Layer 1
10
205.594036
20
261.387750
70
0
0
VERTEX
8
Layer 1
10
205.337228
20
260.191309
70
0
0
VERTEX
8
Layer 1
10
204.585986
20
259.051755
70
0
0
VERTEX
8
Layer 1
10
203.369084
20
258.001109
70
0
0
VERTEX
8
Layer 1
10
201.715299
20
257.071393
70
0
0
VERTEX
8
Layer 1
10
199.698332
20
256.309085
70
0
0
VERTEX
8
Layer 1
10
197.419014
20
255.748158
70
0
0
VERTEX
8
Layer 1
10
194.946814
20
255.401875
70
0
0
VERTEX
8
Layer 1
10
192.351200
20
255.283500
70
0
0
SEQEND
8
Layer 1
0
POLYLINE
8
Layer 1
62
7
70
0
10
0.000000
20
0.000000
66
1
0
VERTEX
8
Layer 1
10
202.969617
20
261.387750
70
0
0
VERTEX
8
Layer 1
10
202.853303
20
260.511136
70
0
0
VERTEX
8
Layer 1
10
202.519438
20
259.707883
70
0
0
VERTEX
8
Layer 1
10
201.990640
20
259.017160
70
0
0
VERTEX
8
Layer 1
10
201.289526
20
258.478136
70
0
0
VERTEX
8
Layer 1
10
200.472097
20
258.140547
70
0
0
VERTEX
8
Layer 1
10
199.609434
20
258.028017
70
0
0
VERTEX
8
Layer 1
10
198.746772
20
258.140547
70
0
0
VERTEX
8
Layer 1
10
197.929343
20
258.478136
70
0
0
VERTEX
8
Layer 1
10
197.228229
20
259.017160
70
0
0
VERTEX
8
Layer 1
10
196.699431
20
259.707883
70
0
0
VERTEX
8
Layer 1
10
196.365566
20
260.511136
70
0
0
VERTEX
8
Layer 1
10
196.249252
20
261.387750
70
0
0
SEQEND
8
Layer 1
0
POLYLINE
8
Layer 1
62
7
70
0
10
0.000000
20
0.000000
66
1
0
VERTEX
8
Layer 1
10
194.720941
20
261.387750
70
0
0
VERTEX
8
Layer 1
10
194.540555
20
260.045595
70
0
0
VERTEX
8
Layer 1
10
194.026860
20
258.907771
70
0
0
VERTEX
8
Layer 1
10
193.258060
20
258.147501
70
0
0
VERTEX
8
Layer 1
10
192.351200
20
257.880530
70
0
0
SEQEND
8
Layer 1
0
POLYLINE
8
Layer 1
62
7
70
0
10
0.000000
20
0.000000
66
1
0
VERTEX
8
Layer 1
10
222.237450
20
253.920128
70
0
0
VERTEX
8
Layer 1
10
221.422353
20
254.084666
70
0
0
VERTEX
8
Layer 1
10
220.756736
20
254.533378
70
0
0
VERTEX
8
Layer 1
10
220.307965
20
255.198906
70
0
0
VERTEX
8
Layer 1
10
220.143404
20
256.013894
70
0
0
VERTEX
8
Layer 1
10
220.307965
20
256.828881
70
0
0
VERTEX
8
Layer 1
10
220.756736
20
257.494409
70
0
0
VERTEX
8
Layer 1
10
221.422353
20
257.943121
70
0
0
VERTEX
8
Layer 1
10
222.237450
20
258.107659
70
0
0
SEQEND
8
Layer 1
0
POLYLINE
8
Layer 1
62
7
70
0
10
0.000000
20
0.000000
66
1
0
VERTEX
8
Layer 1
10
212.083585
20
261.387750
70
0
0
VERTEX
8
Layer 1
10
211.987027
20
260.653169
70
0
0
VERTEX
8
Layer 1
10
211.700929
20
259.931030
70
0
0
VERTEX
8
Layer 1
10
211.230649
20
259.226207
70
0
0
VERTEX
8
Layer 1
10
210.581546
20
258.543573
70
0
0
VERTEX
8
Layer 1
10
208.768312
20
257.264365
70
0
0
VERTEX
8
Layer 1
10
206.304103
20
256.132395
70
0
0
VERTEX
8
Layer 1
10
203.298737
20
255.204252
70
0
0
VERTEX
8
Layer 1
10
199.902457
20
254.521298
70
0
0
VERTEX
8
Layer 1
10
196.218774
20
254.099683
70
0
0
VERTEX
8
Layer 1
10
192.351200
20
253.955556
70
0
0
SEQEND
8
Layer 1
0
POLYLINE
8
Layer 1
62
7
70
0
10
0.000000
20
0.000000
66
1
0
VERTEX
8
Layer 1
10
222.237450
20
243.986933
70
0
0
VERTEX
8
Layer 1
10
221.628255
20
244.112063
70
0
0
VERTEX
8
Layer 1
10
221.131165
20
244.448908
70
0
0
VERTEX
8
Layer 1
10
220.796217
20
244.947242
70
0
0
VERTEX
8
Layer 1
10
220.673449
20
245.556839
70
0
0
VERTEX
8
Layer 1
10
220.796217
20
246.166437
70
0
0
VERTEX
8
Layer 1
10
221.131165
20
246.664771
70
0
0
VERTEX
8
Layer 1
10
221.628255
20
247.001615
70
0
0
VERTEX
8
Layer 1
10
222.237450
20
247.126745
70
0
0
SEQEND
8
Layer 1
0
POLYLINE
8
Layer 1
62
7
70
0
10
0.000000
20
0.000000
66
1
0
VERTEX
8
Layer 1
10
222.237450
20
244.059894
70
0
0
VERTEX
8
Layer 1
10
221.755222
20
244.338271
70
0
0
VERTEX
8
Layer 1
10
221.755222
20
244.895025
70
0
0
VERTEX
8
Layer 1
10
222.237450
20
245.173402
70
0
0
SEQEND
8
Layer 1
0
POLYLINE
8
Layer 1
62
7
70
0
10
0.000000
20
0.000000
66
1
0
VERTEX
8
Layer 1
10
211.889754
20
231.505500
70
0
0
VERTEX
8
Layer 1
10
212.090420
20
234.858221
70
0
0
VERTEX
8
Layer 1
10
212.677426
20
238.051531
70
0
0
VERTEX
8
Layer 1
10
213.628289
20
240.995698
70
0
0
VERTEX
8
Layer 1
10
214.920524
20
243.600989
70
0
0
VERTEX
8
Layer 1
10
216.496543
20
245.737162
70
0
0
VERTEX
8
Layer 1
10
218.277558
20
247.309017
70
0
0
VERTEX
8
Layer 1
10
219.227976
20
247.871711
70
0
0
VERTEX
8
Layer 1
10
220.209288
20
248.279388
70
0
0
VERTEX
8
Layer 1
10
221.214707
20
248.527401
70
0
0
VERTEX
8
Layer 1
10
222.237450
20
248.611104
70
0
0
SEQEND
8
Layer 1
0
POLYLINE
8
Layer 1
62
7
70
0
10
0.000000
20
0.000000
66
1
0
VERTEX
8
Layer 1
10
192.351200
20
234.491334
70
0
0
VERTEX
8
Layer 1
10
192.935959
20
234.264051
70
0
0
VERTEX
8
Layer 1
10
193.431693
20
233.616804
70
0
0
VERTEX
8
Layer 1
10
193.762932
20
232.648129
70
0
0
VERTEX
8
Layer 1
10
193.879248
20
231.505500
70
0
0
SEQEND
8
Layer 1
0
POLYLINE
8
Layer 1
62
7
70
0
10
0.000000
20
0.000000
66
1
0
VERTEX
8
Layer 1
10
192.351200
20
243.612019
70
0
0
VERTEX
8
Layer 1
10
194.180147
20
243.377246
70
0
0
VERTEX
8
Layer 1
10
195.922134
20
242.690465
70
0
0
VERTEX
8
Layer 1
10
197.528210
20
241.577981
70
0
0
VERTEX
8
Layer 1
10
198.949426
20
240.066101
70
0
0
VERTEX
8
Layer 1
10
200.114732
20
238.222203
70
0
0
VERTEX
8
Layer 1
10
200.972197
20
236.138464
70
0
0
VERTEX
8
Layer 1
10
201.501545
20
233.878394
70
0
0
VERTEX
8
Layer 1
10
201.682500
20
231.505500
70
0
0
SEQEND
8
Layer 1
0
POLYLINE
8
Layer 1
62
7
70
0
10
0.000000
20
0.000000
66
1
0
VERTEX
8
Layer 1
10
192.351200
20
243.674198
70
0
0
VERTEX
8
Layer 1
10
195.610318
20
243.438219
70
0
0
VERTEX
8
Layer 1
10
198.714475
20
242.747911
70
0
0
VERTEX
8
Layer 1
10
201.576445
20
241.629714
70
0
0
VERTEX
8
Layer 1
10
204.109000
20
240.110069
70
0
0
VERTEX
8
Layer 1
10
206.185534
20
238.256700
70
0
0
VERTEX
8
Layer 1
10
207.713506
20
236.162259
70
0
0
VERTEX
8
Layer 1
10
208.260490
20
235.044585
70
0
0
VERTEX
8
Layer 1
10
208.656785
20
233.890581
70
0
0
VERTEX
8
Layer 1
10
208.897873
20
232.708226
70
0
0
VERTEX
8
Layer 1
10
208.979240
20
231.505500
70
0
0
SEQEND
8
Layer 1
0
POLYLINE
8
Layer 1
62
7
70
0
10
0.000000
20
0.000000
66
1
0
VERTEX
8
Layer 1
10
192.351200
20
243.567195
70
0
0
VERTEX
8
Layer 1
10
193.362644
20
243.433027
70
0
0
VERTEX
8
Layer 1
10
194.289443
20
243.047914
70
0
0
VERTEX
8
Layer 1
10
195.086405
20
242.437946
70
0
0
VERTEX
8
Layer 1
10
195.708335
20
241.629212
70
0
0
VERTEX
8
Layer 1
10
196.097848
20
240.686309
70
0
0
VERTEX
8
Layer 1
10
196.227686
20
239.691228
70
0
0
VERTEX
8
Layer 1
10
196.097848
20
238.696148
70
0
0
VERTEX
8
Layer 1
10
195.708335
20
237.753245
70
0
0
VERTEX
8
Layer 1
10
195.086405
20
236.944511
70
0
0
VERTEX
8
Layer 1
10
194.289443
20
236.334543
70
0
0
VERTEX
8
Layer 1
10
193.362644
20
235.949430
70
0
0
VERTEX
8
Layer 1
10
192.351200
20
235.815262
70
0
0
SEQEND
8
Layer 1
0
POLYLINE
8
Layer 1
62
7
70
0
10
0.000000
20
0.000000
66
1
0
VERTEX
8
Layer 1
10
214.425160
20
231.505500
70
0
0
VERTEX
8
Layer 1
10
214.576658
20
233.050641
70
0
0
VERTEX
8
Layer 1
10
215.019835
20
234.522316
70
0
0
VERTEX
8
Layer 1
10
215.737717
20
235.879170
70
0
0
VERTEX
8
Layer 1
10
216.713327
20
237.079849
70
0
0
VERTEX
8
Layer 1
10
217.903188
20
238.064330
70
0
0
VERTEX
8
Layer 1
10
219.247816
20
238.788738
70
0
0
VERTEX
8
Layer 1
10
220.706231
20
239.235945
70
0
0
VERTEX
8
Layer 1
10
222.237450
20
239.388820
70
0
0
SEQEND
8
Layer 1
0
POLYLINE
8
Layer 1
62
7
70
0
10
0.000000
20
0.000000
66
1
0
VERTEX
8
Layer 1
10
215.012628
20
231.505500
70
0
0
VERTEX
8
Layer 1
10
215.282360
20
232.512018
70
0
0
VERTEX
8
Layer 1
10
216.019281
20
233.248840
70
0
0
VERTEX
8
Layer 1
10
217.025934
20
233.518536
70
0
0
VERTEX
8
Layer 1
10
218.032586
20
233.248840
70
0
0
VERTEX
8
Layer 1
10
218.769507
20
232.512018
70
0
0
VERTEX
8
Layer 1
10
219.039239
20
231.505500
70
0
0
SEQEND
8
Layer 1
0
POLYLINE
8
Layer 1
62
7
70
0
10
0.000000
20
0.000000
66
1
0
VERTEX
8
Layer 1
10
222.237450
20
249.393015
70
0
0
VERTEX
8
Layer 1
10
222.863438
20
249.305485
70
0
0
VERTEX
8
Layer 1
10
223.478823
20
249.046135
70
0
0
VERTEX
8
Layer 1
10
224.661173
20
248.031409
70
0
0
VERTEX
8
Layer 1
10
225.751276
20
246.387702
70
0
0
VERTEX
8
Layer 1
10
226.715907
20
244.153883
70
0
0
VERTEX
8
Layer 1
10
227.506843
20
241.429502
70
0
0
VERTEX
8
Layer 1
10
228.088836
20
238.350756
70
0
0
VERTEX
8
Layer 1
10
228.448123
20
235.011477
70
0
0
VERTEX
8
Layer 1
10
228.570944
20
231.505500
70
0
0
SEQEND
8
Layer 1
0
POLYLINE
8
Layer 1
62
7
70
0
10
0.000000
20
0.000000
66
1
0
VERTEX
8
Layer 1
10
233.773232
20
246.446625
70
0
0
VERTEX
8
Layer 1
10
233.485038
20
247.583950
70
0
0
VERTEX
8
Layer 1
10
233.240720
20
250.822779
70
0
0
VERTEX
8
Layer 1
10
233.020146
20
261.387750
70
0
0
SEQEND
8
Layer 1
0
POLYLINE
8
Layer 1
62
7
70
0
10
0.000000
20
0.000000
66
1
0
VERTEX
8
Layer 1
10
233.773232
20
246.446625
70
0
0
VERTEX
8
Layer 1
10
234.061425
20
245.309300
70
0
0
VERTEX
8
Layer 1
10
234.305744
20
242.070471
70
0
0
VERTEX
8
Layer 1
10
234.526317
20
231.505500
70
0
0
SEQEND
8
Layer 1
0
POLYLINE
8
Layer 1
62
7
70
0
10
0.000000
20
0.000000
66
1
0
VERTEX
8
Layer 1
10
242.260186
20
261.387750
70
0
0
VERTEX
8
Layer 1
10
242.113534
20
261.133776
70
0
0
VERTEX
8
Layer 1
10
241.820230
20
261.133776
70
0
0
VERTEX
8
Layer 1
10
241.673578
20
261.387750
70
0
0
SEQEND
8
Layer 1
0
POLYLINE
8
Layer 1
62
7
70
0
10
0.000000
20
0.000000
66
1
0
VERTEX
8
Layer 1
10
222.237450
20
258.107659
70
0
0
VERTEX
8
Layer 1
10
223.052547
20
257.943121
70
0
0
VERTEX
8
Layer 1
10
223.718164
20
257.494409
70
0
0
VERTEX
8
Layer 1
10
224.166935
20
256.828881
70
0
0
VERTEX
8
Layer 1
10
224.331496
20
256.013894
70
0
0
VERTEX
8
Layer 1
10
224.166935
20
255.198906
70
0
0
VERTEX
8
Layer 1
10
223.718164
20
254.533378
70
0
0
VERTEX
8
Layer 1
10
223.052547
20
254.084666
70
0
0
VERTEX
8
Layer 1
10
222.237450
20
253.920128
70
0
0
SEQEND
8
Layer 1
0
POLYLINE
8
Layer 1
62
7
70
0
10
0.000000
20
0.000000
66
1
0
VERTEX
8
Layer 1
10
228.833154
20
261.387750
70
0
0
VERTEX
8
Layer 1
10
228.645480
20
260.687436
70
0
0
VERTEX
8
Layer 1
10
228.132746
20
260.174770
70
0
0
VERTEX
8
Layer 1
10
227.432338
20
259.987121
70
0
0
VERTEX
8
Layer 1
10
226.731930
20
260.174770
70
0
0
VERTEX
8
Layer 1
10
226.219195
20
260.687436
70
0
0
VERTEX
8
Layer 1
10
226.031521
20
261.387750
70
0
0
SEQEND
8
Layer 1
0
POLYLINE
8
Layer 1
62
7
70
0
10
0.000000
20
0.000000
66
1
0
VERTEX
8
Layer 1
10
222.237450
20
247.126745
70
0
0
VERTEX
8
Layer 1
10
222.846645
20
247.001615
70
0
0
VERTEX
8
Layer 1
10
223.343735
20
246.664771
70
0
0
VERTEX
8
Layer 1
10
223.678683
20
246.166437
70
0
0
VERTEX
8
Layer 1
10
223.801451
20
245.556839
70
0
0
VERTEX
8
Layer 1
10
223.678683
20
244.947242
70
0
0
VERTEX
8
Layer 1
10
223.343735
20
244.448908
70
0
0
VERTEX
8
Layer 1
10
222.846645
20
244.112063
70
0
0
VERTEX
8
Layer 1
10
222.237450
20
243.986933
70
0
0
SEQEND
8
Layer 1
0
POLYLINE
8
Layer 1
62
7
70
0
10
0.000000
20
0.000000
66
1
0
VERTEX
8
Layer 1
10
222.237450
20
245.173402
70
0
0
VERTEX
8
Layer 1
10
222.719678
20
244.895025
70
0
0
VERTEX
8
Layer 1
10
222.719678
20
244.338271
70
0
0
VERTEX
8
Layer 1
10
222.237450
20
244.059894
70
0
0
SEQEND
8
Layer 1
0
POLYLINE
8
Layer 1
62
7
70
0
10
0.000000
20
0.000000
66
1
0
VERTEX
8
Layer 1
10
226.778869
20
231.505500
70
0
0
VERTEX
8
Layer 1
10
226.825414
20
231.586107
70
0
0
VERTEX
8
Layer 1
10
226.918503
20
231.586107
70
0
0
VERTEX
8
Layer 1
10
226.965048
20
231.505500
70
0
0
SEQEND
8
Layer 1
0
POLYLINE
8
Layer 1
62
7
70
0
10
0.000000
20
0.000000
66
1
0
VERTEX
8
Layer 1
10
222.237450
20
248.611104
70
0
0
VERTEX
8
Layer 1
10
222.755387
20
248.279388
70
0
0
VERTEX
8
Layer 1
10
223.248698
20
247.309017
70
0
0
VERTEX
8
Layer 1
10
223.703520
20
245.737162
70
0
0
VERTEX
8
Layer 1
10
224.105993
20
243.600989
70
0
0
VERTEX
8
Layer 1
10
224.678819
20
238.051531
70
0
0
VERTEX
8
Layer 1
10
224.879968
20
231.505500
70
0
0
SEQEND
8
Layer 1
0
POLYLINE
8
Layer 1
62
7
70
0
10
0.000000
20
0.000000
66
1
0
VERTEX
8
Layer 1
10
222.237450
20
239.388820
70
0
0
VERTEX
8
Layer 1
10
222.535192
20
239.235945
70
0
0
VERTEX
8
Layer 1
10
222.818778
20
238.788738
70
0
0
VERTEX
8
Layer 1
10
223.311603
20
237.079849
70
0
0
VERTEX
8
Layer 1
10
223.640899
20
234.522316
70
0
0
VERTEX
8
Layer 1
10
223.756532
20
231.505500
70
0
0
SEQEND
8
Layer 1
0
POLYLINE
8
Layer 1
62
7
70
0
10
0.000000
20
0.000000
66
1
0
VERTEX
8
Layer 1
10
42.919950
20
225.205342
70
0
0
VERTEX
8
Layer 1
10
40.688107
20
225.327516
70
0
0
VERTEX
8
Layer 1
10
38.562381
20
225.684913
70
0
0
VERTEX
8
Layer 1
10
36.602505
20
226.263842
70
0
0
VERTEX
8
Layer 1
10
34.868212
20
227.050615
70
0
0
VERTEX
8
Layer 1
10
33.446203
20
228.010169
70
0
0
VERTEX
8
Layer 1
10
32.399848
20
229.094534
70
0
0
VERTEX
8
Layer 1
10
31.753891
20
230.270661
70
0
0
VERTEX
8
Layer 1
10
31.533074
20
231.505500
70
0
0
SEQEND
8
Layer 1
0
POLYLINE
8
Layer 1
62
7
70
0
10
0.000000
20
0.000000
66
1
0
VERTEX
8
Layer 1
10
34.804590
20
231.505500
70
0
0
VERTEX
8
Layer 1
10
34.713532
20
231.063626
70
0
0
VERTEX
8
Layer 1
10
34.468952
20
230.703115
70
0
0
VERTEX
8
Layer 1
10
34.107277
20
230.460222
70
0
0
VERTEX
8
Layer 1
10
33.664932
20
230.371202
70
0
0
VERTEX
8
Layer 1
10
33.222586
20
230.460222
70
0
0
VERTEX
8
Layer 1
10
32.860911
20
230.703115
70
0
0
VERTEX
8
Layer 1
10
32.616331
20
231.063626
70
0
0
VERTEX
8
Layer 1
10
32.525273
20
231.505500
70
0
0
SEQEND
8
Layer 1
0
POLYLINE
8
Layer 1
62
7
70
0
10
0.000000
20
0.000000
66
1
0
VERTEX
8
Layer 1
10
33.714626
20
201.623250
70
0
0
VERTEX
8
Layer 1
10
33.837245
20
202.547377
70
0
0
VERTEX
8
Layer 1
10
34.189206
20
203.394168
70
0
0
VERTEX
8
Layer 1
10
34.746666
20
204.122329
70
0
0
VERTEX
8
Layer 1
10
35.485781
20
204.690570
70
0
0
VERTEX
8
Layer 1
10
36.347515
20
205.046457
70
0
0
VERTEX
8
Layer 1
10
37.256936
20
205.165086
70
0
0
VERTEX
8
Layer 1
10
38.166356
20
205.046457
70
0
0
VERTEX
8
Layer 1
10
39.028091
20
204.690570
70
0
0
VERTEX
8
Layer 1
10
39.767206
20
204.122329
70
0
0
VERTEX
8
Layer 1
10
40.324666
20
203.394168
70
0
0
VERTEX
8
Layer 1
10
40.676627
20
202.547377
70
0
0
VERTEX
8
Layer 1
10
40.799246
20
201.623250
70
0
0
SEQEND
8
Layer 1
0
POLYLINE
8
Layer 1
62
7
70
0
10
0.000000
20
0.000000
66
1
0
VERTEX
8
Layer 1
10
23.947943
20
201.623250
70
0
0
VERTEX
8
Layer 1
10
24.032623
20
202.444533
70
0
0
VERTEX
8
Layer 1
10
24.271668
20
203.209268
70
0
0
VERTEX
8
Layer 1
10
24.648714
20
203.901132
70
0
0
VERTEX
8
Layer 1
10
25.147397
20
204.503803
70
0
0
VERTEX
8
Layer 1
10
25.751354
20
205.000960
70
0
0
VERTEX
8
Layer 1
10
26.444221
20
205.376280
70
0
0
VERTEX
8
Layer 1
10
27.209634
20
205.613442
70
0
0
VERTEX
8
Layer 1
10
28.031230
20
205.696123
70
0
0
VERTEX
8
Layer 1
10
28.852825
20
205.613442
70
0
0
VERTEX
8
Layer 1
10
29.618239
20
205.376280
70
0
0
VERTEX
8
Layer 1
10
30.311106
20
205.000960
70
0
0
VERTEX
8
Layer 1
10
30.915063
20
204.503803
70
0
0
VERTEX
8
Layer 1
10
31.413746
20
203.901132
70
0
0
VERTEX
8
Layer 1
10
31.790792
20
203.209268
70
0
0
VERTEX
8
Layer 1
10
32.029837
20
202.444533
70
0
0
VERTEX
8
Layer 1
10
32.114517
20
201.623250
70
0
0
SEQEND
8
Layer 1
0
POLYLINE
8
Layer 1
62
7
70
0
10
0.000000
20
0.000000
66
1
0
VERTEX
8
Layer 1
10
42.919950
20
223.382070
70
0
0
VERTEX
8
Layer 1
10
39.518667
20
223.539602
70
0
0
VERTEX
8
Layer 1
10
36.279104
20
224.000429
70
0
0
VERTEX
8
Layer 1
10
33.292293
20
224.746902
70
0
0
VERTEX
8
Layer 1
10
30.649266
20
225.761368
70
0
0
VERTEX
8
Layer 1
10
28.482152
20
226.998617
70
0
0
VERTEX
8
Layer 1
10
26.887529
20
228.396798
70
0
0
VERTEX
8
Layer 1
10
25.903104
20
229.913297
70
0
0
VERTEX
8
Layer 1
10
25.651498
20
230.702599
70
0
0
VERTEX
8
Layer 1
10
25.566583
20
231.505500
70
0
0
SEQEND
8
Layer 1
0
POLYLINE
8
Layer 1
62
7
70
0
10
0.000000
20
0.000000
66
1
0
VERTEX
8
Layer 1
10
42.919950
20
219.007428
70
0
0
VERTEX
8
Layer 1
10
42.594023
20
219.144474
70
0
0
VERTEX
8
Layer 1
10
42.459303
20
219.471332
70
0
0
VERTEX
8
Layer 1
10
42.594023
20
219.798191
70
0
0
VERTEX
8
Layer 1
10
42.919950
20
219.935236
70
0
0
SEQEND
8
Layer 1
0
POLYLINE
8
Layer 1
62
7
70
0
10
0.000000
20
0.000000
66
1
0
VERTEX
8
Layer 1
10
72.806200
20
211.439617
70
0
0
VERTEX
8
Layer 1
10
71.496484
20
211.537806
70
0
0
VERTEX
8
Layer 1
10
70.208951
20
211.828740
70
0
0
VERTEX
8
Layer 1
10
68.952291
20
212.306968
70
0
0
VERTEX
8
Layer 1
10
67.735193
20
212.967041
70
0
0
VERTEX
8
Layer 1
10
66.566345
20
213.803509
70
0
0
VERTEX
8
Layer 1
10
65.454438
20
214.810921
70
0
0
VERTEX
8
Layer 1
10
64.408160
20
215.983827
70
0
0
VERTEX
8
Layer 1
10
63.436200
20
217.316778
70
0
0
VERTEX
8
Layer 1
10
61.781373
20
220.372938
70
0
0
VERTEX
8
Layer 1
10
60.563705
20
223.826619
70
0
0
VERTEX
8
Layer 1
10
59.811990
20
227.572560
70
0
0
VERTEX
8
Layer 1
10
59.555019
20
231.505500
70
0
0
SEQEND
8
Layer 1
0
POLYLINE
8
Layer 1
62
7
70
0
10
0.000000
20
0.000000
66
1
0
VERTEX
8
Layer 1
10
66.121961
20
231.505500
70
0
0
VERTEX
8
Layer 1
10
66.046512
20
230.936870
70
0
0
VERTEX
8
Layer 1
10
65.829944
20
230.415826
70
0
0
VERTEX
8
Layer 1
10
65.486931
20
229.967776
70
0
0
VERTEX
8
Layer 1
10
65.032141
20
229.618129
70
0
0
VERTEX
8
Layer 1
10
64.501902
20
229.399146
70
0
0
VERTEX
8
Layer 1
10
63.942321
20
229.326152
70
0
0
VERTEX
8
Layer 1
10
63.382740
20
229.399146
70
0
0
VERTEX
8
Layer 1
10
62.852501
20
229.618129
70
0
0
VERTEX
8
Layer 1
10
62.397711
20
229.967776
70
0
0
VERTEX
8
Layer 1
10
62.054697
20
230.415826
70
0
0
VERTEX
8
Layer 1
10
61.838130
20
230.936870
70
0
0
VERTEX
8
Layer 1
10
61.762681
20
231.505500
70
0
0
SEQEND
8
Layer 1
0
POLYLINE
8
Layer 1
62
7
70
0
10
0.000000
20
0.000000
66
1
0
VERTEX
8
Layer 1
10
65.115870
20
231.505500
70
0
0
VERTEX
8
Layer 1
10
65.080037
20
231.443443
70
0
0
VERTEX
8
Layer 1
10
65.008369
20
231.443443
70
0
0
VERTEX
8
Layer 1
10
64.972536
20
231.505500
70
0
0
SEQEND
8
Layer 1
0
POLYLINE
8
Layer 1
62
7
70
0
10
0.000000
20
0.000000
66
1
0
VERTEX
8
Layer 1
10
72.806200
20
218.429553
70
0
0
VERTEX
8
Layer 1
10
70.443162
20
218.683126
70
0
0
VERTEX
8
Layer 1
10
68.192479
20
219.424901
70
0
0
VERTEX
8
Layer 1
10
66.117396
20
220.626466
70
0
0
VERTEX
8
Layer 1
10
64.281156
20
222.259409
70
0
0
VERTEX
8
Layer 1
10
62.775556
20
224.250958
70
0
0
VERTEX
8
Layer 1
10
61.667693
20
226.501552
70
0
0
VERTEX
8
Layer 1
10
60.983765
20
228.942597
70
0
0
VERTEX
8
Layer 1
10
60.749967
20
231.505500
70
0
0
SEQEND
8
Layer 1
0
POLYLINE
8
Layer 1
62
7
70
0
10
0.000000
20
0.000000
66
1
0
VERTEX
8
Layer 1
10
72.806200
20
215.759228
70
0
0
VERTEX
8
Layer 1
10
72.288663
20
215.863700
70
0
0
VERTEX
8
Layer 1
10
71.866037
20
216.148604
70
0
0
VERTEX
8
Layer 1
10
71.581095
20
216.571173
70
0
0
VERTEX
8
Layer 1
10
71.476609
20
217.088641
70
0
0
VERTEX
8
Layer 1
10
71.581095
20
217.606109
70
0
0
VERTEX
8
Layer 1
10
71.866037
20
218.028678
70
0
0
VERTEX
8
Layer 1
10
72.288663
20
218.313583
70
0
0
VERTEX
8
Layer 1
10
72.806200
20
218.418055
70
0
0
SEQEND
8
Layer 1
0
POLYLINE
8
Layer 1
62
7
70
0
10
0.000000
20
0.000000
66
1
0
VERTEX
8
Layer 1
10
72.806200
20
212.277993
70
0
0
VERTEX
8
Layer 1
10
72.638532
20
212.447641
70
0
0
VERTEX
8
Layer 1
10
72.806200
20
212.617288
70
0
0
SEQEND
8
Layer 1
0
POLYLINE
8
Layer 1
62
7
70
0
10
0.000000
20
0.000000
66
1
0
VERTEX
8
Layer 1
10
72.806200
20
218.863300
70
0
0
VERTEX
8
Layer 1
10
71.467072
20
219.040936
70
0
0
VERTEX
8
Layer 1
10
70.240011
20
219.550816
70
0
0
VERTEX
8
Layer 1
10
69.184852
20
220.358400
70
0
0
VERTEX
8
Layer 1
10
68.361431
20
221.429146
70
0
0
VERTEX
8
Layer 1
10
67.845724
20
222.677527
70
0
0
VERTEX
8
Layer 1
10
67.673822
20
223.994991
70
0
0
VERTEX
8
Layer 1
10
67.845724
20
225.312455
70
0
0
VERTEX
8
Layer 1
10
68.361431
20
226.560836
70
0
0
VERTEX
8
Layer 1
10
69.184852
20
227.631582
70
0
0
VERTEX
8
Layer 1
10
70.240011
20
228.439165
70
0
0
VERTEX
8
Layer 1
10
71.467072
20
228.949046
70
0
0
VERTEX
8
Layer 1
10
72.806200
20
229.126682
70
0
0
SEQEND
8
Layer 1
0
POLYLINE
8
Layer 1
62
7
70
0
10
0.000000
20
0.000000
66
1
0
VERTEX
8
Layer 1
10
72.806200
20
220.421098
70
0
0
VERTEX
8
Layer 1
10
72.037993
20
220.523001
70
0
0
VERTEX
8
Layer 1
10
71.334075
20
220.815500
70
0
0
VERTEX
8
Layer 1
10
70.728771
20
221.278780
70
0
0
VERTEX
8
Layer 1
10
70.256405
20
221.893026
70
0
0
VERTEX
8
Layer 1
10
69.960564
20
222.609175
70
0
0
VERTEX
8
Layer 1
10
69.861950
20
223.364954
70
0
0
VERTEX
8
Layer 1
10
69.960564
20
224.120732
70
0
0
VERTEX
8
Layer 1
10
70.256405
20
224.836881
70
0
0
VERTEX
8
Layer 1
10
70.728771
20
225.451128
70
0
0
VERTEX
8
Layer 1
10
71.334075
20
225.914407
70
0
0
VERTEX
8
Layer 1
10
72.037993
20
226.206906
70
0
0
VERTEX
8
Layer 1
10
72.806200
20
226.308809
70
0
0
SEQEND
8
Layer 1
0
POLYLINE
8
Layer 1
62
7
70
0
10
0.000000
20
0.000000
66
1
0
VERTEX
8
Layer 1
10
72.806200
20
220.581314
70
0
0
VERTEX
8
Layer 1
10
72.435154
20
220.657897
70
0
0
VERTEX
8
Layer 1
10
72.132454
20
220.863315
70
0
0
VERTEX
8
Layer 1
10
71.928524
20
221.166996
70
0
0
VERTEX
8
Layer 1
10
71.853787
20
221.538371
70
0
0
VERTEX
8
Layer 1
10
71.928524
20
221.909746
70
0
0
VERTEX
8
Layer 1
10
72.132454
20
222.213428
70
0
0
VERTEX
8
Layer 1
10
72.435154
20
222.418845
70
0
0
VERTEX
8
Layer 1
10
72.806200
20
222.495428
70
0
0
SEQEND
8
Layer 1
0
POLYLINE
8
Layer 1
62
7
70
0
10
0.000000
20
0.000000
66
1
0
VERTEX
8
Layer 1
10
72.806200
20
221.243911
70
0
0
VERTEX
8
Layer 1
10
72.693281
20
221.309097
70
0
0
VERTEX
8
Layer 1
10
72.693281
20
221.439467
70
0
0
VERTEX
8
Layer 1
10
72.806200
20
221.504652
70
0
0
SEQEND
8
Layer 1
0
POLYLINE
8
Layer 1
62
7
70
0
10
0.000000
20
0.000000
66
1
0
VERTEX
8
Layer 1
10
72.806200
20
219.579016
70
0
0
VERTEX
8
Layer 1
10
71.429400
20
219.860183
70
0
0
VERTEX
8
Layer 1
10
70.305672
20
220.620340
70
0
0
VERTEX
8
Layer 1
10
69.548334
20
221.745889
70
0
0
VERTEX
8
Layer 1
10
69.270705
20
223.123230
70
0
0
VERTEX
8
Layer 1
10
69.548334
20
224.500571
70
0
0
VERTEX
8
Layer 1
10
70.305672
20
225.626120
70
0
0
VERTEX
8
Layer 1
10
71.429400
20
226.386277
70
0
0
VERTEX
8
Layer 1
10
72.806200
20
226.667444
70
0
0
SEQEND
8
Layer 1
0
POLYLINE
8
Layer 1
62
7
70
0
10
0.000000
20
0.000000
66
1
0
VERTEX
8
Layer 1
10
72.806200
20
230.979190
70
0
0
VERTEX
8
Layer 1
10
64.588427
20
231.133343
70
0
0
VERTEX
8
Layer 1
10
62.097803
20
231.300636
70
0
0
VERTEX
8
Layer 1
10
61.184513
20
231.505500
70
0
0
SEQEND
8
Layer 1
0
POLYLINE
8
Layer 1
62
7
70
0
10
0.000000
20
0.000000
66
1
0
VERTEX
8
Layer 1
10
70.742495
20
231.505500
70
0
0
VERTEX
8
Layer 1
10
70.519558
20
230.967354
70
0
0
VERTEX
8
Layer 1
10
69.981340
20
230.744447
70
0
0
VERTEX
8
Layer 1
10
69.443122
20
230.967354
70
0
0
VERTEX
8
Layer 1
10
69.220185
20
231.505500
70
0
0
SEQEND
8
Layer 1
0
POLYLINE
8
Layer 1
62
7
70
0
10
0.000000
20
0.000000
66
1
0
VERTEX
8
Layer 1
10
71.932422
20
231.505500
70
0
0
VERTEX
8
Layer 1
10
71.834283
20
230.765870
70
0
0
VERTEX
8
Layer 1
10
71.552590
20
230.088137
70
0
0
VERTEX
8
Layer 1
10
71.106424
20
229.505349
70
0
0
VERTEX
8
Layer 1
10
70.514869
20
229.050555
70
0
0
VERTEX
8
Layer 1
10
69.825176
20
228.765719
70
0
0
VERTEX
8
Layer 1
10
69.097316
20
228.670774
70
0
0
VERTEX
8
Layer 1
10
68.369457
20
228.765719
70
0
0
VERTEX
8
Layer 1
10
67.679764
20
229.050555
70
0
0
VERTEX
8
Layer 1
10
67.088209
20
229.505349
70
0
0
VERTEX
8
Layer 1
10
66.642043
20
230.088137
70
0
0
VERTEX
8
Layer 1
10
66.360350
20
230.765870
70
0
0
VERTEX
8
Layer 1
10
66.262211
20
231.505500
70
0
0
SEQEND
8
Layer 1
0
POLYLINE
8
Layer 1
62
7
70
0
10
0.000000
20
0.000000
66
1
0
VERTEX
8
Layer 1
10
72.806200
20
205.926031
70
0
0
VERTEX
8
Layer 1
10
69.877328
20
206.052870
70
0
0
VERTEX
8
Layer 1
10
67.087714
20
206.423912
70
0
0
VERTEX
8
Layer 1
10
64.515747
20
207.024945
70
0
0
VERTEX
8
Layer 1
10
62.239815
20
207.841757
70
0
0
VERTEX
8
Layer 1
10
60.373695
20
208.837947
70
0
0
VERTEX
8
Layer 1
10
59.000553
20
209.963713
70
0
0
VERTEX
8
Layer 1
10
58.152856
20
211.184744
70
0
0
VERTEX
8
Layer 1
10
57.863075
20
212.466730
70
0
0
SEQEND
8
Layer 1
0
POLYLINE
8
Layer 1
62
7
70
0
10
0.000000
20
0.000000
66
1
0
VERTEX
8
Layer 1
10
42.919950
20
219.007428
70
0
0
VERTEX
8
Layer 1
10
45.931511
20
218.874544
70
0
0
VERTEX
8
Layer 1
10
48.736489
20
218.493428
70
0
0
VERTEX
8
Layer 1
10
51.274793
20
217.890380
70
0
0
VERTEX
8
Layer 1
10
53.486335
20
217.091702
70
0
0
VERTEX
8
Layer 1
10
55.311024
20
216.123696
70
0
0
VERTEX
8
Layer 1
10
56.688770
20
215.012665
70
0
0
VERTEX
8
Layer 1
10
57.559484
20
213.784909
70
0
0
VERTEX
8
Layer 1
10
57.785925
20
213.135478
70
0
0
VERTEX
8
Layer 1
10
57.863075
20
212.466730
70
0
0
SEQEND
8
Layer 1
0
POLYLINE
8
Layer 1
62
7
70
0
10
0.000000
20
0.000000
66
1
0
VERTEX
8
Layer 1
10
47.831098
20
201.623250
70
0
0
VERTEX
8
Layer 1
10
47.956855
20
202.246062
70
0
0
VERTEX
8
Layer 1
10
48.299805
20
202.754657
70
0
0
VERTEX
8
Layer 1
10
48.808468
20
203.097561
70
0
0
VERTEX
8
Layer 1
10
49.431363
20
203.223301
70
0
0
VERTEX
8
Layer 1
10
50.054258
20
203.097561
70
0
0
VERTEX
8
Layer 1
10
50.562921
20
202.754657
70
0
0
VERTEX
8
Layer 1
10
50.905871
20
202.246062
70
0
0
VERTEX
8
Layer 1
10
51.031628
20
201.623250
70
0
0
SEQEND
8
Layer 1
0
POLYLINE
8
Layer 1
62
7
70
0
10
0.000000
20
0.000000
66
1
0
VERTEX
8
Layer 1
10
65.159839
20
201.623250
70
0
0
VERTEX
8
Layer 1
10
65.252272
20
202.071867
70
0
0
VERTEX
8
Layer 1
10
65.500574
20
202.437881
70
0
0
VERTEX
8
Layer 1
10
65.867763
20
202.684484
70
0
0
VERTEX
8
Layer 1
10
66.316855
20
202.774864
70
0
0
VERTEX
8
Layer 1
10
66.765948
20
202.684484
70
0
0
VERTEX
8
Layer 1
10
67.133136
20
202.437881
70
0
0
VERTEX
8
Layer 1
10
67.381438
20
202.071867
70
0
0
VERTEX
8
Layer 1
10
67.473871
20
201.623250
70
0
0
SEQEND
8
Layer 1
0
POLYLINE
8
Layer 1
62
7
70
0
10
0.000000
20
0.000000
66
1
0
VERTEX
8
Layer 1
10
52.406133
20
201.623250
70
0
0
VERTEX
8
Layer 1
10
52.543649
20
202.659651
70
0
0
VERTEX
8
Layer 1
10
52.938370
20
203.609320
70
0
0
VERTEX
8
Layer 1
10
53.563556
20
204.425947
70
0
0
VERTEX
8
Layer 1
10
54.392468
20
205.063224
70
0
0
VERTEX
8
Layer 1
10
55.358897
20
205.462348
70
0
0
VERTEX
8
Layer 1
10
56.378804
20
205.595390
70
0
0
VERTEX
8
Layer 1
10
57.398712
20
205.462348
70
0
0
VERTEX
8
Layer 1
10
58.365140
20
205.063224
70
0
0
VERTEX
8
Layer 1
10
59.194052
20
204.425947
70
0
0
VERTEX
8
Layer 1
10
59.819239
20
203.609320
70
0
0
VERTEX
8
Layer 1
10
60.213960
20
202.659651
70
0
0
VERTEX
8
Layer 1
10
60.351476
20
201.623250
70
0
0
SEQEND
8
Layer 1
0
POLYLINE
8
Layer 1
62
7
70
0
10
0.000000
20
0.000000
66
1
0
VERTEX
8
Layer 1
10
58.627207
20
201.623250
70
0
0
VERTEX
8
Layer 1
10
58.719211
20
201.966567
70
0
0
VERTEX
8
Layer 1
10
58.970570
20
202.217893
70
0
0
VERTEX
8
Layer 1
10
59.313933
20
202.309884
70
0
0
VERTEX
8
Layer 1
10
59.657296
20
202.217893
70
0
0
VERTEX
8
Layer 1
10
59.908655
20
201.966567
70
0
0
VERTEX
8
Layer 1
10
60.000659
20
201.623250
70
0
0
SEQEND
8
Layer 1
0
POLYLINE
8
Layer 1
62
7
70
0
10
0.000000
20
0.000000
66
1
0
VERTEX
8
Layer 1
10
63.768478
20
201.623250
70
0
0
VERTEX
8
Layer 1
10
63.943740
20
202.203909
70
0
0
VERTEX
8
Layer 1
10
64.456434
20
202.756960
70
0
0
VERTEX
8
Layer 1
10
65.286922
20
203.266861
70
0
0
VERTEX
8
Layer 1
10
66.415566
20
203.718072
70
0
0
VERTEX
8
Layer 1
10
69.347614
20
204.360267
70
0
0
VERTEX
8
Layer 1
10
72.806200
20
204.585776
70
0
0
SEQEND
8
Layer 1
0
POLYLINE
8
Layer 1
62
7
70
0
10
0.000000
20
0.000000
66
1
0
VERTEX
8
Layer 1
10
57.272116
20
231.505500
70
0
0
VERTEX
8
Layer 1
10
56.993795
20
230.270661
70
0
0
VERTEX
8
Layer 1
10
56.179623
20
229.094534
70
0
0
VERTEX
8
Layer 1
10
54.860784
20
228.010169
70
0
0
VERTEX
8
Layer 1
10
53.068464
20
227.050615
70
0
0
VERTEX
8
Layer 1
10
50.882539
20
226.263842
70
0
0
VERTEX
8
Layer 1
10
48.412286
20
225.684913
70
0
0
VERTEX
8
Layer 1
10
45.732994
20
225.327516
70
0
0
VERTEX
8
Layer 1
10
42.919950
20
225.205342
70
0
0
SEQEND
8
Layer 1
0
POLYLINE
8
Layer 1
62
7
70
0
10
0.000000
20
0.000000
66
1
0
VERTEX
8
Layer 1
10
52.767637
20
231.505500
70
0
0
VERTEX
8
Layer 1
10
52.526082
20
230.604126
70
0
0
VERTEX
8
Layer 1
10
51.866142
20
229.944274
70
0
0
VERTEX
8
Layer 1
10
50.964647
20
229.702752
70
0
0
VERTEX
8
Layer 1
10
50.063152
20
229.944274
70
0
0
VERTEX
8
Layer 1
10
49.403212
20
230.604126
70
0
0
VERTEX
8
Layer 1
10
49.161657
20
231.505500
70
0
0
SEQEND
8
Layer 1
0
POLYLINE
8
Layer 1
62
7
70
0
10
0.000000
20
0.000000
66
1
0
VERTEX
8
Layer 1
10
52.109398
20
231.505500
70
0
0
VERTEX
8
Layer 1
10
52.020959
20
231.417072
70
0
0
VERTEX
8
Layer 1
10
51.932519
20
231.505500
70
0
0
SEQEND
8
Layer 1
0
POLYLINE
8
Layer 1
62
7
70
0
10
0.000000
20
0.000000
66
1
0
VERTEX
8
Layer 1
10
42.919950
20
223.382070
70
0
0
VERTEX
8
Layer 1
10
43.781774
20
223.151176
70
0
0
VERTEX
8
Layer 1
10
44.412673
20
222.520362
70
0
0
VERTEX
8
Layer 1
10
44.643598
20
221.658653
70
0
0
VERTEX
8
Layer 1
10
44.412673
20
220.796945
70
0
0
VERTEX
8
Layer 1
10
43.781774
20
220.166130
70
0
0
VERTEX
8
Layer 1
10
42.919950
20
219.935236
70
0
0
SEQEND
8
Layer 1
0
POLYLINE
8
Layer 1
62
7
70
0
10
0.000000
20
0.000000
66
1
0
VERTEX
8
Layer 1
10
72.806200
20
219.579016
70
0
0
VERTEX
8
Layer 1
10
73.293583
20
219.486312
70
0
0
VERTEX
8
Layer 1
10
73.766888
20
219.214219
70
0
0
VERTEX
8
Layer 1
10
74.661676
20
218.167963
70
0
0
VERTEX
8
Layer 1
10
75.471395
20
216.512453
70
0
0
VERTEX
8
Layer 1
10
76.176877
20
214.319894
70
0
0
VERTEX
8
Layer 1
10
76.758953
20
211.662489
70
0
0
VERTEX
8
Layer 1
10
77.198454
20
208.612444
70
0
0
VERTEX
8
Layer 1
10
77.476211
20
205.241963
70
0
0
VERTEX
8
Layer 1
10
77.573057
20
201.623250
70
0
0
SEQEND
8
Layer 1
0
POLYLINE
8
Layer 1
62
7
70
0
10
0.000000
20
0.000000
66
1
0
VERTEX
8
Layer 1
10
78.810874
20
201.623250
70
0
0
VERTEX
8
Layer 1
10
78.934001
20
202.844484
70
0
0
VERTEX
8
Layer 1
10
79.287136
20
203.981945
70
0
0
VERTEX
8
Layer 1
10
79.845908
20
205.011267
70
0
0
VERTEX
8
Layer 1
10
80.585946
20
205.908081
70
0
0
VERTEX
8
Layer 1
10
81.482880
20
206.648020
70
0
0
VERTEX
8
Layer 1
10
82.512340
20
207.206717
70
0
0
VERTEX
8
Layer 1
10
83.649953
20
207.559805
70
0
0
VERTEX
8
Layer 1
10
84.871351
20
207.682916
70
0
0
VERTEX
8
Layer 1
10
86.092748
20
207.559805
70
0
0
VERTEX
8
Layer 1
10
87.230362
20
207.206717
70
0
0
VERTEX
8
Layer 1
10
88.259821
20
206.648020
70
0
0
VERTEX
8
Layer 1
10
89.156755
20
205.908081
70
0
0
VERTEX
8
Layer 1
10
89.896794
20
205.011267
70
0
0
VERTEX
8
Layer 1
10
90.455566
20
203.981945
70
0
0
VERTEX
8
Layer 1
10
90.808701
20
202.844484
70
0
0
VERTEX
8
Layer 1
10
90.931828
20
201.623250
70
0
0
SEQEND
8
Layer 1
0
POLYLINE
8
Layer 1
62
7
70
0
10
0.000000
20
0.000000
66
1
0
VERTEX
8
Layer 1
10
83.028254
20
201.623250
70
0
0
VERTEX
8
Layer 1
10
83.314100
20
203.038908
70
0
0
VERTEX
8
Layer 1
10
84.093629
20
204.194950
70
0
0
VERTEX
8
Layer 1
10
85.249826
20
204.974374
70
0
0
VERTEX
8
Layer 1
10
86.665673
20
205.260183
70
0
0
VERTEX
8
Layer 1
10
88.081521
20
204.974374
70
0
0
VERTEX
8
Layer 1
10
89.237717
20
204.194950
70
0
0
VERTEX
8
Layer 1
10
90.017247
20
203.038908
70
0
0
VERTEX
8
Layer 1
10
90.303093
20
201.623250
70
0
0
SEQEND
8
Layer 1
0
POLYLINE
8
Layer 1
62
7
70
0
10
0.000000
20
0.000000
66
1
0
VERTEX
8
Layer 1
10
102.692450
20
218.512315
70
0
0
VERTEX
8
Layer 1
10
102.338423
20
218.607164
70
0
0
VERTEX
8
Layer 1
10
102.079258
20
218.866294
70
0
0
VERTEX
8
Layer 1
10
101.984397
20
219.220274
70
0
0
VERTEX
8
Layer 1
10
102.079258
20
219.574253
70
0
0
VERTEX
8
Layer 1
10
102.338423
20
219.833383
70
0
0
VERTEX
8
Layer 1
10
102.692450
20
219.928232
70
0
0
SEQEND
8
Layer 1
0
POLYLINE
8
Layer 1
62
7
70
0
10
0.000000
20
0.000000
66
1
0
VERTEX
8
Layer 1
10
94.118204
20
201.623250
70
0
0
VERTEX
8
Layer 1
10
94.292403
20
206.027432
70
0
0
VERTEX
8
Layer 1
10
94.792011
20
210.129502
70
0
0
VERTEX
8
Layer 1
10
95.582551
20
213.841582
70
0
0
VERTEX
8
Layer 1
10
96.629543
20
217.075796
70
0
0
VERTEX
8
Layer 1
10
97.898508
20
219.744267
70
0
0
VERTEX
8
Layer 1
10
99.354967
20
221.759117
70
0
0
VERTEX
8
Layer 1
10
100.142732
20
222.493974
70
0
0
VERTEX
8
Layer 1
10
100.964440
20
223.032471
70
0
0
VERTEX
8
Layer 1
10
101.815783
20
223.363625
70
0
0
VERTEX
8
Layer 1
10
102.692450
20
223.476450
70
0
0
SEQEND
8
Layer 1
0
POLYLINE
8
Layer 1
62
7
70
0
10
0.000000
20
0.000000
66
1
0
VERTEX
8
Layer 1
10
82.878129
20
216.564375
70
0
0
VERTEX
8
Layer 1
10
80.915358
20
216.854117
70
0
0
VERTEX
8
Layer 1
10
79.045911
20
217.701700
70
0
0
VERTEX
8
Layer 1
10
77.322318
20
219.074659
70
0
0
VERTEX
8
Layer 1
10
75.797113
20
220.940529
70
0
0
VERTEX
8
Layer 1
10
74.546541
20
223.216156
70
0
0
VERTEX
8
Layer 1
10
73.626335
20
225.787779
70
0
0
VERTEX
8
Layer 1
10
73.058255
20
228.577020
70
0
0
VERTEX
8
Layer 1
10
72.864060
20
231.505500
70
0
0
SEQEND
8
Layer 1
0
POLYLINE
8
Layer 1
62
7
70
0
10
0.000000
20
0.000000
66
1
0
VERTEX
8
Layer 1
10
82.878129
20
216.564375
70
0
0
VERTEX
8
Layer 1
10
84.840900
20
216.274633
70
0
0
VERTEX
8
Layer 1
10
86.710348
20
215.427050
70
0
0
VERTEX
8
Layer 1
10
88.433940
20
214.054091
70
0
0
VERTEX
8
Layer 1
10
89.959146
20
212.188221
70
0
0
VERTEX
8
Layer 1
10
91.209717
20
209.912594
70
0
0
VERTEX
8
Layer 1
10
92.129923
20
207.340971
70
0
0
VERTEX
8
Layer 1
10
92.698003
20
204.551730
70
0
0
VERTEX
8
Layer 1
10
92.892199
20
201.623250
70
0
0
SEQEND
8
Layer 1
0
POLYLINE
8
Layer 1
62
7
70
0
10
0.000000
20
0.000000
66
1
0
VERTEX
8
Layer 1
10
72.806200
20
226.667444
70
0
0
VERTEX
8
Layer 1
10
73.811130
20
226.464585
70
0
0
VERTEX
8
Layer 1
10
74.631767
20
225.911371
70
0
0
VERTEX
8
Layer 1
10
75.185055
20
225.090844
70
0
0
VERTEX
8
Layer 1
10
75.387941
20
224.086048
70
0
0
VERTEX
8
Layer 1
10
75.185055
20
223.081252
70
0
0
VERTEX
8
Layer 1
10
74.631767
20
222.260726
70
0
0
VERTEX
8
Layer 1
10
73.811130
20
221.707511
70
0
0
VERTEX
8
Layer 1
10
72.806200
20
221.504652
70
0
0
SEQEND
8
Layer 1
0
POLYLINE
8
Layer 1
62
7
70
0
10
0.000000
20
0.000000
66
1
0
VERTEX
8
Layer 1
10
72.806200
20
226.308809
70
0
0
VERTEX
8
Layer 1
10
73.548469
20
226.158972
70
0
0
VERTEX
8
Layer 1
10
74.154614
20
225.750353
70
0
0
VERTEX
8
Layer 1
10
74.563289
20
225.144289
70
0
0
VERTEX
8
Layer 1
10
74.713146
20
224.402119
70
0
0
VERTEX
8
Layer 1
10
74.563289
20
223.659949
70
0
0
VERTEX
8
Layer 1
10
74.154614
20
223.053885
70
0
0
VERTEX
8
Layer 1
10
73.548469
20
222.645265
70
0
0
VERTEX
8
Layer 1
10
72.806200
20
222.495428
70
0
0
SEQEND
8
Layer 1
0
POLYLINE
8
Layer 1
62
7
70
0
10
0.000000
20
0.000000
66
1
0
VERTEX
8
Layer 1
10
72.806200
20
220.581314
70
0
0
VERTEX
8
Layer 1
10
72.886319
20
220.501206
70
0
0
VERTEX
8
Layer 1
10
72.806200
20
220.421098
70
0
0
SEQEND
8
Layer 1
0
POLYLINE
8
Layer 1
62
7
70
0
10
0.000000
20
0.000000
66
1
0
VERTEX
8
Layer 1
10
72.806200
20
230.979190
70
0
0
VERTEX
8
Layer 1
10
74.765725
20
230.827628
70
0
0
VERTEX
8
Layer 1
10
76.668645
20
230.382782
70
0
0
VERTEX
8
Layer 1
10
78.505327
20
229.659405
70
0
0
VERTEX
8
Layer 1
10
80.266139
20
228.672255
70
0
0
VERTEX
8
Layer 1
10
81.941445
20
227.436086
70
0
0
VERTEX
8
Layer 1
10
83.521614
20
225.965656
70
0
0
VERTEX
8
Layer 1
10
84.997011
20
224.275720
70
0
0
VERTEX
8
Layer 1
10
86.358003
20
222.381034
70
0
0
VERTEX
8
Layer 1
10
87.594956
20
220.296354
70
0
0
VERTEX
8
Layer 1
10
88.698238
20
218.036435
70
0
0
VERTEX
8
Layer 1
10
89.658214
20
215.616034
70
0
0
VERTEX
8
Layer 1
10
90.465252
20
213.049907
70
0
0
VERTEX
8
Layer 1
10
91.109717
20
210.352809
70
0
0
VERTEX
8
Layer 1
10
91.581976
20
207.539496
70
0
0
VERTEX
8
Layer 1
10
91.872396
20
204.624724
70
0
0
VERTEX
8
Layer 1
10
91.971344
20
201.623250
70
0
0
SEQEND
8
Layer 1
0
POLYLINE
8
Layer 1
62
7
70
0
10
0.000000
20
0.000000
66
1
0
VERTEX
8
Layer 1
10
72.806200
20
229.126682
70
0
0
VERTEX
8
Layer 1
10
73.599128
20
229.044915
70
0
0
VERTEX
8
Layer 1
10
74.337456
20
228.814158
70
0
0
VERTEX
8
Layer 1
10
75.587284
20
227.968851
70
0
0
VERTEX
8
Layer 1
10
76.429624
20
226.717113
70
0
0
VERTEX
8
Layer 1
10
76.658592
20
225.978317
70
0
0
VERTEX
8
Layer 1
10
76.738417
20
225.185297
70
0
0
VERTEX
8
Layer 1
10
76.658592
20
224.392276
70
0
0
VERTEX
8
Layer 1
10
76.429624
20
223.653480
70
0
0
VERTEX
8
Layer 1
10
75.587284
20
222.401742
70
0
0
VERTEX
8
Layer 1
10
74.337456
20
221.556435
70
0
0
VERTEX
8
Layer 1
10
73.599128
20
221.325678
70
0
0
VERTEX
8
Layer 1
10
72.806200
20
221.243911
70
0
0
SEQEND
8
Layer 1
0
POLYLINE
8
Layer 1
62
7
70
0
10
0.000000
20
0.000000
66
1
0
VERTEX
8
Layer 1
10
90.266441
20
231.505500
70
0
0
VERTEX
8
Layer 1
10
90.070552
20
230.774532
70
0
0
VERTEX
8
Layer 1
10
89.535375
20
230.239427
70
0
0
VERTEX
8
Layer 1
10
88.804310
20
230.043565
70
0
0
VERTEX
8
Layer 1
10
88.073244
20
230.239427
70
0
0
VERTEX
8
Layer 1
10
87.538067
20
230.774532
70
0
0
VERTEX
8
Layer 1
10
87.342179
20
231.505500
70
0
0
SEQEND
8
Layer 1
0
POLYLINE
8
Layer 1
62
7
70
0
10
0.000000
20
0.000000
66
1
0
VERTEX
8
Layer 1
10
90.209944
20
231.505500
70
0
0
VERTEX
8
Layer 1
10
90.207816
20
231.501815
70
0
0
VERTEX
8
Layer 1
10
90.203560
20
231.501815
70
0
0
VERTEX
8
Layer 1
10
90.201432
20
231.505500
70
0
0
SEQEND
8
Layer 1
0
POLYLINE
8
Layer 1
62
7
70
0
10
0.000000
20
0.000000
66
1
0
VERTEX
8
Layer 1
10
102.692450
20
225.027889
70
0
0
VERTEX
8
Layer 1
10
101.775549
20
225.153504
70
0
0
VERTEX
8
Layer 1
10
100.902244
20
225.520968
70
0
0
VERTEX
8
Layer 1
10
100.097074
20
226.116204
70
0
0
VERTEX
8
Layer 1
10
99.384580
20
226.925137
70
0
0
VERTEX
8
Layer 1
10
98.800380
20
227.911718
70
0
0
VERTEX
8
Layer 1
10
98.370509
20
229.026626
70
0
0
VERTEX
8
Layer 1
10
98.105133
20
230.235880
70
0
0
VERTEX
8
Layer 1
10
98.014415
20
231.505500
70
0
0
SEQEND
8
Layer 1
0
POLYLINE
8
Layer 1
62
7
70
0
10
0.000000
20
0.000000
66
1
0
VERTEX
8
Layer 1
10
102.692450
20
223.626148
70
0
0
VERTEX
8
Layer 1
10
101.512728
20
223.778947
70
0
0
VERTEX
8
Layer 1
10
100.389099
20
224.225928
70
0
0
VERTEX
8
Layer 1
10
99.353135
20
224.949972
70
0
0
VERTEX
8
Layer 1
10
98.436412
20
225.933957
70
0
0
VERTEX
8
Layer 1
10
97.684757
20
227.134032
70
0
0
VERTEX
8
Layer 1
10
97.131668
20
228.490203
70
0
0
VERTEX
8
Layer 1
10
96.790224
20
229.961137
70
0
0
VERTEX
8
Layer 1
10
96.673503
20
231.505500
70
0
0
SEQEND
8
Layer 1
0
POLYLINE
8
Layer 1
62
7
70
0
10
0.000000
20
0.000000
66
1
0
VERTEX
8
Layer 1
10
102.692450
20
212.977788
70
0
0
VERTEX
8
Layer 1
10
102.165935
20
213.086076
70
0
0
VERTEX
8
Layer 1
10
101.736335
20
213.377301
70
0
0
VERTEX
8
Layer 1
10
101.446877
20
213.808061
70
0
0
VERTEX
8
Layer 1
10
101.340785
20
214.334956
70
0
0
VERTEX
8
Layer 1
10
101.446877
20
214.861851
70
0
0
VERTEX
8
Layer 1
10
101.736335
20
215.292611
70
0
0
VERTEX
8
Layer 1
10
102.165935
20
215.583836
70
0
0
VERTEX
8
Layer 1
10
102.692450
20
215.692124
70
0
0
SEQEND
8
Layer 1
0
POLYLINE
8
Layer 1
62
7
70
0
10
0.000000
20
0.000000
66
1
0
VERTEX
8
Layer 1
10
102.692450
20
217.484677
70
0
0
VERTEX
8
Layer 1
10
102.031021
20
217.572415
70
0
0
VERTEX
8
Layer 1
10
101.424944
20
217.824258
70
0
0
VERTEX
8
Layer 1
10
100.903775
20
218.223144
70
0
0
VERTEX
8
Layer 1
10
100.497066
20
218.752013
70
0
0
VERTEX
8
Layer 1
10
100.242345
20
219.368620
70
0
0
VERTEX
8
Layer 1
10
100.157439
20
220.019349
70
0
0
VERTEX
8
Layer 1
10
100.242345
20
220.670078
70
0
0
VERTEX
8
Layer 1
10
100.497066
20
221.286685
70
0
0
VERTEX
8
Layer 1
10
100.903775
20
221.815553
70
0
0
VERTEX
8
Layer 1
10
101.424944
20
222.214439
70
0
0
VERTEX
8
Layer 1
10
102.031021
20
222.466282
70
0
0
VERTEX
8
Layer 1
10
102.692450
20
222.554021
70
0
0
SEQEND
8
Layer 1
0
POLYLINE
8
Layer 1
62
7
70
0
10
0.000000
20
0.000000
66
1
0
VERTEX
8
Layer 1
10
96.666330
20
201.623250
70
0
0
VERTEX
8
Layer 1
10
96.783190
20
202.284028
70
0
0
VERTEX
8
Layer 1
10
97.125041
20
202.913387
70
0
0
VERTEX
8
Layer 1
10
97.678789
20
203.493644
70
0
0
VERTEX
8
Layer 1
10
98.431340
20
204.007113
70
0
0
VERTEX
8
Layer 1
10
100.386354
20
204.737917
70
0
0
VERTEX
8
Layer 1
10
102.692450
20
204.994542
70
0
0
SEQEND
8
Layer 1
0
POLYLINE
8
Layer 1
62
7
70
0
10
0.000000
20
0.000000
66
1
0
VERTEX
8
Layer 1
10
102.692450
20
202.575609
70
0
0
VERTEX
8
Layer 1
10
102.198580
20
202.707924
70
0
0
VERTEX
8
Layer 1
10
101.837042
20
203.069413
70
0
0
VERTEX
8
Layer 1
10
101.704709
20
203.563218
70
0
0
VERTEX
8
Layer 1
10
101.837042
20
204.057022
70
0
0
VERTEX
8
Layer 1
10
102.198580
20
204.418512
70
0
0
VERTEX
8
Layer 1
10
102.692450
20
204.550826
70
0
0
SEQEND
8
Layer 1
0
POLYLINE
8
Layer 1
62
7
70
0
10
0.000000
20
0.000000
66
1
0
VERTEX
8
Layer 1
10
102.692450
20
210.262854
70
0
0
VERTEX
8
Layer 1
10
102.376811
20
210.445064
70
0
0
VERTEX
8
Layer 1
10
102.376811
20
210.809484
70
0
0
VERTEX
8
Layer 1
10
102.692450
20
210.991694
70
0
0
SEQEND
8
Layer 1
0
POLYLINE
8
Layer 1
62
7
70
0
10
0.000000
20
0.000000
66
1
0
VERTEX
8
Layer 1
10
72.806200
20
205.926031
70
0
0
VERTEX
8
Layer 1
10
73.141309
20
205.836251
70
0
0
VERTEX
8
Layer 1
10
73.386625
20
205.590967
70
0
0
VERTEX
8
Layer 1
10
73.476417
20
205.255904
70
0
0
VERTEX
8
Layer 1
10
73.386625
20
204.920840
70
0
0
VERTEX
8
Layer 1
10
73.141309
20
204.675556
70
0
0
VERTEX
8
Layer 1
10
72.806200
20
204.585776
70
0
0
SEQEND
8
Layer 1
0
POLYLINE
8
Layer 1
62
7
70
0
10
0.000000
20
0.000000
66
1
0
VERTEX
8
Layer 1
10
72.806200
20
218.418055
70
0
0
VERTEX
8
Layer 1
10
73.323737
20
218.313583
70
0
0
VERTEX
8
Layer 1
10
73.746363
20
218.028678
70
0
0
VERTEX
8
Layer 1
10
74.031305
20
217.606109
70
0
0
VERTEX
8
Layer 1
10
74.135791
20
217.088641
70
0
0
VERTEX
8
Layer 1
10
74.031305
20
216.571173
70
0
0
VERTEX
8
Layer 1
10
73.746363
20
216.148604
70
0
0
VERTEX
8
Layer 1
10
73.323737
20
215.863700
70
0
0
VERTEX
8
Layer 1
10
72.806200
20
215.759228
70
0
0
SEQEND
8
Layer 1
0
POLYLINE
8
Layer 1
62
7
70
0
10
0.000000
20
0.000000
66
1
0
VERTEX
8
Layer 1
10
72.806200
20
212.617288
70
0
0
VERTEX
8
Layer 1
10
72.973868
20
212.447641
70
0
0
VERTEX
8
Layer 1
10
72.806200
20
212.277993
70
0
0
SEQEND
8
Layer 1
0
POLYLINE
8
Layer 1
62
7
70
0
10
0.000000
20
0.000000
66
1
0
VERTEX
8
Layer 1
10
74.515717
20
201.623250
70
0
0
VERTEX
8
Layer 1
10
74.609176
20
201.971994
70
0
0
VERTEX
8
Layer 1
10
74.864508
20
202.227292
70
0
0
VERTEX
8
Layer 1
10
75.213298
20
202.320738
70
0
0
VERTEX
8
Layer 1
10
75.562089
20
202.227292
70
0
0
VERTEX
8
Layer 1
10
75.817421
20
201.971994
70
0
0
VERTEX
8
Layer 1
10
75.910879
20
201.623250
70
0
0
SEQEND
8
Layer 1
0
POLYLINE
8
Layer 1
62
7
70
0
10
0.000000
20
0.000000
66
1
0
VERTEX
8
Layer 1
10
72.806200
20
218.863300
70
0
0
VERTEX
8
Layer 1
10
73.276711
20
218.774292
70
0
0
VERTEX
8
Layer 1
10
73.733631
20
218.513044
70
0
0
VERTEX
8
Layer 1
10
74.597443
20
217.508492
70
0
0
VERTEX
8
Layer 1
10
75.379131
20
215.918970
70
0
0
VERTEX
8
Layer 1
10
76.060190
20
213.813806
70
0
0
VERTEX
8
Layer 1
10
76.622115
20
211.262326
70
0
0
VERTEX
8
Layer 1
10
77.046402
20
208.333856
70
0
0
VERTEX
8
Layer 1
10
77.314544
20
205.097721
70
0
0
VERTEX
8
Layer 1
10
77.408037
20
201.623250
70
0
0
SEQEND
8
Layer 1
0
POLYLINE
8
Layer 1
62
7
70
0
10
0.000000
20
0.000000
66
1
0
VERTEX
8
Layer 1
10
72.806200
20
218.429553
70
0
0
VERTEX
8
Layer 1
10
73.718218
20
218.308574
70
0
0
VERTEX
8
Layer 1
10
74.553912
20
217.961318
70
0
0
VERTEX
8
Layer 1
10
75.272532
20
217.411310
70
0
0
VERTEX
8
Layer 1
10
75.833326
20
216.682075
70
0
0
VERTEX
8
Layer 1
10
76.184550
20
215.831861
70
0
0
VERTEX
8
Layer 1
10
76.301624
20
214.934597
70
0
0
VERTEX
8
Layer 1
10
76.184550
20
214.037334
70
0
0
VERTEX
8
Layer 1
10
75.833326
20
213.187119
70
0
0
VERTEX
8
Layer 1
10
75.272532
20
212.457884
70
0
0
VERTEX
8
Layer 1
10
74.553912
20
211.907876
70
0
0
VERTEX
8
Layer 1
10
73.718218
20
211.560620
70
0
0
VERTEX
8
Layer 1
10
72.806200
20
211.439641
70
0
0
SEQEND
8
Layer 1
0
POLYLINE
8
Layer 1
62
7
70
0
10
0.000000
20
0.000000
66
1
0
VERTEX
8
Layer 1
10
132.578700
20
201.662408
70
0
0
VERTEX
8
Layer 1
10
131.534845
20
201.808440
70
0
0
VERTEX
8
Layer 1
10
130.508671
20
202.241133
70
0
0
VERTEX
8
Layer 1
10
129.507103
20
202.952381
70
0
0
VERTEX
8
Layer 1
10
128.537066
20
203.934078
70
0
0
VERTEX
8
Layer 1
10
127.605485
20
205.178119
70
0
0
VERTEX
8
Layer 1
10
126.719286
20
206.676398
70
0
0
VERTEX
8
Layer 1
10
125.110734
20
210.403247
70
0
0
VERTEX
8
Layer 1
10
123.791824
20
214.948537
70
0
0
VERTEX
8
Layer 1
10
122.821332
20
220.085043
70
0
0
VERTEX
8
Layer 1
10
122.222209
20
225.656214
70
0
0
VERTEX
8
Layer 1
10
122.017401
20
231.505500
70
0
0
SEQEND
8
Layer 1
0
POLYLINE
8
Layer 1
62
7
70
0
10
0.000000
20
0.000000
66
1
0
VERTEX
8
Layer 1
10
132.578700
20
215.141311
70
0
0
VERTEX
8
Layer 1
10
130.715999
20
215.388399
70
0
0
VERTEX
8
Layer 1
10
129.009182
20
216.097632
70
0
0
VERTEX
8
Layer 1
10
127.541477
20
217.220965
70
0
0
VERTEX
8
Layer 1
10
126.396113
20
218.710351
70
0
0
VERTEX
8
Layer 1
10
125.678776
20
220.446825
70
0
0
VERTEX
8
Layer 1
10
125.439664
20
222.279391
70
0
0
VERTEX
8
Layer 1
10
125.678776
20
224.111957
70
0
0
VERTEX
8
Layer 1
10
126.396113
20
225.848431
70
0
0
VERTEX
8
Layer 1
10
127.541477
20
227.337818
70
0
0
VERTEX
8
Layer 1
10
129.009182
20
228.461150
70
0
0
VERTEX
8
Layer 1
10
130.715999
20
229.170384
70
0
0
VERTEX
8
Layer 1
10
132.578700
20
229.417472
70
0
0
SEQEND
8
Layer 1
0
POLYLINE
8
Layer 1
62
7
70
0
10
0.000000
20
0.000000
66
1
0
VERTEX
8
Layer 1
10
132.578700
20
219.571151
70
0
0
VERTEX
8
Layer 1
10
132.371994
20
219.690477
70
0
0
VERTEX
8
Layer 1
10
132.371994
20
219.929128
70
0
0
VERTEX
8
Layer 1
10
132.578700
20
220.048454
70
0
0
SEQEND
8
Layer 1
0
POLYLINE
8
Layer 1
62
7
70
0
10
0.000000
20
0.000000
66
1
0
VERTEX
8
Layer 1
10
132.578700
20
225.664166
70
0
0
VERTEX
8
Layer 1
10
132.374955
20
225.781782
70
0
0
VERTEX
8
Layer 1
10
132.374955
20
226.017015
70
0
0
VERTEX
8
Layer 1
10
132.578700
20
226.134632
70
0
0
SEQEND
8
Layer 1
0
POLYLINE
8
Layer 1
62
7
70
0
10
0.000000
20
0.000000
66
1
0
VERTEX
8
Layer 1
10
132.578700
20
218.440598
70
0
0
VERTEX
8
Layer 1
10
131.189870
20
218.724207
70
0
0
VERTEX
8
Layer 1
10
130.056321
20
219.490997
70
0
0
VERTEX
8
Layer 1
10
129.292363
20
220.626374
70
0
0
VERTEX
8
Layer 1
10
129.012307
20
222.015746
70
0
0
VERTEX
8
Layer 1
10
129.292363
20
223.405118
70
0
0
VERTEX
8
Layer 1
10
130.056321
20
224.540495
70
0
0
VERTEX
8
Layer 1
10
131.189870
20
225.307285
70
0
0
VERTEX
8
Layer 1
10
132.578700
20
225.590894
70
0
0
SEQEND
8
Layer 1
0
POLYLINE
8
Layer 1
62
7
70
0
10
0.000000
20
0.000000
66
1
0
VERTEX
8
Layer 1
10
132.578700
20
218.532133
70
0
0
VERTEX
8
Layer 1
10
131.790881
20
218.743200
70
0
0
VERTEX
8
Layer 1
10
131.214157
20
219.319847
70
0
0
VERTEX
8
Layer 1
10
131.003061
20
220.107561
70
0
0
VERTEX
8
Layer 1
10
131.214157
20
220.895275
70
0
0
VERTEX
8
Layer 1
10
131.790881
20
221.471922
70
0
0
VERTEX
8
Layer 1
10
132.578700
20
221.682989
70
0
0
SEQEND
8
Layer 1
0
POLYLINE
8
Layer 1
62
7
70
0
10
0.000000
20
0.000000
66
1
0
VERTEX
8
Layer 1
10
132.578700
20
219.142616
70
0
0
VERTEX
8
Layer 1
10
132.109431
20
219.237344
70
0
0
VERTEX
8
Layer 1
10
131.726221
20
219.495677
70
0
0
VERTEX
8
Layer 1
10
131.467854
20
219.878835
70
0
0
VERTEX
8
Layer 1
10
131.373113
20
220.348042
70
0
0
VERTEX
8
Layer 1
10
131.467854
20
220.817248
70
0
0
VERTEX
8
Layer 1
10
131.726221
20
221.200406
70
0
0
VERTEX
8
Layer 1
10
132.109431
20
221.458739
70
0
0
VERTEX
8
Layer 1
10
132.578700
20
221.553468
70
0
0
SEQEND
8
Layer 1
0
POLYLINE
8
Layer 1
62
7
70
0
10
0.000000
20
0.000000
66
1
0
VERTEX
8
Layer 1
10
132.578700
20
212.928183
70
0
0
VERTEX
8
Layer 1
10
131.974341
20
213.019088
70
0
0
VERTEX
8
Layer 1
10
131.380219
20
213.288439
70
0
0
VERTEX
8
Layer 1
10
130.238723
20
214.342297
70
0
0
VERTEX
8
Layer 1
10
129.186286
20
216.049391
70
0
0
VERTEX
8
Layer 1
10
128.254986
20
218.369353
70
0
0
VERTEX
8
Layer 1
10
127.491379
20
221.198795
70
0
0
VERTEX
8
Layer 1
10
126.929495
20
224.396269
70
0
0
VERTEX
8
Layer 1
10
126.582622
20
227.864321
70
0
0
VERTEX
8
Layer 1
10
126.464045
20
231.505500
70
0
0
SEQEND
8
Layer 1
0
POLYLINE
8
Layer 1
62
7
70
0
10
0.000000
20
0.000000
66
1
0
VERTEX
8
Layer 1
10
132.578700
20
204.605403
70
0
0
VERTEX
8
Layer 1
10
131.658562
20
204.851920
70
0
0
VERTEX
8
Layer 1
10
130.984974
20
205.525418
70
0
0
VERTEX
8
Layer 1
10
130.738424
20
206.445432
70
0
0
VERTEX
8
Layer 1
10
130.984974
20
207.365447
70
0
0
VERTEX
8
Layer 1
10
131.658562
20
208.038945
70
0
0
VERTEX
8
Layer 1
10
132.578700
20
208.285462
70
0
0
SEQEND
8
Layer 1
0
POLYLINE
8
Layer 1
62
7
70
0
10
0.000000
20
0.000000
66
1
0
VERTEX
8
Layer 1
10
132.578700
20
204.165488
70
0
0
VERTEX
8
Layer 1
10
131.719626
20
204.279445
70
0
0
VERTEX
8
Layer 1
10
130.932446
20
204.606542
70
0
0
VERTEX
8
Layer 1
10
130.255543
20
205.124621
70
0
0
VERTEX
8
Layer 1
10
129.727304
20
205.811522
70
0
0
VERTEX
8
Layer 1
10
129.396470
20
206.612380
70
0
0
VERTEX
8
Layer 1
10
129.286192
20
207.457556
70
0
0
VERTEX
8
Layer 1
10
129.396470
20
208.302732
70
0
0
VERTEX
8
Layer 1
10
129.727304
20
209.103590
70
0
0
VERTEX
8
Layer 1
10
130.255543
20
209.790492
70
0
0
VERTEX
8
Layer 1
10
130.932446
20
210.308570
70
0
0
VERTEX
8
Layer 1
10
131.719626
20
210.635667
70
0
0
VERTEX
8
Layer 1
10
132.578700
20
210.749624
70
0
0
SEQEND
8
Layer 1
0
POLYLINE
8
Layer 1
62
7
70
0
10
0.000000
20
0.000000
66
1
0
VERTEX
8
Layer 1
10
132.578700
20
201.694657
70
0
0
VERTEX
8
Layer 1
10
131.386820
20
201.852760
70
0
0
VERTEX
8
Layer 1
10
130.294685
20
202.306575
70
0
0
VERTEX
8
Layer 1
10
129.355550
20
203.025358
70
0
0
VERTEX
8
Layer 1
10
128.622670
20
203.978366
70
0
0
VERTEX
8
Layer 1
10
128.163670
20
205.089477
70
0
0
VERTEX
8
Layer 1
10
128.010670
20
206.262075
70
0
0
VERTEX
8
Layer 1
10
128.163670
20
207.434672
70
0
0
VERTEX
8
Layer 1
10
128.622670
20
208.545784
70
0
0
VERTEX
8
Layer 1
10
129.355550
20
209.498792
70
0
0
VERTEX
8
Layer 1
10
130.294685
20
210.217575
70
0
0
VERTEX
8
Layer 1
10
131.386820
20
210.671390
70
0
0
VERTEX
8
Layer 1
10
132.578700
20
210.829493
70
0
0
SEQEND
8
Layer 1
0
POLYLINE
8
Layer 1
62
7
70
0
10
0.000000
20
0.000000
66
1
0
VERTEX
8
Layer 1
10
132.578700
20
209.287330
70
0
0
VERTEX
8
Layer 1
10
132.270740
20
209.369837
70
0
0
VERTEX
8
Layer 1
10
132.045298
20
209.595249
70
0
0
VERTEX
8
Layer 1
10
131.962780
20
209.903167
70
0
0
VERTEX
8
Layer 1
10
132.045298
20
210.211086
70
0
0
VERTEX
8
Layer 1
10
132.270740
20
210.436498
70
0
0
VERTEX
8
Layer 1
10
132.578700
20
210.519005
70
0
0
SEQEND
8
Layer 1
0
POLYLINE
8
Layer 1
62
7
70
0
10
0.000000
20
0.000000
66
1
0
VERTEX
8
Layer 1
10
129.773983
20
231.505500
70
0
0
VERTEX
8
Layer 1
10
129.654808
20
231.060792
70
0
0
VERTEX
8
Layer 1
10
129.329216
20
230.735244
70
0
0
VERTEX
8
Layer 1
10
128.884449
20
230.616085
70
0
0
VERTEX
8
Layer 1
10
128.439682
20
230.735244
70
0
0
VERTEX
8
Layer 1
10
128.114089
20
231.060792
70
0
0
VERTEX
8
Layer 1
10
127.994914
20
231.505500
70
0
0
SEQEND
8
Layer 1
0
POLYLINE
8
Layer 1
62
7
70
0
10
0.000000
20
0.000000
66
1
0
VERTEX
8
Layer 1
10
129.596267
20
231.505500
70
0
0
VERTEX
8
Layer 1
10
129.519098
20
231.217537
70
0
0
VERTEX
8
Layer 1
10
129.308266
20
231.006733
70
0
0
VERTEX
8
Layer 1
10
129.020264
20
230.929573
70
0
0
VERTEX
8
Layer 1
10
128.732262
20
231.006733
70
0
0
VERTEX
8
Layer 1
10
128.521430
20
231.217537
70
0
0
VERTEX
8
Layer 1
10
128.444260
20
231.505500
70
0
0
SEQEND
8
Layer 1
0
POLYLINE
8
Layer 1
62
7
70
0
10
0.000000
20
0.000000
66
1
0
VERTEX
8
Layer 1
10
114.102423
20
216.564375
70
0
0
VERTEX
8
Layer 1
10
113.041561
20
216.854117
70
0
0
VERTEX
8
Layer 1
10
112.031141
20
217.701700
70
0
0
VERTEX
8
Layer 1
10
111.099554
20
219.074659
70
0
0
VERTEX
8
Layer 1
10
110.275193
20
220.940529
70
0
0
VERTEX
8
Layer 1
10
109.599270
20
223.216156
70
0
0
VERTEX
8
Layer 1
10
109.101907
20
225.787779
70
0
0
VERTEX
8
Layer 1
10
108.794864
20
228.577020
70
0
0
VERTEX
8
Layer 1
10
108.689903
20
231.505500
70
0
0
SEQEND
8
Layer 1
0
POLYLINE
8
Layer 1
62
7
70
0
10
0.000000
20
0.000000
66
1
0
VERTEX
8
Layer 1
10
114.102423
20
216.564375
70
0
0
VERTEX
8
Layer 1
10
115.163284
20
216.274633
70
0
0
VERTEX
8
Layer 1
10
116.173704
20
215.427050
70
0
0
VERTEX
8
Layer 1
10
117.105291
20
214.054091
70
0
0
VERTEX
8
Layer 1
10
117.929652
20
212.188221
70
0
0
VERTEX
8
Layer 1
10
118.605575
20
209.912594
70
0
0
VERTEX
8
Layer 1
10
119.102938
20
207.340971
70
0
0
VERTEX
8
Layer 1
10
119.409981
20
204.551730
70
0
0
VERTEX
8
Layer 1
10
119.514942
20
201.623250
70
0
0
SEQEND
8
Layer 1
0
POLYLINE
8
Layer 1
62
7
70
0
10
0.000000
20
0.000000
66
1
0
VERTEX
8
Layer 1
10
102.692450
20
218.512315
70
0
0
VERTEX
8
Layer 1
10
103.237350
20
218.429671
70
0
0
VERTEX
8
Layer 1
10
103.773021
20
218.184798
70
0
0
VERTEX
8
Layer 1
10
104.802215
20
217.226712
70
0
0
VERTEX
8
Layer 1
10
105.751110
20
215.674754
70
0
0
VERTEX
8
Layer 1
10
106.590787
20
213.565623
70
0
0
VERTEX
8
Layer 1
10
107.279268
20
210.993312
70
0
0
VERTEX
8
Layer 1
10
107.785872
20
208.086415
70
0
0
VERTEX
8
Layer 1
10
108.098620
20
204.933529
70
0
0
VERTEX
8
Layer 1
10
108.205531
20
201.623250
70
0
0
SEQEND
8
Layer 1
0
POLYLINE
8
Layer 1
62
7
70
0
10
0.000000
20
0.000000
66
1
0
VERTEX
8
Layer 1
10
102.692450
20
217.484677
70
0
0
VERTEX
8
Layer 1
10
103.951220
20
217.357799
70
0
0
VERTEX
8
Layer 1
10
105.123642
20
216.993907
70
0
0
VERTEX
8
Layer 1
10
106.184600
20
216.418115
70
0
0
VERTEX
8
Layer 1
10
107.108979
20
215.655535
70
0
0
VERTEX
8
Layer 1
10
107.871661
20
214.731280
70
0
0
VERTEX
8
Layer 1
10
108.447530
20
213.670464
70
0
0
VERTEX
8
Layer 1
10
108.811470
20
212.498198
70
0
0
VERTEX
8
Layer 1
10
108.938365
20
211.239597
70
0
0
VERTEX
8
Layer 1
10
108.811470
20
209.980996
70
0
0
VERTEX
8
Layer 1
10
108.447530
20
208.808730
70
0
0
VERTEX
8
Layer 1
10
107.871661
20
207.747914
70
0
0
VERTEX
8
Layer 1
10
107.108979
20
206.823659
70
0
0
VERTEX
8
Layer 1
10
106.184600
20
206.061079
70
0
0
VERTEX
8
Layer 1
10
105.123642
20
205.485287
70
0
0
VERTEX
8
Layer 1
10
103.951220
20
205.121396
70
0
0
VERTEX
8
Layer 1
10
102.692450
20
204.994518
70
0
0
SEQEND
8
Layer 1
0
POLYLINE
8
Layer 1
62
7
70
0
10
0.000000
20
0.000000
66
1
0
VERTEX
8
Layer 1
10
102.692450
20
215.692124
70
0
0
VERTEX
8
Layer 1
10
103.400841
20
215.598156
70
0
0
VERTEX
8
Layer 1
10
104.049949
20
215.328432
70
0
0
VERTEX
8
Layer 1
10
104.608122
20
214.901225
70
0
0
VERTEX
8
Layer 1
10
105.043708
20
214.334807
70
0
0
VERTEX
8
Layer 1
10
105.316513
20
213.674420
70
0
0
VERTEX
8
Layer 1
10
105.407448
20
212.977489
70
0
0
VERTEX
8
Layer 1
10
105.316513
20
212.280558
70
0
0
VERTEX
8
Layer 1
10
105.043708
20
211.620171
70
0
0
VERTEX
8
Layer 1
10
104.608122
20
211.053753
70
0
0
VERTEX
8
Layer 1
10
104.049949
20
210.626546
70
0
0
VERTEX
8
Layer 1
10
103.400841
20
210.356822
70
0
0
VERTEX
8
Layer 1
10
102.692450
20
210.262854
70
0
0
SEQEND
8
Layer 1
0
POLYLINE
8
Layer 1
62
7
70
0
10
0.000000
20
0.000000
66
1
0
VERTEX
8
Layer 1
10
102.692450
20
212.977764
70
0
0
VERTEX
8
Layer 1
10
103.079031
20
212.899727
70
0
0
VERTEX
8
Layer 1
10
103.394717
20
212.686914
70
0
0
VERTEX
8
Layer 1
10
103.607559
20
212.371270
70
0
0
VERTEX
8
Layer 1
10
103.685606
20
211.984741
70
0
0
VERTEX
8
Layer 1
10
103.607559
20
211.598212
70
0
0
VERTEX
8
Layer 1
10
103.394717
20
211.282568
70
0
0
VERTEX
8
Layer 1
10
103.079031
20
211.069755
70
0
0
VERTEX
8
Layer 1
10
102.692450
20
210.991718
70
0
0
SEQEND
8
Layer 1
0
POLYLINE
8
Layer 1
62
7
70
0
10
0.000000
20
0.000000
66
1
0
VERTEX
8
Layer 1
10
102.692450
20
204.550826
70
0
0
VERTEX
8
Layer 1
10
104.145568
20
204.327978
70
0
0
VERTEX
8
Layer 1
10
105.377461
20
203.693359
70
0
0
VERTEX
8
Layer 1
10
106.200586
20
202.743585
70
0
0
VERTEX
8
Layer 1
10
106.489630
20
201.623250
70
0
0
SEQEND
8
Layer 1
0
POLYLINE
8
Layer 1
62
7
70
0
10
0.000000
20
0.000000
66
1
0
VERTEX
8
Layer 1
10
102.692450
20
202.575609
70
0
0
VERTEX
8
Layer 1
10
103.540449
20
202.296670
70
0
0
VERTEX
8
Layer 1
10
103.800414
20
201.987702
70
0
0
VERTEX
8
Layer 1
10
103.891702
20
201.623250
70
0
0
SEQEND
8
Layer 1
0
POLYLINE
8
Layer 1
62
7
70
0
10
0.000000
20
0.000000
66
1
0
VERTEX
8
Layer 1
10
113.805473
20
201.623250
70
0
0
VERTEX
8
Layer 1
10
113.964499
20
202.216664
70
0
0
VERTEX
8
Layer 1
10
114.398966
20
202.651073
70
0
0
VERTEX
8
Layer 1
10
114.992459
20
202.810077
70
0
0
VERTEX
8
Layer 1
10
115.585952
20
202.651073
70
0
0
VERTEX
8
Layer 1
10
116.020419
20
202.216664
70
0
0
VERTEX
8
Layer 1
10
116.179445
20
201.623250
70
0
0
SEQEND
8
Layer 1
0
POLYLINE
8
Layer 1
62
7
70
0
10
0.000000
20
0.000000
66
1
0
VERTEX
8
Layer 1
10
114.188375
20
201.623250
70
0
0
VERTEX
8
Layer 1
10
114.348093
20
201.899853
70
0
0
VERTEX
8
Layer 1
10
114.667530
20
201.899853
70
0
0
VERTEX
8
Layer 1
10
114.827248
20
201.623250
70
0
0
SEQEND
8
Layer 1
0
POLYLINE
8
Layer 1
62
7
70
0
10
0.000000
20
0.000000
66
1
0
VERTEX
8
Layer 1
10
102.692450
20
223.476450
70
0
0
VERTEX
8
Layer 1
10
103.246328
20
223.369515
70
0
0
VERTEX
8
Layer 1
10
103.790824
20
223.052667
70
0
0
VERTEX
8
Layer 1
10
104.836974
20
221.812974
70
0
0
VERTEX
8
Layer 1
10
105.801503
20
219.804856
70
0
0
VERTEX
8
Layer 1
10
106.655013
20
217.075796
70
0
0
VERTEX
8
Layer 1
10
107.354838
20
213.747417
70
0
0
VERTEX
8
Layer 1
10
107.869789
20
209.986108
70
0
0
VERTEX
8
Layer 1
10
108.187688
20
205.906506
70
0
0
VERTEX
8
Layer 1
10
108.296361
20
201.623250
70
0
0
SEQEND
8
Layer 1
0
POLYLINE
8
Layer 1
62
7
70
0
10
0.000000
20
0.000000
66
1
0
VERTEX
8
Layer 1
10
102.692450
20
222.554021
70
0
0
VERTEX
8
Layer 1
10
103.348985
20
222.378126
70
0
0
VERTEX
8
Layer 1
10
103.829602
20
221.897574
70
0
0
VERTEX
8
Layer 1
10
104.005520
20
221.241126
70
0
0
VERTEX
8
Layer 1
10
103.829602
20
220.584679
70
0
0
VERTEX
8
Layer 1
10
103.348985
20
220.104126
70
0
0
VERTEX
8
Layer 1
10
102.692450
20
219.928232
70
0
0
SEQEND
8
Layer 1
0
POLYLINE
8
Layer 1
62
7
70
0
10
0.000000
20
0.000000
66
1
0
VERTEX
8
Layer 1
10
102.692450
20
223.626148
70
0
0
VERTEX
8
Layer 1
10
104.059994
20
223.518481
70
0
0
VERTEX
8
Layer 1
10
105.404375
20
223.199462
70
0
0
VERTEX
8
Layer 1
10
106.716520
20
222.675069
70
0
0
VERTEX
8
Layer 1
10
107.987357
20
221.951277
70
0
0
VERTEX
8
Layer 1
10
109.207812
20
221.034063
70
0
0
VERTEX
8
Layer 1
10
110.368813
20
219.929403
70
0
0
VERTEX
8
Layer 1
10
111.461287
20
218.643273
70
0
0
VERTEX
8
Layer 1
10
112.476162
20
217.181649
70
0
0
VERTEX
8
Layer 1
10
113.395286
20
215.567760
70
0
0
VERTEX
8
Layer 1
10
114.204054
20
213.830469
70
0
0
VERTEX
8
Layer 1
10
115.475485
20
210.043395
70
0
0
VERTEX
8
Layer 1
10
116.260392
20
205.935848
70
0
0
VERTEX
8
Layer 1
10
116.528708
20
201.623250
70
0
0
SEQEND
8
Layer 1
0
POLYLINE
8
Layer 1
62
7
70
0
10
0.000000
20
0.000000
66
1
0
VERTEX
8
Layer 1
10
105.158329
20
231.505500
70
0
0
VERTEX
8
Layer 1
10
104.964548
20
228.984121
70
0
0
VERTEX
8
Layer 1
10
104.436089
20
226.925137
70
0
0
VERTEX
8
Layer 1
10
103.652281
20
225.536932
70
0
0
VERTEX
8
Layer 1
10
103.189411
20
225.159491
70
0
0
VERTEX
8
Layer 1
10
102.692450
20
225.027889
70
0
0
SEQEND
8
Layer 1
0
POLYLINE
8
Layer 1
62
7
70
0
10
0.000000
20
0.000000
66
1
0
VERTEX
8
Layer 1
10
108.548218
20
201.623250
70
0
0
VERTEX
8
Layer 1
10
108.806781
20
202.240544
70
0
0
VERTEX
8
Layer 1
10
109.425499
20
202.495846
70
0
0
VERTEX
8
Layer 1
10
110.044218
20
202.240544
70
0
0
VERTEX
8
Layer 1
10
110.302780
20
201.623250
70
0
0
SEQEND
8
Layer 1
0
POLYLINE
8
Layer 1
62
7
70
0
10
0.000000
20
0.000000
66
1
0
VERTEX
8
Layer 1
10
120.189224
20
216.564375
70
0
0
VERTEX
8
Layer 1
10
119.735867
20
216.854117
70
0
0
VERTEX
8
Layer 1
10
119.304066
20
217.701700
70
0
0
VERTEX
8
Layer 1
10
118.905954
20
219.074659
70
0
0
VERTEX
8
Layer 1
10
118.553666
20
220.940529
70
0
0
VERTEX
8
Layer 1
10
118.052264
20
225.787779
70
0
0
VERTEX
8
Layer 1
10
117.876195
20
231.505500
70
0
0
SEQEND
8
Layer 1
0
POLYLINE
8
Layer 1
62
7
70
0
10
0.000000
20
0.000000
66
1
0
VERTEX
8
Layer 1
10
120.189224
20
216.564375
70
0
0
VERTEX
8
Layer 1
10
120.642580
20
216.274633
70
0
0
VERTEX
8
Layer 1
10
121.074381
20
215.427050
70
0
0
VERTEX
8
Layer 1
10
121.472493
20
214.054091
70
0
0
VERTEX
8
Layer 1
10
121.824782
20
212.188221
70
0
0
VERTEX
8
Layer 1
10
122.326183
20
207.340971
70
0
0
VERTEX
8
Layer 1
10
122.502252
20
201.623250
70
0
0
SEQEND
8
Layer 1
0
POLYLINE
8
Layer 1
62
7
70
0
10
0.000000
20
0.000000
66
1
0
VERTEX
8
Layer 1
10
125.562604
20
216.564375
70
0
0
VERTEX
8
Layer 1
10
124.230122
20
216.854117
70
0
0
VERTEX
8
Layer 1
10
122.960995
20
217.701700
70
0
0
VERTEX
8
Layer 1
10
121.790885
20
219.074659
70
0
0
VERTEX
8
Layer 1
10
120.755457
20
220.940529
70
0
0
VERTEX
8
Layer 1
10
119.906471
20
223.216156
70
0
0
VERTEX
8
Layer 1
10
119.281763
20
225.787779
70
0
0
VERTEX
8
Layer 1
10
118.896106
20
228.577020
70
0
0
VERTEX
8
Layer 1
10
118.764271
20
231.505500
70
0
0
SEQEND
8
Layer 1
0
POLYLINE
8
Layer 1
62
7
70
0
10
0.000000
20
0.000000
66
1
0
VERTEX
8
Layer 1
10
125.562604
20
216.564375
70
0
0
VERTEX
8
Layer 1
10
126.895086
20
216.274633
70
0
0
VERTEX
8
Layer 1
10
128.164213
20
215.427050
70
0
0
VERTEX
8
Layer 1
10
129.334322
20
214.054091
70
0
0
VERTEX
8
Layer 1
10
130.369751
20
212.188221
70
0
0
VERTEX
8
Layer 1
10
131.218737
20
209.912594
70
0
0
VERTEX
8
Layer 1
10
131.843445
20
207.340971
70
0
0
VERTEX
8
Layer 1
10
132.229102
20
204.551730
70
0
0
VERTEX
8
Layer 1
10
132.360937
20
201.623250
70
0
0
SEQEND
8
Layer 1
0
POLYLINE
8
Layer 1
62
7
70
0
10
0.000000
20
0.000000
66
1
0
VERTEX
8
Layer 1
10
116.373778
20
231.505500
70
0
0
VERTEX
8
Layer 1
10
116.272537
20
230.742492
70
0
0
VERTEX
8
Layer 1
10
115.981940
20
230.043338
70
0
0
VERTEX
8
Layer 1
10
115.521672
20
229.442129
70
0
0
VERTEX
8
Layer 1
10
114.911419
20
228.972960
70
0
0
VERTEX
8
Layer 1
10
114.199926
20
228.679122
70
0
0
VERTEX
8
Layer 1
10
113.449061
20
228.581175
70
0
0
VERTEX
8
Layer 1
10
112.698196
20
228.679122
70
0
0
VERTEX
8
Layer 1
10
111.986703
20
228.972960
70
0
0
VERTEX
8
Layer 1
10
111.376451
20
229.442129
70
0
0
VERTEX
8
Layer 1
10
110.916183
20
230.043338
70
0
0
VERTEX
8
Layer 1
10
110.625585
20
230.742492
70
0
0
VERTEX
8
Layer 1
10
110.524345
20
231.505500
70
0
0
SEQEND
8
Layer 1
0
POLYLINE
8
Layer 1
62
7
70
0
10
0.000000
20
0.000000
66
1
0
VERTEX
8
Layer 1
10
120.609305
20
201.623250
70
0
0
VERTEX
8
Layer 1
10
120.842830
20
202.027673
70
0
0
VERTEX
8
Layer 1
10
121.309880
20
202.027673
70
0
0
VERTEX
8
Layer 1
10
121.543405
20
201.623250
70
0
0
SEQEND
8
Layer 1
0
POLYLINE
8
Layer 1
62
7
70
0
10
0.000000
20
0.000000
66
1
0
VERTEX
8
Layer 1
10
149.669929
20
231.505500
70
0
0
VERTEX
8
Layer 1
10
149.586296
20
229.210485
70
0
0
VERTEX
8
Layer 1
10
149.338492
20
226.954341
70
0
0
VERTEX
8
Layer 1
10
148.931158
20
224.752297
70
0
0
VERTEX
8
Layer 1
10
148.368937
20
222.619576
70
0
0
VERTEX
8
Layer 1
10
147.656471
20
220.571406
70
0
0
VERTEX
8
Layer 1
10
146.798402
20
218.623011
70
0
0
VERTEX
8
Layer 1
10
145.799372
20
216.789618
70
0
0
VERTEX
8
Layer 1
10
144.664024
20
215.086454
70
0
0
VERTEX
8
Layer 1
10
143.410401
20
213.543976
70
0
0
VERTEX
8
Layer 1
10
142.060923
20
212.186701
70
0
0
VERTEX
8
Layer 1
10
140.626797
20
211.020934
70
0
0
VERTEX
8
Layer 1
10
139.119230
20
210.052982
70
0
0
VERTEX
8
Layer 1
10
137.549430
20
209.289152
70
0
0
VERTEX
8
Layer 1
10
135.928604
20
208.735751
70
0
0
VERTEX
8
Layer 1
10
134.267958
20
208.399085
70
0
0
VERTEX
8
Layer 1
10
132.578700
20
208.285462
70
0
0
SEQEND
8
Layer 1
0
POLYLINE
8
Layer 1
62
7
70
0
10
0.000000
20
0.000000
66
1
0
VERTEX
8
Layer 1
10
162.464950
20
214.327151
70
0
0
VERTEX
8
Layer 1
10
162.420401
20
214.352867
70
0
0
VERTEX
8
Layer 1
10
162.420401
20
214.404301
70
0
0
VERTEX
8
Layer 1
10
162.464950
20
214.430017
70
0
0
SEQEND
8
Layer 1
0
POLYLINE
8
Layer 1
62
7
70
0
10
0.000000
20
0.000000
66
1
0
VERTEX
8
Layer 1
10
162.464950
20
217.464763
70
0
0
VERTEX
8
Layer 1
10
161.725134
20
217.616480
70
0
0
VERTEX
8
Layer 1
10
161.121417
20
218.025383
70
0
0
VERTEX
8
Layer 1
10
160.714601
20
218.630463
70
0
0
VERTEX
8
Layer 1
10
160.565484
20
219.370713
70
0
0
VERTEX
8
Layer 1
10
160.714601
20
220.110963
70
0
0
VERTEX
8
Layer 1
10
161.121417
20
220.716042
70
0
0
VERTEX
8
Layer 1
10
161.725134
20
221.124945
70
0
0
VERTEX
8
Layer 1
10
162.464950
20
221.276662
70
0
0
SEQEND
8
Layer 1
0
POLYLINE
8
Layer 1
62
7
70
0
10
0.000000
20
0.000000
66
1
0
VERTEX
8
Layer 1
10
137.860198
20
201.623250
70
0
0
VERTEX
8
Layer 1
10
137.980597
20
202.549517
70
0
0
VERTEX
8
Layer 1
10
138.337340
20
203.460096
70
0
0
VERTEX
8
Layer 1
10
138.923743
20
204.348841
70
0
0
VERTEX
8
Layer 1
10
139.733123
20
205.209606
70
0
0
VERTEX
8
Layer 1
10
140.758798
20
206.036247
70
0
0
VERTEX
8
Layer 1
10
141.994085
20
206.822618
70
0
0
VERTEX
8
Layer 1
10
145.066763
20
208.249972
70
0
0
VERTEX
8
Layer 1
10
148.814221
20
209.420311
70
0
0
VERTEX
8
Layer 1
10
153.049119
20
210.281479
70
0
0
VERTEX
8
Layer 1
10
157.642386
20
210.813113
70
0
0
VERTEX
8
Layer 1
10
162.464950
20
210.994850
70
0
0
SEQEND
8
Layer 1
0
POLYLINE
8
Layer 1
62
7
70
0
10
0.000000
20
0.000000
66
1
0
VERTEX
8
Layer 1
10
138.434349
20
201.623250
70
0
0
VERTEX
8
Layer 1
10
138.613821
20
202.975856
70
0
0
VERTEX
8
Layer 1
10
139.128970
20
204.215266
70
0
0
VERTEX
8
Layer 1
10
139.944900
20
205.281045
70
0
0
VERTEX
8
Layer 1
10
141.026712
20
206.112754
70
0
0
VERTEX
8
Layer 1
10
142.287996
20
206.633650
70
0
0
VERTEX
8
Layer 1
10
143.619075
20
206.807282
70
0
0
VERTEX
8
Layer 1
10
144.950155
20
206.633650
70
0
0
VERTEX
8
Layer 1
10
146.211438
20
206.112754
70
0
0
VERTEX
8
Layer 1
10
147.293250
20
205.281045
70
0
0
VERTEX
8
Layer 1
10
148.109180
20
204.215266
70
0
0
VERTEX
8
Layer 1
10
148.624330
20
202.975856
70
0
0
VERTEX
8
Layer 1
10
148.803802
20
201.623250
70
0
0
SEQEND
8
Layer 1
0
POLYLINE
8
Layer 1
62
7
70
0
10
0.000000
20
0.000000
66
1
0
VERTEX
8
Layer 1
10
139.542937
20
201.623250
70
0
0
VERTEX
8
Layer 1
10
139.724984
20
202.511940
70
0
0
VERTEX
8
Layer 1
10
140.216130
20
203.237188
70
0
0
VERTEX
8
Layer 1
10
140.943058
20
203.725922
70
0
0
VERTEX
8
Layer 1
10
141.832451
20
203.905072
70
0
0
VERTEX
8
Layer 1
10
142.721844
20
203.725922
70
0
0
VERTEX
8
Layer 1
10
143.448773
20
203.237188
70
0
0
VERTEX
8
Layer 1
10
143.939919
20
202.511940
70
0
0
VERTEX
8
Layer 1
10
144.121965
20
201.623250
70
0
0
SEQEND
8
Layer 1
0
POLYLINE
8
Layer 1
62
7
70
0
10
0.000000
20
0.000000
66
1
0
VERTEX
8
Layer 1
10
145.557796
20
201.623250
70
0
0
VERTEX
8
Layer 1
10
145.603468
20
201.702346
70
0
0
VERTEX
8
Layer 1
10
145.694813
20
201.702346
70
0
0
VERTEX
8
Layer 1
10
145.740485
20
201.623250
70
0
0
SEQEND
8
Layer 1
0
POLYLINE
8
Layer 1
62
7
70
0
10
0.000000
20
0.000000
66
1
0
VERTEX
8
Layer 1
10
155.230015
20
201.623250
70
0
0
VERTEX
8
Layer 1
10
155.327411
20
202.357288
70
0
0
VERTEX
8
Layer 1
10
155.606975
20
203.029897
70
0
0
VERTEX
8
Layer 1
10
156.049768
20
203.608279
70
0
0
VERTEX
8
Layer 1
10
156.636850
20
204.059634
70
0
0
VERTEX
8
Layer 1
10
157.321329
20
204.342317
70
0
0
VERTEX
8
Layer 1
10
158.043686
20
204.436544
70
0
0
VERTEX
8
Layer 1
10
158.766042
20
204.342317
70
0
0
VERTEX
8
Layer 1
10
159.450521
20
204.059634
70
0
0
VERTEX
8
Layer 1
10
160.037604
20
203.608279
70
0
0
VERTEX
8
Layer 1
10
160.480396
20
203.029897
70
0
0
VERTEX
8
Layer 1
10
160.759960
20
202.357288
70
0
0
VERTEX
8
Layer 1
10
160.857357
20
201.623250
70
0
0
SEQEND
8
Layer 1
0
POLYLINE
8
Layer 1
62
7
70
0
10
0.000000
20
0.000000
66
1
0
VERTEX
8
Layer 1
10
156.076609
20
201.623250
70
0
0
VERTEX
8
Layer 1
10
156.264122
20
202.075887
70
0
0
VERTEX
8
Layer 1
10
156.716820
20
202.263375
70
0
0
VERTEX
8
Layer 1
10
157.169518
20
202.075887
70
0
0
VERTEX
8
Layer 1
10
157.357031
20
201.623250
70
0
0
SEQEND
8
Layer 1
0
POLYLINE
8
Layer 1
62
7
70
0
10
0.000000
20
0.000000
66
1
0
VERTEX
8
Layer 1
10
162.464950
20
207.362913
70
0
0
VERTEX
8
Layer 1
10
162.128562
20
207.453036
70
0
0
VERTEX
8
Layer 1
10
161.882309
20
207.699256
70
0
0
VERTEX
8
Layer 1
10
161.792175
20
208.035598
70
0
0
VERTEX
8
Layer 1
10
161.882309
20
208.371941
70
0
0
VERTEX
8
Layer 1
10
162.128562
20
208.618161
70
0
0
VERTEX
8
Layer 1
10
162.464950
20
208.708284
70
0
0
SEQEND
8
Layer 1
0
POLYLINE
8
Layer 1
62
7
70
0
10
0.000000
20
0.000000
66
1
0
VERTEX
8
Layer 1
10
161.293050
20
231.505500
70
0
0
VERTEX
8
Layer 1
10
161.152541
20
228.803276
70
0
0
VERTEX
8
Layer 1
10
160.736214
20
226.146821
70
0
0
VERTEX
8
Layer 1
10
160.051868
20
223.554064
70
0
0
VERTEX
8
Layer 1
10
159.107301
20
221.042931
70
0
0
VERTEX
8
Layer 1
10
157.910312
20
218.631349
70
0
0
VERTEX
8
Layer 1
10
156.468702
20
216.337248
70
0
0
VERTEX
8
Layer 1
10
154.790269
20
214.178553
70
0
0
VERTEX
8
Layer 1
10
152.882812
20
212.173192
70
0
0
VERTEX
8
Layer 1
10
150.776645
20
210.357031
70
0
0
VERTEX
8
Layer 1
10
148.509436
20
208.758931
70
0
0
VERTEX
8
Layer 1
10
146.100014
20
207.386320
70
0
0
VERTEX
8
Layer 1
10
143.567206
20
206.246623
70
0
0
VERTEX
8
Layer 1
10
140.929842
20
205.347265
70
0
0
VERTEX
8
Layer 1
10
138.206751
20
204.695673
70
0
0
VERTEX
8
Layer 1
10
135.416761
20
204.299272
70
0
0
VERTEX
8
Layer 1
10
132.578700
20
204.165488
70
0
0
SEQEND
8
Layer 1
0
POLYLINE
8
Layer 1
62
7
70
0
10
0.000000
20
0.000000
66
1
0
VERTEX
8
Layer 1
10
159.798021
20
231.505500
70
0
0
VERTEX
8
Layer 1
10
159.664827
20
228.846758
70
0
0
VERTEX
8
Layer 1
10
159.270176
20
226.233050
70
0
0
VERTEX
8
Layer 1
10
158.621461
20
223.682013
70
0
0
VERTEX
8
Layer 1
10
157.726073
20
221.211288
70
0
0
VERTEX
8
Layer 1
10
156.591407
20
218.838512
70
0
0
VERTEX
8
Layer 1
10
155.224855
20
216.581326
70
0
0
VERTEX
8
Layer 1
10
153.633810
20
214.457367
70
0
0
VERTEX
8
Layer 1
10
151.825666
20
212.484276
70
0
0
VERTEX
8
Layer 1
10
149.829158
20
210.697339
70
0
0
VERTEX
8
Layer 1
10
147.679993
20
209.124955
70
0
0
VERTEX
8
Layer 1
10
145.396018
20
207.774431
70
0
0
VERTEX
8
Layer 1
10
142.995083
20
206.653073
70
0
0
VERTEX
8
Layer 1
10
140.495035
20
205.768187
70
0
0
VERTEX
8
Layer 1
10
137.913723
20
205.127080
70
0
0
VERTEX
8
Layer 1
10
135.268995
20
204.737058
70
0
0
VERTEX
8
Layer 1
10
132.578700
20
204.605427
70
0
0
SEQEND
8
Layer 1
0
POLYLINE
8
Layer 1
62
7
70
0
10
0.000000
20
0.000000
66
1
0
VERTEX
8
Layer 1
10
136.513141
20
201.623250
70
0
0
VERTEX
8
Layer 1
10
136.647127
20
203.738227
70
0
0
VERTEX
8
Layer 1
10
137.040390
20
205.792109
70
0
0
VERTEX
8
Layer 1
10
137.679883
20
207.774498
70
0
0
VERTEX
8
Layer 1
10
138.552563
20
209.674998
70
0
0
VERTEX
8
Layer 1
10
139.645384
20
211.483209
70
0
0
VERTEX
8
Layer 1
10
140.945302
20
213.188735
70
0
0
VERTEX
8
Layer 1
10
142.439273
20
214.781178
70
0
0
VERTEX
8
Layer 1
10
144.114250
20
216.250139
70
0
0
VERTEX
8
Layer 1
10
145.957190
20
217.585222
70
0
0
VERTEX
8
Layer 1
10
147.955047
20
218.776029
70
0
0
VERTEX
8
Layer 1
10
150.094777
20
219.812162
70
0
0
VERTEX
8
Layer 1
10
152.363335
20
220.683223
70
0
0
VERTEX
8
Layer 1
10
154.747676
20
221.378814
70
0
0
VERTEX
8
Layer 1
10
157.234755
20
221.888539
70
0
0
VERTEX
8
Layer 1
10
159.811528
20
222.201998
70
0
0
VERTEX
8
Layer 1
10
162.464950
20
222.308795
70
0
0
SEQEND
8
Layer 1
0
POLYLINE
8
Layer 1
62
7
70
0
10
0.000000
20
0.000000
66
1
0
VERTEX
8
Layer 1
10
162.464950
20
216.689307
70
0
0
VERTEX
8
Layer 1
10
162.217749
20
216.793481
70
0
0
VERTEX
8
Layer 1
10
162.115601
20
217.041499
70
0
0
VERTEX
8
Layer 1
10
162.217749
20
217.289517
70
0
0
VERTEX
8
Layer 1
10
162.464950
20
217.393691
70
0
0
SEQEND
8
Layer 1
0
POLYLINE
8
Layer 1
62
7
70
0
10
0.000000
20
0.000000
66
1
0
VERTEX
8
Layer 1
10
132.578700
20
201.662408
70
0
0
VERTEX
8
Layer 1
10
132.674896
20
201.650939
70
0
0
VERTEX
8
Layer 1
10
132.714742
20
201.623250
70
0
0
SEQEND
8
Layer 1
0
POLYLINE
8
Layer 1
62
7
70
0
10
0.000000
20
0.000000
66
1
0
VERTEX
8
Layer 1
10
132.578700
20
201.694657
70
0
0
VERTEX
8
Layer 1
10
132.912970
20
201.673742
70
0
0
VERTEX
8
Layer 1
10
133.051429
20
201.623250
70
0
0
SEQEND
8
Layer 1
0
POLYLINE
8
Layer 1
62
7
70
0
10
0.000000
20
0.000000
66
1
0
VERTEX
8
Layer 1
10
138.555544
20
231.505500
70
0
0
VERTEX
8
Layer 1
10
138.439639
20
229.580275
70
0
0
VERTEX
8
Layer 1
10
138.100583
20
227.746588
70
0
0
VERTEX
8
Layer 1
10
137.551364
20
226.055966
70
0
0
VERTEX
8
Layer 1
10
136.804967
20
224.559936
70
0
0
VERTEX
8
Layer 1
10
135.894656
20
223.333286
70
0
0
VERTEX
8
Layer 1
10
134.865939
20
222.430683
70
0
0
VERTEX
8
Layer 1
10
133.750169
20
221.873470
70
0
0
VERTEX
8
Layer 1
10
132.578700
20
221.682989
70
0
0
SEQEND
8
Layer 1
0
POLYLINE
8
Layer 1
62
7
70
0
10
0.000000
20
0.000000
66
1
0
VERTEX
8
Layer 1
10
136.762345
20
231.505500
70
0
0
VERTEX
8
Layer 1
10
136.681214
20
230.346229
70
0
0
VERTEX
8
Layer 1
10
136.443884
20
229.242078
70
0
0
VERTEX
8
Layer 1
10
136.059443
20
228.224074
70
0
0
VERTEX
8
Layer 1
10
135.536983
20
227.323242
70
0
0
VERTEX
8
Layer 1
10
134.899788
20
226.584618
70
0
0
VERTEX
8
Layer 1
10
134.179711
20
226.041117
70
0
0
VERTEX
8
Layer 1
10
133.398700
20
225.705592
70
0
0
VERTEX
8
Layer 1
10
132.578700
20
225.590894
70
0
0
SEQEND
8
Layer 1
0
POLYLINE
8
Layer 1
62
7
70
0
10
0.000000
20
0.000000
66
1
0
VERTEX
8
Layer 1
10
132.578700
20
226.134632
70
0
0
VERTEX
8
Layer 1
10
132.782445
20
226.017015
70
0
0
VERTEX
8
Layer 1
10
132.782445
20
225.781782
70
0
0
VERTEX
8
Layer 1
10
132.578700
20
225.664166
70
0
0
SEQEND
8
Layer 1
0
POLYLINE
8
Layer 1
62
7
70
0
10
0.000000
20
0.000000
66
1
0
VERTEX
8
Layer 1
10
136.002015
20
231.505500
70
0
0
VERTEX
8
Layer 1
10
135.741430
20
230.706455
70
0
0
VERTEX
8
Layer 1
10
134.999349
20
230.029058
70
0
0
VERTEX
8
Layer 1
10
133.888746
20
229.576436
70
0
0
VERTEX
8
Layer 1
10
132.578700
20
229.417496
70
0
0
SEQEND
8
Layer 1
0
POLYLINE
8
Layer 1
62
7
70
0
10
0.000000
20
0.000000
66
1
0
VERTEX
8
Layer 1
10
132.578700
20
221.553468
70
0
0
VERTEX
8
Layer 1
10
133.357022
20
221.344945
70
0
0
VERTEX
8
Layer 1
10
133.926793
20
220.775250
70
0
0
VERTEX
8
Layer 1
10
134.135343
20
219.997033
70
0
0
VERTEX
8
Layer 1
10
133.926793
20
219.218815
70
0
0
VERTEX
8
Layer 1
10
133.357022
20
218.649121
70
0
0
VERTEX
8
Layer 1
10
132.578700
20
218.440598
70
0
0
SEQEND
8
Layer 1
0
POLYLINE
8
Layer 1
62
7
70
0
10
0.000000
20
0.000000
66
1
0
VERTEX
8
Layer 1
10
132.578700
20
220.048454
70
0
0
VERTEX
8
Layer 1
10
133.114872
20
219.826394
70
0
0
VERTEX
8
Layer 1
10
133.336962
20
219.290294
70
0
0
VERTEX
8
Layer 1
10
133.114872
20
218.754193
70
0
0
VERTEX
8
Layer 1
10
132.578700
20
218.532133
70
0
0
SEQEND
8
Layer 1
0
POLYLINE
8
Layer 1
62
7
70
0
10
0.000000
20
0.000000
66
1
0
VERTEX
8
Layer 1
10
132.578700
20
219.571151
70
0
0
VERTEX
8
Layer 1
10
132.792996
20
219.356883
70
0
0
VERTEX
8
Layer 1
10
132.578700
20
219.142616
70
0
0
SEQEND
8
Layer 1
0
POLYLINE
8
Layer 1
62
7
70
0
10
0.000000
20
0.000000
66
1
0
VERTEX
8
Layer 1
10
148.725093
20
231.505500
70
0
0
VERTEX
8
Layer 1
10
148.646084
20
229.669360
70
0
0
VERTEX
8
Layer 1
10
148.411978
20
227.864321
70
0
0
VERTEX
8
Layer 1
10
148.027163
20
226.102563
70
0
0
VERTEX
8
Layer 1
10
147.496022
20
224.396269
70
0
0
VERTEX
8
Layer 1
10
146.822943
20
222.757619
70
0
0
VERTEX
8
Layer 1
10
146.012310
20
221.198795
70
0
0
VERTEX
8
Layer 1
10
145.068508
20
219.731980
70
0
0
VERTEX
8
Layer 1
10
143.995924
20
218.369353
70
0
0
VERTEX
8
Layer 1
10
142.811604
20
217.135286
70
0
0
VERTEX
8
Layer 1
10
141.536727
20
216.049391
70
0
0
VERTEX
8
Layer 1
10
140.181883
20
215.116712
70
0
0
VERTEX
8
Layer 1
10
138.757657
20
214.342297
70
0
0
VERTEX
8
Layer 1
10
137.274639
20
213.731191
70
0
0
VERTEX
8
Layer 1
10
135.743415
20
213.288439
70
0
0
VERTEX
8
Layer 1
10
134.174573
20
213.019088
70
0
0
VERTEX
8
Layer 1
10
132.578700
20
212.928183
70
0
0
SEQEND
8
Layer 1
0
POLYLINE
8
Layer 1
62
7
70
0
10
0.000000
20
0.000000
66
1
0
VERTEX
8
Layer 1
10
132.578700
20
210.829493
70
0
0
VERTEX
8
Layer 1
10
132.617675
20
210.789558
70
0
0
VERTEX
8
Layer 1
10
132.578700
20
210.749624
70
0
0
SEQEND
8
Layer 1
0
POLYLINE
8
Layer 1
62
7
70
0
10
0.000000
20
0.000000
66
1
0
VERTEX
8
Layer 1
10
132.578700
20
210.519005
70
0
0
VERTEX
8
Layer 1
10
132.886660
20
210.436498
70
0
0
VERTEX
8
Layer 1
10
133.112102
20
210.211086
70
0
0
VERTEX
8
Layer 1
10
133.194620
20
209.903167
70
0
0
VERTEX
8
Layer 1
10
133.112102
20
209.595249
70
0
0
VERTEX
8
Layer 1
10
132.886660
20
209.369837
70
0
0
VERTEX
8
Layer 1
10
132.578700
20
209.287330
70
0
0
SEQEND
8
Layer 1
0
POLYLINE
8
Layer 1
62
7
70
0
10
0.000000
20
0.000000
66
1
0
VERTEX
8
Layer 1
10
142.371300
20
231.505500
70
0
0
VERTEX
8
Layer 1
10
142.181400
20
228.298097
70
0
0
VERTEX
8
Layer 1
10
141.625883
20
225.243196
70
0
0
VERTEX
8
Layer 1
10
140.726029
20
222.426639
70
0
0
VERTEX
8
Layer 1
10
139.503114
20
219.934271
70
0
0
VERTEX
8
Layer 1
10
138.011640
20
217.890687
70
0
0
VERTEX
8
Layer 1
10
136.326166
20
216.386960
70
0
0
VERTEX
8
Layer 1
10
134.498063
20
215.458649
70
0
0
VERTEX
8
Layer 1
10
133.546578
20
215.221386
70
0
0
VERTEX
8
Layer 1
10
132.578700
20
215.141311
70
0
0
SEQEND
8
Layer 1
0
POLYLINE
8
Layer 1
62
7
70
0
10
0.000000
20
0.000000
66
1
0
VERTEX
8
Layer 1
10
192.351200
20
222.001343
70
0
0
VERTEX
8
Layer 1
10
192.109598
20
222.185650
70
0
0
VERTEX
8
Layer 1
10
191.879484
20
222.724804
70
0
0
VERTEX
8
Layer 1
10
191.479583
20
224.785046
70
0
0
VERTEX
8
Layer 1
10
191.212378
20
227.868417
70
0
0
VERTEX
8
Layer 1
10
191.118548
20
231.505500
70
0
0
SEQEND
8
Layer 1
0
POLYLINE
8
Layer 1
62
7
70
0
10
0.000000
20
0.000000
66
1
0
VERTEX
8
Layer 1
10
192.351200
20
223.867358
70
0
0
VERTEX
8
Layer 1
10
192.023966
20
224.056261
70
0
0
VERTEX
8
Layer 1
10
192.023966
20
224.434069
70
0
0
VERTEX
8
Layer 1
10
192.351200
20
224.622972
70
0
0
SEQEND
8
Layer 1
0
POLYLINE
8
Layer 1
62
7
70
0
10
0.000000
20
0.000000
66
1
0
VERTEX
8
Layer 1
10
192.351200
20
231.192071
70
0
0
VERTEX
8
Layer 1
10
192.165181
20
231.283872
70
0
0
VERTEX
8
Layer 1
10
192.088129
20
231.505500
70
0
0
SEQEND
8
Layer 1
0
POLYLINE
8
Layer 1
62
7
70
0
10
0.000000
20
0.000000
66
1
0
VERTEX
8
Layer 1
10
192.351200
20
227.442614
70
0
0
VERTEX
8
Layer 1
10
191.556812
20
227.655441
70
0
0
VERTEX
8
Layer 1
10
190.975279
20
228.236896
70
0
0
VERTEX
8
Layer 1
10
190.762423
20
229.031178
70
0
0
VERTEX
8
Layer 1
10
190.975279
20
229.825460
70
0
0
VERTEX
8
Layer 1
10
191.556812
20
230.406915
70
0
0
VERTEX
8
Layer 1
10
192.351200
20
230.619742
70
0
0
SEQEND
8
Layer 1
0
POLYLINE
8
Layer 1
62
7
70
0
10
0.000000
20
0.000000
66
1
0
VERTEX
8
Layer 1
10
162.464950
20
217.464763
70
0
0
VERTEX
8
Layer 1
10
164.310457
20
217.387245
70
0
0
VERTEX
8
Layer 1
10
166.124705
20
217.157560
70
0
0
VERTEX
8
Layer 1
10
167.895451
20
216.780011
70
0
0
VERTEX
8
Layer 1
10
169.610450
20
216.258900
70
0
0
VERTEX
8
Layer 1
10
171.257460
20
215.598529
70
0
0
VERTEX
8
Layer 1
10
172.824236
20
214.803203
70
0
0
VERTEX
8
Layer 1
10
174.298535
20
213.877223
70
0
0
VERTEX
8
Layer 1
10
175.668113
20
212.824891
70
0
0
VERTEX
8
Layer 1
10
176.908476
20
211.662933
70
0
0
VERTEX
8
Layer 1
10
177.999911
20
210.412129
70
0
0
VERTEX
8
Layer 1
10
178.937348
20
209.082867
70
0
0
VERTEX
8
Layer 1
10
179.715714
20
207.685535
70
0
0
VERTEX
8
Layer 1
10
180.329938
20
206.230519
70
0
0
VERTEX
8
Layer 1
10
180.774948
20
204.728208
70
0
0
VERTEX
8
Layer 1
10
181.045673
20
203.188989
70
0
0
VERTEX
8
Layer 1
10
181.137042
20
201.623250
70
0
0
SEQEND
8
Layer 1
0
POLYLINE
8
Layer 1
62
7
70
0
10
0.000000
20
0.000000
66
1
0
VERTEX
8
Layer 1
10
162.464950
20
210.994850
70
0
0
VERTEX
8
Layer 1
10
163.036674
20
210.841677
70
0
0
VERTEX
8
Layer 1
10
163.455205
20
210.423202
70
0
0
VERTEX
8
Layer 1
10
163.608398
20
209.851555
70
0
0
VERTEX
8
Layer 1
10
163.455205
20
209.279907
70
0
0
VERTEX
8
Layer 1
10
163.036674
20
208.861432
70
0
0
VERTEX
8
Layer 1
10
162.464950
20
208.708260
70
0
0
SEQEND
8
Layer 1
0
POLYLINE
8
Layer 1
62
7
70
0
10
0.000000
20
0.000000
66
1
0
VERTEX
8
Layer 1
10
162.464950
20
214.430017
70
0
0
VERTEX
8
Layer 1
10
163.605715
20
214.181665
70
0
0
VERTEX
8
Layer 1
10
164.692241
20
213.455160
70
0
0
VERTEX
8
Layer 1
10
165.693995
20
212.278330
70
0
0
VERTEX
8
Layer 1
10
166.580447
20
210.679002
70
0
0
VERTEX
8
Layer 1
10
167.307281
20
208.728451
70
0
0
VERTEX
8
Layer 1
10
167.842106
20
206.524188
70
0
0
VERTEX
8
Layer 1
10
168.172275
20
204.133394
70
0
0
VERTEX
8
Layer 1
10
168.285142
20
201.623250
70
0
0
SEQEND
8
Layer 1
0
POLYLINE
8
Layer 1
62
7
70
0
10
0.000000
20
0.000000
66
1
0
VERTEX
8
Layer 1
10
162.464950
20
216.689307
70
0
0
VERTEX
8
Layer 1
10
164.834858
20
216.397142
70
0
0
VERTEX
8
Layer 1
10
167.092084
20
215.542471
70
0
0
VERTEX
8
Layer 1
10
169.173200
20
214.158032
70
0
0
VERTEX
8
Layer 1
10
171.014778
20
212.276561
70
0
0
VERTEX
8
Layer 1
10
172.524756
20
209.981906
70
0
0
VERTEX
8
Layer 1
10
173.635839
20
207.388780
70
0
0
VERTEX
8
Layer 1
10
174.321756
20
204.576217
70
0
0
VERTEX
8
Layer 1
10
174.556233
20
201.623250
70
0
0
SEQEND
8
Layer 1
0
POLYLINE
8
Layer 1
62
7
70
0
10
0.000000
20
0.000000
66
1
0
VERTEX
8
Layer 1
10
162.464950
20
217.393691
70
0
0
VERTEX
8
Layer 1
10
164.344992
20
217.312270
70
0
0
VERTEX
8
Layer 1
10
166.170726
20
217.073292
70
0
0
VERTEX
8
Layer 1
10
167.932909
20
216.684683
70
0
0
VERTEX
8
Layer 1
10
169.622298
20
216.154372
70
0
0
VERTEX
8
Layer 1
10
171.229651
20
215.490284
70
0
0
VERTEX
8
Layer 1
10
172.745725
20
214.700347
70
0
0
VERTEX
8
Layer 1
10
174.161277
20
213.792489
70
0
0
VERTEX
8
Layer 1
10
175.467064
20
212.774636
70
0
0
VERTEX
8
Layer 1
10
176.653844
20
211.654715
70
0
0
VERTEX
8
Layer 1
10
177.712375
20
210.440654
70
0
0
VERTEX
8
Layer 1
10
178.633412
20
209.140379
70
0
0
VERTEX
8
Layer 1
10
179.407715
20
207.761817
70
0
0
VERTEX
8
Layer 1
10
180.026039
20
206.312897
70
0
0
VERTEX
8
Layer 1
10
180.479142
20
204.801544
70
0
0
VERTEX
8
Layer 1
10
180.757782
20
203.235686
70
0
0
VERTEX
8
Layer 1
10
180.852716
20
201.623250
70
0
0
SEQEND
8
Layer 1
0
POLYLINE
8
Layer 1
62
7
70
0
10
0.000000
20
0.000000
66
1
0
VERTEX
8
Layer 1
10
163.189943
20
201.623250
70
0
0
VERTEX
8
Layer 1
10
163.266083
20
202.197086
70
0
0
VERTEX
8
Layer 1
10
163.484632
20
202.722899
70
0
0
VERTEX
8
Layer 1
10
163.830786
20
203.175050
70
0
0
VERTEX
8
Layer 1
10
164.289739
20
203.527898
70
0
0
VERTEX
8
Layer 1
10
164.824831
20
203.748885
70
0
0
VERTEX
8
Layer 1
10
165.389535
20
203.822548
70
0
0
VERTEX
8
Layer 1
10
165.954238
20
203.748885
70
0
0
VERTEX
8
Layer 1
10
166.489331
20
203.527898
70
0
0
VERTEX
8
Layer 1
10
166.948284
20
203.175050
70
0
0
VERTEX
8
Layer 1
10
167.294437
20
202.722899
70
0
0
VERTEX
8
Layer 1
10
167.512987
20
202.197086
70
0
0
VERTEX
8
Layer 1
10
167.589127
20
201.623250
70
0
0
SEQEND
8
Layer 1
0
POLYLINE
8
Layer 1
62
7
70
0
10
0.000000
20
0.000000
66
1
0
VERTEX
8
Layer 1
10
162.464950
20
214.327151
70
0
0
VERTEX
8
Layer 1
10
163.373618
20
214.206616
70
0
0
VERTEX
8
Layer 1
10
164.206242
20
213.860635
70
0
0
VERTEX
8
Layer 1
10
164.922223
20
213.312648
70
0
0
VERTEX
8
Layer 1
10
165.480957
20
212.586091
70
0
0
VERTEX
8
Layer 1
10
165.830890
20
211.739000
70
0
0
VERTEX
8
Layer 1
10
165.947535
20
210.845032
70
0
0
VERTEX
8
Layer 1
10
165.830890
20
209.951064
70
0
0
VERTEX
8
Layer 1
10
165.480957
20
209.103972
70
0
0
VERTEX
8
Layer 1
10
164.922223
20
208.377416
70
0
0
VERTEX
8
Layer 1
10
164.206242
20
207.829429
70
0
0
VERTEX
8
Layer 1
10
163.373618
20
207.483448
70
0
0
VERTEX
8
Layer 1
10
162.464950
20
207.362913
70
0
0
SEQEND
8
Layer 1
0
POLYLINE
8
Layer 1
62
7
70
0
10
0.000000
20
0.000000
66
1
0
VERTEX
8
Layer 1
10
172.655994
20
231.505500
70
0
0
VERTEX
8
Layer 1
10
172.448948
20
229.444032
70
0
0
VERTEX
8
Layer 1
10
171.855131
20
227.523975
70
0
0
VERTEX
8
Layer 1
10
170.915524
20
225.786460
70
0
0
VERTEX
8
Layer 1
10
169.671106
20
224.272620
70
0
0
VERTEX
8
Layer 1
10
168.162860
20
223.023587
70
0
0
VERTEX
8
Layer 1
10
166.431764
20
222.080495
70
0
0
VERTEX
8
Layer 1
10
164.518801
20
221.484476
70
0
0
VERTEX
8
Layer 1
10
162.464950
20
221.276662
70
0
0
SEQEND
8
Layer 1
0
POLYLINE
8
Layer 1
62
7
70
0
10
0.000000
20
0.000000
66
1
0
VERTEX
8
Layer 1
10
168.941779
20
231.505500
70
0
0
VERTEX
8
Layer 1
10
168.816178
20
229.702934
70
0
0
VERTEX
8
Layer 1
10
168.448759
20
227.986073
70
0
0
VERTEX
8
Layer 1
10
167.853595
20
226.403164
70
0
0
VERTEX
8
Layer 1
10
167.044759
20
225.002448
70
0
0
VERTEX
8
Layer 1
10
166.058298
20
223.853950
70
0
0
VERTEX
8
Layer 1
10
164.943525
20
223.008853
70
0
0
VERTEX
8
Layer 1
10
163.734417
20
222.487140
70
0
0
VERTEX
8
Layer 1
10
162.464950
20
222.308795
70
0
0
SEQEND
8
Layer 1
0
POLYLINE
8
Layer 1
62
7
70
0
10
0.000000
20
0.000000
66
1
0
VERTEX
8
Layer 1
10
187.412748
20
201.623250
70
0
0
VERTEX
8
Layer 1
10
187.508516
20
203.015000
70
0
0
VERTEX
8
Layer 1
10
187.788665
20
204.340576
70
0
0
VERTEX
8
Layer 1
10
188.242466
20
205.562731
70
0
0
VERTEX
8
Layer 1
10
188.859187
20
206.644214
70
0
0
VERTEX
8
Layer 1
10
189.611344
20
207.530962
70
0
0
VERTEX
8
Layer 1
10
190.461336
20
208.183456
70
0
0
VERTEX
8
Layer 1
10
191.383257
20
208.586267
70
0
0
VERTEX
8
Layer 1
10
192.351200
20
208.723966
70
0
0
SEQEND
8
Layer 1
0
POLYLINE
8
Layer 1
62
7
70
0
10
0.000000
20
0.000000
66
1
0
VERTEX
8
Layer 1
10
192.351200
20
206.882908
70
0
0
VERTEX
8
Layer 1
10
191.841145
20
207.096730
70
0
0
VERTEX
8
Layer 1
10
191.630228
20
207.607936
70
0
0
VERTEX
8
Layer 1
10
191.841145
20
208.119142
70
0
0
VERTEX
8
Layer 1
10
192.351200
20
208.332963
70
0
0
SEQEND
8
Layer 1
0
POLYLINE
8
Layer 1
62
7
70
0
10
0.000000
20
0.000000
66
1
0
VERTEX
8
Layer 1
10
188.996002
20
201.623250
70
0
0
VERTEX
8
Layer 1
10
189.225660
20
201.850546
70
0
0
VERTEX
8
Layer 1
10
189.455318
20
201.623250
70
0
0
SEQEND
8
Layer 1
0
POLYLINE
8
Layer 1
62
7
70
0
10
0.000000
20
0.000000
66
1
0
VERTEX
8
Layer 1
10
192.351200
20
213.558101
70
0
0
VERTEX
8
Layer 1
10
191.881831
20
213.906142
70
0
0
VERTEX
8
Layer 1
10
191.434778
20
214.924266
70
0
0
VERTEX
8
Layer 1
10
191.022605
20
216.573475
70
0
0
VERTEX
8
Layer 1
10
190.657873
20
218.814773
70
0
0
VERTEX
8
Layer 1
10
190.138762
20
224.637328
70
0
0
VERTEX
8
Layer 1
10
189.956475
20
231.505500
70
0
0
SEQEND
8
Layer 1
0
POLYLINE
8
Layer 1
62
7
70
0
10
0.000000
20
0.000000
66
1
0
VERTEX
8
Layer 1
10
180.538074
20
216.564375
70
0
0
VERTEX
8
Layer 1
10
179.316870
20
216.854117
70
0
0
VERTEX
8
Layer 1
10
178.153730
20
217.701700
70
0
0
VERTEX
8
Layer 1
10
177.081340
20
219.074659
70
0
0
VERTEX
8
Layer 1
10
176.132382
20
220.940529
70
0
0
VERTEX
8
Layer 1
10
175.354296
20
223.216156
70
0
0
VERTEX
8
Layer 1
10
174.781760
20
225.787779
70
0
0
VERTEX
8
Layer 1
10
174.428309
20
228.577020
70
0
0
VERTEX
8
Layer 1
10
174.307484
20
231.505500
70
0
0
SEQEND
8
Layer 1
0
POLYLINE
8
Layer 1
62
7
70
0
10
0.000000
20
0.000000
66
1
0
VERTEX
8
Layer 1
10
180.538074
20
216.564375
70
0
0
VERTEX
8
Layer 1
10
181.759278
20
216.274633
70
0
0
VERTEX
8
Layer 1
10
182.922417
20
215.427050
70
0
0
VERTEX
8
Layer 1
10
183.994808
20
214.054091
70
0
0
VERTEX
8
Layer 1
10
184.943766
20
212.188221
70
0
0
VERTEX
8
Layer 1
10
185.721851
20
209.912594
70
0
0
VERTEX
8
Layer 1
10
186.294388
20
207.340971
70
0
0
VERTEX
8
Layer 1
10
186.647838
20
204.551730
70
0
0
VERTEX
8
Layer 1
10
186.768664
20
201.623250
70
0
0
SEQEND
8
Layer 1
0
POLYLINE
8
Layer 1
62
7
70
0
10
0.000000
20
0.000000
66
1
0
VERTEX
8
Layer 1
10
179.231112
20
231.505500
70
0
0
VERTEX
8
Layer 1
10
179.151346
20
231.367359
70
0
0
VERTEX
8
Layer 1
10
178.991813
20
231.367359
70
0
0
VERTEX
8
Layer 1
10
178.912047
20
231.505500
70
0
0
SEQEND
8
Layer 1
0
POLYLINE
8
Layer 1
62
7
70
0
10
0.000000
20
0.000000
66
1
0
VERTEX
8
Layer 1
10
222.237450
20
213.444142
70
0
0
VERTEX
8
Layer 1
10
220.277046
20
213.704191
70
0
0
VERTEX
8
Layer 1
10
218.480701
20
214.450625
70
0
0
VERTEX
8
Layer 1
10
216.936010
20
215.632880
70
0
0
VERTEX
8
Layer 1
10
215.730569
20
217.200389
70
0
0
VERTEX
8
Layer 1
10
214.975606
20
219.027946
70
0
0
VERTEX
8
Layer 1
10
214.723951
20
220.956635
70
0
0
VERTEX
8
Layer 1
10
214.975606
20
222.885325
70
0
0
VERTEX
8
Layer 1
10
215.730569
20
224.712882
70
0
0
VERTEX
8
Layer 1
10
216.936010
20
226.280391
70
0
0
VERTEX
8
Layer 1
10
218.480701
20
227.462645
70
0
0
VERTEX
8
Layer 1
10
220.277046
20
228.209080
70
0
0
VERTEX
8
Layer 1
10
222.237450
20
228.469129
70
0
0
SEQEND
8
Layer 1
0
POLYLINE
8
Layer 1
62
7
70
0
10
0.000000
20
0.000000
66
1
0
VERTEX
8
Layer 1
10
222.237450
20
217.680106
70
0
0
VERTEX
8
Layer 1
10
221.622349
20
217.761700
70
0
0
VERTEX
8
Layer 1
10
221.058724
20
217.995903
70
0
0
VERTEX
8
Layer 1
10
220.574059
20
218.366850
70
0
0
VERTEX
8
Layer 1
10
220.195837
20
218.858674
70
0
0
VERTEX
8
Layer 1
10
219.958958
20
219.432093
70
0
0
VERTEX
8
Layer 1
10
219.879999
20
220.037242
70
0
0
VERTEX
8
Layer 1
10
219.958958
20
220.642392
70
0
0
VERTEX
8
Layer 1
10
220.195837
20
221.215810
70
0
0
VERTEX
8
Layer 1
10
220.574059
20
221.707635
70
0
0
VERTEX
8
Layer 1
10
221.058724
20
222.078582
70
0
0
VERTEX
8
Layer 1
10
221.622349
20
222.312785
70
0
0
VERTEX
8
Layer 1
10
222.237450
20
222.394378
70
0
0
SEQEND
8
Layer 1
0
POLYLINE
8
Layer 1
62
7
70
0
10
0.000000
20
0.000000
66
1
0
VERTEX
8
Layer 1
10
222.237450
20
219.565294
70
0
0
VERTEX
8
Layer 1
10
221.803561
20
219.654699
70
0
0
VERTEX
8
Layer 1
10
221.449568
20
219.894806
70
0
0
VERTEX
8
Layer 1
10
221.211068
20
220.249858
70
0
0
VERTEX
8
Layer 1
10
221.123657
20
220.684097
70
0
0
VERTEX
8
Layer 1
10
221.211068
20
221.118337
70
0
0
VERTEX
8
Layer 1
10
221.449568
20
221.473389
70
0
0
VERTEX
8
Layer 1
10
221.803561
20
221.713496
70
0
0
VERTEX
8
Layer 1
10
222.237450
20
221.802901
70
0
0
SEQEND
8
Layer 1
0
POLYLINE
8
Layer 1
62
7
70
0
10
0.000000
20
0.000000
66
1
0
VERTEX
8
Layer 1
10
212.046908
20
201.623250
70
0
0
VERTEX
8
Layer 1
10
212.244526
20
203.128494
70
0
0
VERTEX
8
Layer 1
10
212.822617
20
204.562168
70
0
0
VERTEX
8
Layer 1
10
213.759039
20
205.883986
70
0
0
VERTEX
8
Layer 1
10
215.031649
20
207.053662
70
0
0
VERTEX
8
Layer 1
10
216.583732
20
208.012722
70
0
0
VERTEX
8
Layer 1
10
218.337698
20
208.718425
70
0
0
VERTEX
8
Layer 1
10
220.240090
20
209.154084
70
0
0
VERTEX
8
Layer 1
10
222.237450
20
209.303012
70
0
0
SEQEND
8
Layer 1
0
POLYLINE
8
Layer 1
62
7
70
0
10
0.000000
20
0.000000
66
1
0
VERTEX
8
Layer 1
10
214.881703
20
201.623250
70
0
0
VERTEX
8
Layer 1
10
214.984306
20
202.396528
70
0
0
VERTEX
8
Layer 1
10
215.278814
20
203.105093
70
0
0
VERTEX
8
Layer 1
10
215.745277
20
203.714393
70
0
0
VERTEX
8
Layer 1
10
216.363744
20
204.189877
70
0
0
VERTEX
8
Layer 1
10
217.084813
20
204.487671
70
0
0
VERTEX
8
Layer 1
10
217.845785
20
204.586936
70
0
0
VERTEX
8
Layer 1
10
218.606757
20
204.487671
70
0
0
VERTEX
8
Layer 1
10
219.327826
20
204.189877
70
0
0
VERTEX
8
Layer 1
10
219.946293
20
203.714393
70
0
0
VERTEX
8
Layer 1
10
220.412756
20
203.105093
70
0
0
VERTEX
8
Layer 1
10
220.707264
20
202.396528
70
0
0
VERTEX
8
Layer 1
10
220.809868
20
201.623250
70
0
0
SEQEND
8
Layer 1
0
POLYLINE
8
Layer 1
62
7
70
0
10
0.000000
20
0.000000
66
1
0
VERTEX
8
Layer 1
10
216.771542
20
201.623250
70
0
0
VERTEX
8
Layer 1
10
216.913817
20
201.966688
70
0
0
VERTEX
8
Layer 1
10
217.257301
20
202.108944
70
0
0
VERTEX
8
Layer 1
10
217.600784
20
201.966688
70
0
0
VERTEX
8
Layer 1
10
217.743060
20
201.623250
70
0
0
SEQEND
8
Layer 1
0
POLYLINE
8
Layer 1
62
7
70
0
10
0.000000
20
0.000000
66
1
0
VERTEX
8
Layer 1
10
214.194582
20
201.623250
70
0
0
VERTEX
8
Layer 1
10
214.350551
20
203.058379
70
0
0
VERTEX
8
Layer 1
10
214.806809
20
204.425272
70
0
0
VERTEX
8
Layer 1
10
215.545878
20
205.685519
70
0
0
VERTEX
8
Layer 1
10
216.550283
20
206.800711
70
0
0
VERTEX
8
Layer 1
10
217.775263
20
207.715098
70
0
0
VERTEX
8
Layer 1
10
219.159578
20
208.387929
70
0
0
VERTEX
8
Layer 1
10
220.661037
20
208.803295
70
0
0
VERTEX
8
Layer 1
10
222.237450
20
208.945286
70
0
0
SEQEND
8
Layer 1
0
POLYLINE
8
Layer 1
62
7
70
0
10
0.000000
20
0.000000
66
1
0
VERTEX
8
Layer 1
10
192.351200
20
224.622972
70
0
0
VERTEX
8
Layer 1
10
192.706905
20
224.504227
70
0
0
VERTEX
8
Layer 1
10
193.052335
20
224.155700
70
0
0
VERTEX
8
Layer 1
10
193.705374
20
222.815540
70
0
0
VERTEX
8
Layer 1
10
194.296328
20
220.694981
70
0
0
VERTEX
8
Layer 1
10
194.811207
20
217.886510
70
0
0
VERTEX
8
Layer 1
10
195.236020
20
214.482613
70
0
0
VERTEX
8
Layer 1
10
195.556780
20
210.575780
70
0
0
VERTEX
8
Layer 1
10
195.830175
20
201.623250
70
0
0
SEQEND
8
Layer 1
0
POLYLINE
8
Layer 1
62
7
70
0
10
0.000000
20
0.000000
66
1
0
VERTEX
8
Layer 1
10
192.351200
20
208.723966
70
0
0
VERTEX
8
Layer 1
10
192.546728
20
208.528464
70
0
0
VERTEX
8
Layer 1
10
192.351200
20
208.332963
70
0
0
SEQEND
8
Layer 1
0
POLYLINE
8
Layer 1
62
7
70
0
10
0.000000
20
0.000000
66
1
0
VERTEX
8
Layer 1
10
192.351200
20
213.558101
70
0
0
VERTEX
8
Layer 1
10
193.647652
20
213.293250
70
0
0
VERTEX
8
Layer 1
10
194.705784
20
212.577390
70
0
0
VERTEX
8
Layer 1
10
195.418905
20
211.517487
70
0
0
VERTEX
8
Layer 1
10
195.680321
20
210.220505
70
0
0
VERTEX
8
Layer 1
10
195.418905
20
208.923523
70
0
0
VERTEX
8
Layer 1
10
194.705784
20
207.863620
70
0
0
VERTEX
8
Layer 1
10
193.647652
20
207.147760
70
0
0
VERTEX
8
Layer 1
10
192.351200
20
206.882908
70
0
0
SEQEND
8
Layer 1
0
POLYLINE
8
Layer 1
62
7
70
0
10
0.000000
20
0.000000
66
1
0
VERTEX
8
Layer 1
10
192.351200
20
223.867358
70
0
0
VERTEX
8
Layer 1
10
193.007977
20
223.592423
70
0
0
VERTEX
8
Layer 1
10
193.279621
20
222.934350
70
0
0
VERTEX
8
Layer 1
10
193.007977
20
222.276278
70
0
0
VERTEX
8
Layer 1
10
192.351200
20
222.001343
70
0
0
SEQEND
8
Layer 1
0
POLYLINE
8
Layer 1
62
7
70
0
10
0.000000
20
0.000000
66
1
0
VERTEX
8
Layer 1
10
211.884136
20
201.623250
70
0
0
VERTEX
8
Layer 1
10
212.084910
20
206.907283
70
0
0
VERTEX
8
Layer 1
10
212.672235
20
211.940077
70
0
0
VERTEX
8
Layer 1
10
213.623614
20
216.580210
70
0
0
VERTEX
8
Layer 1
10
214.916551
20
220.686261
70
0
0
VERTEX
8
Layer 1
10
216.493426
20
224.052961
70
0
0
VERTEX
8
Layer 1
10
217.362173
20
225.406452
70
0
0
VERTEX
8
Layer 1
10
218.275408
20
226.530274
70
0
0
VERTEX
8
Layer 1
10
219.226342
20
227.417103
70
0
0
VERTEX
8
Layer 1
10
220.208187
20
228.059619
70
0
0
VERTEX
8
Layer 1
10
221.214152
20
228.450498
70
0
0
VERTEX
8
Layer 1
10
222.237450
20
228.582418
70
0
0
SEQEND
8
Layer 1
0
POLYLINE
8
Layer 1
62
7
70
0
10
0.000000
20
0.000000
66
1
0
VERTEX
8
Layer 1
10
214.425160
20
231.505500
70
0
0
VERTEX
8
Layer 1
10
214.317145
20
231.103934
70
0
0
VERTEX
8
Layer 1
10
213.997096
20
230.709169
70
0
0
VERTEX
8
Layer 1
10
212.744880
20
229.950701
70
0
0
VERTEX
8
Layer 1
10
210.716476
20
229.251409
70
0
0
VERTEX
8
Layer 1
10
207.959847
20
228.632606
70
0
0
VERTEX
8
Layer 1
10
204.597844
20
228.125226
70
0
0
VERTEX
8
Layer 1
10
200.798539
20
227.751882
70
0
0
VERTEX
8
Layer 1
10
196.677726
20
227.521402
70
0
0
VERTEX
8
Layer 1
10
192.351200
20
227.442614
70
0
0
SEQEND
8
Layer 1
0
POLYLINE
8
Layer 1
62
7
70
0
10
0.000000
20
0.000000
66
1
0
VERTEX
8
Layer 1
10
193.879248
20
231.505500
70
0
0
VERTEX
8
Layer 1
10
193.431693
20
231.283872
70
0
0
VERTEX
8
Layer 1
10
192.351200
20
231.192071
70
0
0
SEQEND
8
Layer 1
0
POLYLINE
8
Layer 1
62
7
70
0
10
0.000000
20
0.000000
66
1
0
VERTEX
8
Layer 1
10
211.889754
20
231.505500
70
0
0
VERTEX
8
Layer 1
10
211.510858
20
231.331890
70
0
0
VERTEX
8
Layer 1
10
210.402470
20
231.166535
70
0
0
VERTEX
8
Layer 1
10
206.167044
20
230.879175
70
0
0
VERTEX
8
Layer 1
10
192.351200
20
230.619742
70
0
0
SEQEND
8
Layer 1
0
POLYLINE
8
Layer 1
62
7
70
0
10
0.000000
20
0.000000
66
1
0
VERTEX
8
Layer 1
10
208.979240
20
231.505500
70
0
0
VERTEX
8
Layer 1
10
208.852950
20
230.553703
70
0
0
VERTEX
8
Layer 1
10
208.490451
20
229.681559
70
0
0
VERTEX
8
Layer 1
10
207.916301
20
228.931596
70
0
0
VERTEX
8
Layer 1
10
207.155055
20
228.346342
70
0
0
VERTEX
8
Layer 1
10
206.267520
20
227.979799
70
0
0
VERTEX
8
Layer 1
10
205.330870
20
227.857618
70
0
0
VERTEX
8
Layer 1
10
204.394221
20
227.979799
70
0
0
VERTEX
8
Layer 1
10
203.506685
20
228.346342
70
0
0
VERTEX
8
Layer 1
10
202.745440
20
228.931596
70
0
0
VERTEX
8
Layer 1
10
202.171289
20
229.681559
70
0
0
VERTEX
8
Layer 1
10
201.808790
20
230.553703
70
0
0
VERTEX
8
Layer 1
10
201.682500
20
231.505500
70
0
0
SEQEND
8
Layer 1
0
POLYLINE
8
Layer 1
62
7
70
0
10
0.000000
20
0.000000
66
1
0
VERTEX
8
Layer 1
10
201.192103
20
201.623250
70
0
0
VERTEX
8
Layer 1
10
201.332495
20
204.634408
70
0
0
VERTEX
8
Layer 1
10
201.735146
20
207.439010
70
0
0
VERTEX
8
Layer 1
10
202.372269
20
209.976975
70
0
0
VERTEX
8
Layer 1
10
203.216075
20
212.188221
70
0
0
VERTEX
8
Layer 1
10
204.238777
20
214.012666
70
0
0
VERTEX
8
Layer 1
10
205.412587
20
215.390227
70
0
0
VERTEX
8
Layer 1
10
206.709716
20
216.260824
70
0
0
VERTEX
8
Layer 1
10
207.395842
20
216.487236
70
0
0
VERTEX
8
Layer 1
10
208.102377
20
216.564375
70
0
0
SEQEND
8
Layer 1
0
POLYLINE
8
Layer 1
62
7
70
0
10
0.000000
20
0.000000
66
1
0
VERTEX
8
Layer 1
10
215.012628
20
231.505500
70
0
0
VERTEX
8
Layer 1
10
214.872237
20
228.494349
70
0
0
VERTEX
8
Layer 1
10
214.469587
20
225.689752
70
0
0
VERTEX
8
Layer 1
10
213.832467
20
223.151791
70
0
0
VERTEX
8
Layer 1
10
212.988664
20
220.940547
70
0
0
VERTEX
8
Layer 1
10
211.965966
20
219.116102
70
0
0
VERTEX
8
Layer 1
10
210.792161
20
217.738538
70
0
0
VERTEX
8
Layer 1
10
209.495035
20
216.867935
70
0
0
VERTEX
8
Layer 1
10
208.808911
20
216.641519
70
0
0
VERTEX
8
Layer 1
10
208.102377
20
216.564375
70
0
0
SEQEND
8
Layer 1
0
POLYLINE
8
Layer 1
62
7
70
0
10
0.000000
20
0.000000
66
1
0
VERTEX
8
Layer 1
10
208.759755
20
201.623250
70
0
0
VERTEX
8
Layer 1
10
208.859427
20
204.551730
70
0
0
VERTEX
8
Layer 1
10
209.150995
20
207.340971
70
0
0
VERTEX
8
Layer 1
10
209.623292
20
209.912594
70
0
0
VERTEX
8
Layer 1
10
210.265151
20
212.188221
70
0
0
VERTEX
8
Layer 1
10
211.047966
20
214.054091
70
0
0
VERTEX
8
Layer 1
10
211.932603
20
215.427050
70
0
0
VERTEX
8
Layer 1
10
212.892101
20
216.274633
70
0
0
VERTEX
8
Layer 1
10
213.899497
20
216.564375
70
0
0
SEQEND
8
Layer 1
0
POLYLINE
8
Layer 1
62
7
70
0
10
0.000000
20
0.000000
66
1
0
VERTEX
8
Layer 1
10
219.039239
20
231.505500
70
0
0
VERTEX
8
Layer 1
10
218.939567
20
228.577020
70
0
0
VERTEX
8
Layer 1
10
218.647999
20
225.787779
70
0
0
VERTEX
8
Layer 1
10
218.175702
20
223.216156
70
0
0
VERTEX
8
Layer 1
10
217.533843
20
220.940529
70
0
0
VERTEX
8
Layer 1
10
216.751028
20
219.074659
70
0
0
VERTEX
8
Layer 1
10
215.866391
20
217.701700
70
0
0
VERTEX
8
Layer 1
10
214.906893
20
216.854117
70
0
0
VERTEX
8
Layer 1
10
213.899497
20
216.564375
70
0
0
SEQEND
8
Layer 1
0
POLYLINE
8
Layer 1
62
7
70
0
10
0.000000
20
0.000000
66
1
0
VERTEX
8
Layer 1
10
196.504911
20
201.623250
70
0
0
VERTEX
8
Layer 1
10
196.663592
20
202.215379
70
0
0
VERTEX
8
Layer 1
10
197.097119
20
202.648847
70
0
0
VERTEX
8
Layer 1
10
197.689327
20
202.807507
70
0
0
VERTEX
8
Layer 1
10
198.281535
20
202.648847
70
0
0
VERTEX
8
Layer 1
10
198.715061
20
202.215379
70
0
0
VERTEX
8
Layer 1
10
198.873743
20
201.623250
70
0
0
SEQEND
8
Layer 1
0
POLYLINE
8
Layer 1
62
7
70
0
10
0.000000
20
0.000000
66
1
0
VERTEX
8
Layer 1
10
226.778869
20
231.505500
70
0
0
VERTEX
8
Layer 1
10
226.690801
20
229.165204
70
0
0
VERTEX
8
Layer 1
10
226.433174
20
226.936181
70
0
0
VERTEX
8
Layer 1
10
226.015857
20
224.881068
70
0
0
VERTEX
8
Layer 1
10
225.448718
20
223.062499
70
0
0
VERTEX
8
Layer 1
10
224.757032
20
221.571389
70
0
0
VERTEX
8
Layer 1
10
223.975376
20
220.474188
70
0
0
VERTEX
8
Layer 1
10
223.127574
20
219.796842
70
0
0
VERTEX
8
Layer 1
10
222.237450
20
219.565294
70
0
0
SEQEND
8
Layer 1
0
POLYLINE
8
Layer 1
62
7
70
0
10
0.000000
20
0.000000
66
1
0
VERTEX
8
Layer 1
10
222.237450
20
228.582418
70
0
0
VERTEX
8
Layer 1
10
222.286512
20
228.554096
70
0
0
VERTEX
8
Layer 1
10
222.286512
20
228.497451
70
0
0
VERTEX
8
Layer 1
10
222.237450
20
228.469129
70
0
0
SEQEND
8
Layer 1
0
POLYLINE
8
Layer 1
62
7
70
0
10
0.000000
20
0.000000
66
1
0
VERTEX
8
Layer 1
10
224.879968
20
231.505500
70
0
0
VERTEX
8
Layer 1
10
224.715445
20
231.108359
70
0
0
VERTEX
8
Layer 1
10
224.318250
20
230.943857
70
0
0
VERTEX
8
Layer 1
10
223.921056
20
231.108359
70
0
0
VERTEX
8
Layer 1
10
223.756532
20
231.505500
70
0
0
SEQEND
8
Layer 1
0
POLYLINE
8
Layer 1
62
7
70
0
10
0.000000
20
0.000000
66
1
0
VERTEX
8
Layer 1
10
222.237450
20
222.394378
70
0
0
VERTEX
8
Layer 1
10
222.493601
20
222.246509
70
0
0
VERTEX
8
Layer 1
10
222.493601
20
221.950770
70
0
0
VERTEX
8
Layer 1
10
222.237450
20
221.802901
70
0
0
SEQEND
8
Layer 1
0
POLYLINE
8
Layer 1
62
7
70
0
10
0.000000
20
0.000000
66
1
0
VERTEX
8
Layer 1
10
229.242118
20
216.564375
70
0
0
VERTEX
8
Layer 1
10
228.985271
20
217.701700
70
0
0
VERTEX
8
Layer 1
10
228.767526
20
220.940529
70
0
0
VERTEX
8
Layer 1
10
228.570944
20
231.505500
70
0
0
SEQEND
8
Layer 1
0
POLYLINE
8
Layer 1
62
7
70
0
10
0.000000
20
0.000000
66
1
0
VERTEX
8
Layer 1
10
229.242118
20
216.564375
70
0
0
VERTEX
8
Layer 1
10
229.503369
20
215.390227
70
0
0
VERTEX
8
Layer 1
10
229.716709
20
212.188221
70
0
0
VERTEX
8
Layer 1
10
229.913291
20
201.623250
70
0
0
SEQEND
8
Layer 1
0
POLYLINE
8
Layer 1
62
7
70
0
10
0.000000
20
0.000000
66
1
0
VERTEX
8
Layer 1
10
234.801534
20
216.564375
70
0
0
VERTEX
8
Layer 1
10
234.606943
20
220.940529
70
0
0
VERTEX
8
Layer 1
10
234.526341
20
231.505500
70
0
0
SEQEND
8
Layer 1
0
POLYLINE
8
Layer 1
62
7
70
0
10
0.000000
20
0.000000
66
1
0
VERTEX
8
Layer 1
10
234.801534
20
216.564375
70
0
0
VERTEX
8
Layer 1
10
234.996124
20
212.188221
70
0
0
VERTEX
8
Layer 1
10
235.076726
20
201.623250
70
0
0
SEQEND
8
Layer 1
0
POLYLINE
8
Layer 1
62
7
70
0
10
0.000000
20
0.000000
66
1
0
VERTEX
8
Layer 1
10
232.403820
20
201.623250
70
0
0
VERTEX
8
Layer 1
10
232.672055
20
202.087785
70
0
0
VERTEX
8
Layer 1
10
233.208525
20
202.087785
70
0
0
VERTEX
8
Layer 1
10
233.476760
20
201.623250
70
0
0
SEQEND
8
Layer 1
0
POLYLINE
8
Layer 1
62
7
70
0
10
0.000000
20
0.000000
66
1
0
VERTEX
8
Layer 1
10
226.965048
20
231.505500
70
0
0
VERTEX
8
Layer 1
10
226.873369
20
228.795704
70
0
0
VERTEX
8
Layer 1
10
226.605181
20
226.214751
70
0
0
VERTEX
8
Layer 1
10
226.170756
20
223.835165
70
0
0
VERTEX
8
Layer 1
10
225.580367
20
221.729471
70
0
0
VERTEX
8
Layer 1
10
224.860324
20
220.002935
70
0
0
VERTEX
8
Layer 1
10
224.046624
20
218.732502
70
0
0
VERTEX
8
Layer 1
10
223.164066
20
217.948212
70
0
0
VERTEX
8
Layer 1
10
222.237450
20
217.680106
70
0
0
SEQEND
8
Layer 1
0
POLYLINE
8
Layer 1
62
7
70
0
10
0.000000
20
0.000000
66
1
0
VERTEX
8
Layer 1
10
222.237450
20
209.303012
70
0
0
VERTEX
8
Layer 1
10
222.392371
20
209.213581
70
0
0
VERTEX
8
Layer 1
10
222.392371
20
209.034717
70
0
0
VERTEX
8
Layer 1
10
222.237450
20
208.945286
70
0
0
SEQEND
8
Layer 1
0
POLYLINE
8
Layer 1
62
7
70
0
10
0.000000
20
0.000000
66
1
0
VERTEX
8
Layer 1
10
222.237450
20
213.444142
70
0
0
VERTEX
8
Layer 1
10
223.663802
20
213.214908
70
0
0
VERTEX
8
Layer 1
10
225.022335
20
212.544330
70
0
0
VERTEX
8
Layer 1
10
226.274874
20
211.458093
70
0
0
VERTEX
8
Layer 1
10
227.383246
20
209.981883
70
0
0
VERTEX
8
Layer 1
10
228.292040
20
208.181487
70
0
0
VERTEX
8
Layer 1
10
228.960756
20
206.146910
70
0
0
VERTEX
8
Layer 1
10
229.373582
20
203.940161
70
0
0
VERTEX
8
Layer 1
10
229.514704
20
201.623250
70
0
0
SEQEND
8
Layer 1
0
POLYLINE
8
Layer 1
62
7
70
0
10
0.000000
20
0.000000
66
1
0
VERTEX
8
Layer 1
10
42.919950
20
174.920687
70
0
0
VERTEX
8
Layer 1
10
41.658535
20
175.004422
70
0
0
VERTEX
8
Layer 1
10
40.435227
20
175.250286
70
0
0
VERTEX
8
Layer 1
10
39.263904
20
175.650269
70
0
0
VERTEX
8
Layer 1
10
38.158443
20
176.196358
70
0
0
VERTEX
8
Layer 1
10
37.132722
20
176.880543
70
0
0
VERTEX
8
Layer 1
10
36.200619
20
177.694811
70
0
0
VERTEX
8
Layer 1
10
35.376011
20
178.631153
70
0
0
VERTEX
8
Layer 1
10
34.672778
20
179.681557
70
0
0
VERTEX
8
Layer 1
10
34.114597
20
180.815695
70
0
0
VERTEX
8
Layer 1
10
33.715896
20
181.997901
70
0
0
VERTEX
8
Layer 1
10
33.476676
20
183.212153
70
0
0
VERTEX
8
Layer 1
10
33.396936
20
184.442426
70
0
0
VERTEX
8
Layer 1
10
33.476676
20
185.672700
70
0
0
VERTEX
8
Layer 1
10
33.715896
20
186.886952
70
0
0
VERTEX
8
Layer 1
10
34.114597
20
188.069158
70
0
0
VERTEX
8
Layer 1
10
34.672778
20
189.203296
70
0
0
VERTEX
8
Layer 1
10
35.376011
20
190.253700
70
0
0
VERTEX
8
Layer 1
10
36.200619
20
191.190042
70
0
0
VERTEX
8
Layer 1
10
37.132722
20
192.004310
70
0
0
VERTEX
8
Layer 1
10
38.158443
20
192.688495
70
0
0
VERTEX
8
Layer 1
10
39.263904
20
193.234584
70
0
0
VERTEX
8
Layer 1
10
40.435227
20
193.634567
70
0
0
VERTEX
8
Layer 1
10
41.658535
20
193.880431
70
0
0
VERTEX
8
Layer 1
10
42.919950
20
193.964166
70
0
0
SEQEND
8
Layer 1
0
POLYLINE
8
Layer 1
62
7
70
0
10
0.000000
20
0.000000
66
1
0
VERTEX
8
Layer 1
10
42.919950
20
178.324179
70
0
0
VERTEX
8
Layer 1
10
42.464724
20
178.417936
70
0
0
VERTEX
8
Layer 1
10
42.093315
20
178.669819
70
0
0
VERTEX
8
Layer 1
10
41.843077
20
179.042311
70
0
0
VERTEX
8
Layer 1
10
41.751364
20
179.497894
70
0
0
VERTEX
8
Layer 1
10
41.843077
20
179.953477
70
0
0
VERTEX
8
Layer 1
10
42.093315
20
180.325970
70
0
0
VERTEX
8
Layer 1
10
42.464724
20
180.577853
70
0
0
VERTEX
8
Layer 1
10
42.919950
20
180.671609
70
0
0
SEQEND
8
Layer 1
0
POLYLINE
8
Layer 1
62
7
70
0
10
0.000000
20
0.000000
66
1
0
VERTEX
8
Layer 1
10
32.114517
20
201.623250
70
0
0
VERTEX
8
Layer 1
10
32.029837
20
200.801967
70
0
0
VERTEX
8
Layer 1
10
31.790792
20
200.037232
70
0
0
VERTEX
8
Layer 1
10
31.413746
20
199.345368
70
0
0
VERTEX
8
Layer 1
10
30.915063
20
198.742697
70
0
0
VERTEX
8
Layer 1
10
30.311106
20
198.245540
70
0
0
VERTEX
8
Layer 1
10
29.618239
20
197.870220
70
0
0
VERTEX
8
Layer 1
10
28.852825
20
197.633058
70
0
0
VERTEX
8
Layer 1
10
28.031230
20
197.550377
70
0
0
VERTEX
8
Layer 1
10
27.209634
20
197.633058
70
0
0
VERTEX
8
Layer 1
10
26.444221
20
197.870220
70
0
0
VERTEX
8
Layer 1
10
25.751354
20
198.245540
70
0
0
VERTEX
8
Layer 1
10
25.147397
20
198.742697
70
0
0
VERTEX
8
Layer 1
10
24.648714
20
199.345368
70
0
0
VERTEX
8
Layer 1
10
24.271668
20
200.037232
70
0
0
VERTEX
8
Layer 1
10
24.032623
20
200.801967
70
0
0
VERTEX
8
Layer 1
10
23.947943
20
201.623250
70
0
0
SEQEND
8
Layer 1
0
POLYLINE
8
Layer 1
62
7
70
0
10
0.000000
20
0.000000
66
1
0
VERTEX
8
Layer 1
10
42.919950
20
172.232575
70
0
0
VERTEX
8
Layer 1
10
41.111933
20
172.352595
70
0
0
VERTEX
8
Layer 1
10
39.358535
20
172.704998
70
0
0
VERTEX
8
Layer 1
10
37.679647
20
173.278303
70
0
0
VERTEX
8
Layer 1
10
36.095162
20
174.061027
70
0
0
VERTEX
8
Layer 1
10
34.624970
20
175.041686
70
0
0
VERTEX
8
Layer 1
10
33.288963
20
176.208798
70
0
0
VERTEX
8
Layer 1
10
32.107033
20
177.550880
70
0
0
VERTEX
8
Layer 1
10
31.099070
20
179.056450
70
0
0
VERTEX
8
Layer 1
10
30.299015
20
180.682039
70
0
0
VERTEX
8
Layer 1
10
29.727548
20
182.376525
70
0
0
VERTEX
8
Layer 1
10
29.384667
20
184.116942
70
0
0
VERTEX
8
Layer 1
10
29.270374
20
185.880324
70
0
0
VERTEX
8
Layer 1
10
29.384667
20
187.643707
70
0
0
VERTEX
8
Layer 1
10
29.727548
20
189.384124
70
0
0
VERTEX
8
Layer 1
10
30.299015
20
191.078610
70
0
0
VERTEX
8
Layer 1
10
31.099070
20
192.704199
70
0
0
VERTEX
8
Layer 1
10
32.107033
20
194.209769
70
0
0
VERTEX
8
Layer 1
10
33.288963
20
195.551851
70
0
0
VERTEX
8
Layer 1
10
34.624970
20
196.718963
70
0
0
VERTEX
8
Layer 1
10
36.095162
20
197.699622
70
0
0
VERTEX
8
Layer 1
10
37.679647
20
198.482346
70
0
0
VERTEX
8
Layer 1
10
39.358535
20
199.055651
70
0
0
VERTEX
8
Layer 1
10
41.111933
20
199.408054
70
0
0
VERTEX
8
Layer 1
10
42.919950
20
199.528074
70
0
0
SEQEND
8
Layer 1
0
POLYLINE
8
Layer 1
62
7
70
0
10
0.000000
20
0.000000
66
1
0
VERTEX
8
Layer 1
10
32.695960
20
171.741000
70
0
0
VERTEX
8
Layer 1
10
32.814669
20
172.635668
70
0
0
VERTEX
8
Layer 1
10
33.155410
20
173.455464
70
0
0
VERTEX
8
Layer 1
10
33.695099
20
174.160413
70
0
0
VERTEX
8
Layer 1
10
34.410653
20
174.710539
70
0
0
VERTEX
8
Layer 1
10
35.244917
20
175.055081
70
0
0
VERTEX
8
Layer 1
10
36.125347
20
175.169928
70
0
0
VERTEX
8
Layer 1
10
37.005777
20
175.055081
70
0
0
VERTEX
8
Layer 1
10
37.840041
20
174.710539
70
0
0
VERTEX
8
Layer 1
10
38.555595
20
174.160413
70
0
0
VERTEX
8
Layer 1
10
39.095284
20
173.455464
70
0
0
VERTEX
8
Layer 1
10
39.436024
20
172.635668
70
0
0
VERTEX
8
Layer 1
10
39.554734
20
171.741000
70
0
0
SEQEND
8
Layer 1
0
POLYLINE
8
Layer 1
62
7
70
0
10
0.000000
20
0.000000
66
1
0
VERTEX
8
Layer 1
10
42.919950
20
200.731133
70
0
0
VERTEX
8
Layer 1
10
42.094476
20
200.801240
70
0
0
VERTEX
8
Layer 1
10
41.420386
20
200.992428
70
0
0
VERTEX
8
Layer 1
10
40.965901
20
201.275998
70
0
0
VERTEX
8
Layer 1
10
40.799246
20
201.623250
70
0
0
SEQEND
8
Layer 1
0
POLYLINE
8
Layer 1
62
7
70
0
10
0.000000
20
0.000000
66
1
0
VERTEX
8
Layer 1
10
22.329304
20
171.741000
70
0
0
VERTEX
8
Layer 1
10
22.439698
20
174.669480
70
0
0
VERTEX
8
Layer 1
10
22.762632
20
177.458721
70
0
0
VERTEX
8
Layer 1
10
23.285738
20
180.030344
70
0
0
VERTEX
8
Layer 1
10
23.996646
20
182.305971
70
0
0
VERTEX
8
Layer 1
10
24.863674
20
184.171841
70
0
0
VERTEX
8
Layer 1
10
25.843478
20
185.544800
70
0
0
VERTEX
8
Layer 1
10
26.906196
20
186.392383
70
0
0
VERTEX
8
Layer 1
10
28.021965
20
186.682125
70
0
0
SEQEND
8
Layer 1
0
POLYLINE
8
Layer 1
62
7
70
0
10
0.000000
20
0.000000
66
1
0
VERTEX
8
Layer 1
10
33.714626
20
201.623250
70
0
0
VERTEX
8
Layer 1
10
33.604233
20
198.694770
70
0
0
VERTEX
8
Layer 1
10
33.281298
20
195.905529
70
0
0
VERTEX
8
Layer 1
10
32.758192
20
193.333906
70
0
0
VERTEX
8
Layer 1
10
32.047285
20
191.058279
70
0
0
VERTEX
8
Layer 1
10
31.180256
20
189.192409
70
0
0
VERTEX
8
Layer 1
10
30.200452
20
187.819450
70
0
0
VERTEX
8
Layer 1
10
29.137734
20
186.971867
70
0
0
VERTEX
8
Layer 1
10
28.021965
20
186.682125
70
0
0
SEQEND
8
Layer 1
0
POLYLINE
8
Layer 1
62
7
70
0
10
0.000000
20
0.000000
66
1
0
VERTEX
8
Layer 1
10
43.348423
20
171.741000
70
0
0
VERTEX
8
Layer 1
10
43.496569
20
174.669480
70
0
0
VERTEX
8
Layer 1
10
43.929938
20
177.458721
70
0
0
VERTEX
8
Layer 1
10
44.631933
20
180.030344
70
0
0
VERTEX
8
Layer 1
10
45.585953
20
182.305971
70
0
0
VERTEX
8
Layer 1
10
46.749482
20
184.171841
70
0
0
VERTEX
8
Layer 1
10
48.064354
20
185.544800
70
0
0
VERTEX
8
Layer 1
10
49.490494
20
186.392383
70
0
0
VERTEX
8
Layer 1
10
50.987827
20
186.682125
70
0
0
SEQEND
8
Layer 1
0
POLYLINE
8
Layer 1
62
7
70
0
10
0.000000
20
0.000000
66
1
0
VERTEX
8
Layer 1
10
58.627207
20
201.623250
70
0
0
VERTEX
8
Layer 1
10
58.472002
20
198.612098
70
0
0
VERTEX
8
Layer 1
10
58.026867
20
195.807501
70
0
0
VERTEX
8
Layer 1
10
57.322522
20
193.269540
70
0
0
VERTEX
8
Layer 1
10
56.389686
20
191.058296
70
0
0
VERTEX
8
Layer 1
10
55.259078
20
189.233851
70
0
0
VERTEX
8
Layer 1
10
53.961420
20
187.856286
70
0
0
VERTEX
8
Layer 1
10
52.527429
20
186.985684
70
0
0
VERTEX
8
Layer 1
10
51.768910
20
186.759269
70
0
0
VERTEX
8
Layer 1
10
50.987827
20
186.682125
70
0
0
SEQEND
8
Layer 1
0
POLYLINE
8
Layer 1
62
7
70
0
10
0.000000
20
0.000000
66
1
0
VERTEX
8
Layer 1
10
72.806200
20
178.721757
70
0
0
VERTEX
8
Layer 1
10
72.279165
20
178.833821
70
0
0
VERTEX
8
Layer 1
10
71.761056
20
179.165868
70
0
0
VERTEX
8
Layer 1
10
70.765606
20
180.465029
70
0
0
VERTEX
8
Layer 1
10
69.847821
20
182.569476
70
0
0
VERTEX
8
Layer 1
10
69.035674
20
185.429449
70
0
0
VERTEX
8
Layer 1
10
68.369765
20
188.917490
70
0
0
VERTEX
8
Layer 1
10
67.879771
20
192.859228
70
0
0
VERTEX
8
Layer 1
10
67.577277
20
197.134527
70
0
0
VERTEX
8
Layer 1
10
67.473871
20
201.623250
70
0
0
SEQEND
8
Layer 1
0
POLYLINE
8
Layer 1
62
7
70
0
10
0.000000
20
0.000000
66
1
0
VERTEX
8
Layer 1
10
72.806200
20
180.907201
70
0
0
VERTEX
8
Layer 1
10
71.079335
20
181.136270
70
0
0
VERTEX
8
Layer 1
10
69.496985
20
181.793784
70
0
0
VERTEX
8
Layer 1
10
68.136311
20
182.835199
70
0
0
VERTEX
8
Layer 1
10
67.074472
20
184.215973
70
0
0
VERTEX
8
Layer 1
10
66.409446
20
185.825816
70
0
0
VERTEX
8
Layer 1
10
66.187770
20
187.524745
70
0
0
VERTEX
8
Layer 1
10
66.409446
20
189.223673
70
0
0
VERTEX
8
Layer 1
10
67.074472
20
190.833517
70
0
0
VERTEX
8
Layer 1
10
68.136311
20
192.214291
70
0
0
VERTEX
8
Layer 1
10
69.496985
20
193.255706
70
0
0
VERTEX
8
Layer 1
10
71.079335
20
193.913219
70
0
0
VERTEX
8
Layer 1
10
72.806200
20
194.142288
70
0
0
SEQEND
8
Layer 1
0
POLYLINE
8
Layer 1
62
7
70
0
10
0.000000
20
0.000000
66
1
0
VERTEX
8
Layer 1
10
72.806200
20
181.240615
70
0
0
VERTEX
8
Layer 1
10
71.905913
20
181.360039
70
0
0
VERTEX
8
Layer 1
10
71.080968
20
181.702828
70
0
0
VERTEX
8
Layer 1
10
70.371592
20
182.245761
70
0
0
VERTEX
8
Layer 1
10
69.818011
20
182.965616
70
0
0
VERTEX
8
Layer 1
10
69.471305
20
183.804894
70
0
0
VERTEX
8
Layer 1
10
69.355737
20
184.690616
70
0
0
VERTEX
8
Layer 1
10
69.471305
20
185.576339
70
0
0
VERTEX
8
Layer 1
10
69.818011
20
186.415617
70
0
0
VERTEX
8
Layer 1
10
70.371592
20
187.135472
70
0
0
VERTEX
8
Layer 1
10
71.080968
20
187.678405
70
0
0
VERTEX
8
Layer 1
10
71.905913
20
188.021194
70
0
0
VERTEX
8
Layer 1
10
72.806200
20
188.140618
70
0
0
SEQEND
8
Layer 1
0
POLYLINE
8
Layer 1
62
7
70
0
10
0.000000
20
0.000000
66
1
0
VERTEX
8
Layer 1
10
72.806200
20
197.834754
70
0
0
VERTEX
8
Layer 1
10
72.553506
20
197.980628
70
0
0
VERTEX
8
Layer 1
10
72.553506
20
198.272374
70
0
0
VERTEX
8
Layer 1
10
72.806200
20
198.418247
70
0
0
SEQEND
8
Layer 1
0
POLYLINE
8
Layer 1
62
7
70
0
10
0.000000
20
0.000000
66
1
0
VERTEX
8
Layer 1
10
68.712238
20
171.741000
70
0
0
VERTEX
8
Layer 1
10
68.791629
20
172.456458
70
0
0
VERTEX
8
Layer 1
10
69.023872
20
173.137899
70
0
0
VERTEX
8
Layer 1
10
69.400072
20
173.766173
70
0
0
VERTEX
8
Layer 1
10
69.911332
20
174.322132
70
0
0
VERTEX
8
Layer 1
10
71.239509
20
175.113412
70
0
0
VERTEX
8
Layer 1
10
72.806200
20
175.391272
70
0
0
SEQEND
8
Layer 1
0
POLYLINE
8
Layer 1
62
7
70
0
10
0.000000
20
0.000000
66
1
0
VERTEX
8
Layer 1
10
70.935632
20
171.741000
70
0
0
VERTEX
8
Layer 1
10
71.078020
20
172.284366
70
0
0
VERTEX
8
Layer 1
10
71.483508
20
172.745010
70
0
0
VERTEX
8
Layer 1
10
72.090364
20
173.052803
70
0
0
VERTEX
8
Layer 1
10
72.806200
20
173.160885
70
0
0
SEQEND
8
Layer 1
0
POLYLINE
8
Layer 1
62
7
70
0
10
0.000000
20
0.000000
66
1
0
VERTEX
8
Layer 1
10
65.875220
20
186.682125
70
0
0
VERTEX
8
Layer 1
10
65.450638
20
186.985676
70
0
0
VERTEX
8
Layer 1
10
65.055181
20
187.856273
70
0
0
VERTEX
8
Layer 1
10
64.385529
20
191.058279
70
0
0
VERTEX
8
Layer 1
10
63.934037
20
195.807490
70
0
0
VERTEX
8
Layer 1
10
63.768478
20
201.623250
70
0
0
SEQEND
8
Layer 1
0
POLYLINE
8
Layer 1
62
7
70
0
10
0.000000
20
0.000000
66
1
0
VERTEX
8
Layer 1
10
65.875220
20
186.682125
70
0
0
VERTEX
8
Layer 1
10
66.288144
20
186.392383
70
0
0
VERTEX
8
Layer 1
10
66.681435
20
185.544800
70
0
0
VERTEX
8
Layer 1
10
67.364911
20
182.305971
70
0
0
VERTEX
8
Layer 1
10
67.821595
20
177.458721
70
0
0
VERTEX
8
Layer 1
10
67.981962
20
171.741000
70
0
0
SEQEND
8
Layer 1
0
POLYLINE
8
Layer 1
62
7
70
0
10
0.000000
20
0.000000
66
1
0
VERTEX
8
Layer 1
10
45.989890
20
171.741000
70
0
0
VERTEX
8
Layer 1
10
46.196435
20
172.511735
70
0
0
VERTEX
8
Layer 1
10
46.760728
20
173.075952
70
0
0
VERTEX
8
Layer 1
10
47.531566
20
173.282470
70
0
0
VERTEX
8
Layer 1
10
48.302404
20
173.075952
70
0
0
VERTEX
8
Layer 1
10
48.866697
20
172.511735
70
0
0
VERTEX
8
Layer 1
10
49.073242
20
171.741000
70
0
0
SEQEND
8
Layer 1
0
POLYLINE
8
Layer 1
62
7
70
0
10
0.000000
20
0.000000
66
1
0
VERTEX
8
Layer 1
10
54.495875
20
171.741000
70
0
0
VERTEX
8
Layer 1
10
54.705387
20
177.458721
70
0
0
VERTEX
8
Layer 1
10
55.302028
20
182.305971
70
0
0
VERTEX
8
Layer 1
10
55.721233
20
184.171841
70
0
0
VERTEX
8
Layer 1
10
56.194965
20
185.544800
70
0
0
VERTEX
8
Layer 1
10
56.708785
20
186.392383
70
0
0
VERTEX
8
Layer 1
10
57.248255
20
186.682125
70
0
0
SEQEND
8
Layer 1
0
POLYLINE
8
Layer 1
62
7
70
0
10
0.000000
20
0.000000
66
1
0
VERTEX
8
Layer 1
10
60.000659
20
201.623250
70
0
0
VERTEX
8
Layer 1
10
59.791144
20
195.905499
70
0
0
VERTEX
8
Layer 1
10
59.194497
20
191.058233
70
0
0
VERTEX
8
Layer 1
10
58.775288
20
189.192364
70
0
0
VERTEX
8
Layer 1
10
58.301553
20
187.819413
70
0
0
VERTEX
8
Layer 1
10
57.787729
20
186.971845
70
0
0
VERTEX
8
Layer 1
10
57.248255
20
186.682125
70
0
0
SEQEND
8
Layer 1
0
POLYLINE
8
Layer 1
62
7
70
0
10
0.000000
20
0.000000
66
1
0
VERTEX
8
Layer 1
10
57.339014
20
171.741000
70
0
0
VERTEX
8
Layer 1
10
57.453670
20
177.458721
70
0
0
VERTEX
8
Layer 1
10
57.780182
20
182.305971
70
0
0
VERTEX
8
Layer 1
10
58.268842
20
185.544800
70
0
0
VERTEX
8
Layer 1
10
58.550031
20
186.392383
70
0
0
VERTEX
8
Layer 1
10
58.845257
20
186.682125
70
0
0
SEQEND
8
Layer 1
0
POLYLINE
8
Layer 1
62
7
70
0
10
0.000000
20
0.000000
66
1
0
VERTEX
8
Layer 1
10
60.351476
20
201.623250
70
0
0
VERTEX
8
Layer 1
10
60.233110
20
195.807547
70
0
0
VERTEX
8
Layer 1
10
59.910316
20
191.058363
70
0
0
VERTEX
8
Layer 1
10
59.431547
20
187.856341
70
0
0
VERTEX
8
Layer 1
10
59.148814
20
186.985717
70
0
0
VERTEX
8
Layer 1
10
58.845257
20
186.682125
70
0
0
SEQEND
8
Layer 1
0
POLYLINE
8
Layer 1
62
7
70
0
10
0.000000
20
0.000000
66
1
0
VERTEX
8
Layer 1
10
65.145015
20
171.741000
70
0
0
VERTEX
8
Layer 1
10
65.251993
20
172.270811
70
0
0
VERTEX
8
Layer 1
10
65.543733
20
172.703460
70
0
0
VERTEX
8
Layer 1
10
65.976440
20
172.995161
70
0
0
VERTEX
8
Layer 1
10
66.506322
20
173.102124
70
0
0
VERTEX
8
Layer 1
10
67.036204
20
172.995161
70
0
0
VERTEX
8
Layer 1
10
67.468911
20
172.703460
70
0
0
VERTEX
8
Layer 1
10
67.760650
20
172.270811
70
0
0
VERTEX
8
Layer 1
10
67.867629
20
171.741000
70
0
0
SEQEND
8
Layer 1
0
POLYLINE
8
Layer 1
62
7
70
0
10
0.000000
20
0.000000
66
1
0
VERTEX
8
Layer 1
10
50.775156
20
171.741000
70
0
0
VERTEX
8
Layer 1
10
50.917599
20
172.272534
70
0
0
VERTEX
8
Layer 1
10
51.306761
20
172.661643
70
0
0
VERTEX
8
Layer 1
10
51.838366
20
172.804067
70
0
0
VERTEX
8
Layer 1
10
52.369970
20
172.661643
70
0
0
VERTEX
8
Layer 1
10
52.759132
20
172.272534
70
0
0
VERTEX
8
Layer 1
10
52.901575
20
171.741000
70
0
0
SEQEND
8
Layer 1
0
POLYLINE
8
Layer 1
62
7
70
0
10
0.000000
20
0.000000
66
1
0
VERTEX
8
Layer 1
10
72.806200
20
175.392228
70
0
0
VERTEX
8
Layer 1
10
72.230041
20
175.546589
70
0
0
VERTEX
8
Layer 1
10
71.808263
20
175.968310
70
0
0
VERTEX
8
Layer 1
10
71.653882
20
176.544392
70
0
0
VERTEX
8
Layer 1
10
71.808263
20
177.120474
70
0
0
VERTEX
8
Layer 1
10
72.230041
20
177.542196
70
0
0
VERTEX
8
Layer 1
10
72.806200
20
177.696556
70
0
0
SEQEND
8
Layer 1
0
POLYLINE
8
Layer 1
62
7
70
0
10
0.000000
20
0.000000
66
1
0
VERTEX
8
Layer 1
10
72.806200
20
177.925550
70
0
0
VERTEX
8
Layer 1
10
72.050451
20
178.041511
70
0
0
VERTEX
8
Layer 1
10
71.307503
20
178.385102
70
0
0
VERTEX
8
Layer 1
10
70.582369
20
178.949887
70
0
0
VERTEX
8
Layer 1
10
69.880064
20
179.729430
70
0
0
VERTEX
8
Layer 1
10
68.563995
20
181.907042
70
0
0
VERTEX
8
Layer 1
10
67.399406
20
184.866446
70
0
0
VERTEX
8
Layer 1
10
66.444517
20
188.475754
70
0
0
VERTEX
8
Layer 1
10
65.741883
20
192.554533
70
0
0
VERTEX
8
Layer 1
10
65.308119
20
196.978469
70
0
0
VERTEX
8
Layer 1
10
65.159839
20
201.623250
70
0
0
SEQEND
8
Layer 1
0
POLYLINE
8
Layer 1
62
7
70
0
10
0.000000
20
0.000000
66
1
0
VERTEX
8
Layer 1
10
47.831098
20
201.623250
70
0
0
VERTEX
8
Layer 1
10
47.457259
20
201.281852
70
0
0
VERTEX
8
Layer 1
10
46.392656
20
200.992428
70
0
0
VERTEX
8
Layer 1
10
42.919950
20
200.731133
70
0
0
SEQEND
8
Layer 1
0
POLYLINE
8
Layer 1
62
7
70
0
10
0.000000
20
0.000000
66
1
0
VERTEX
8
Layer 1
10
51.031628
20
201.623250
70
0
0
VERTEX
8
Layer 1
10
50.866828
20
197.400764
70
0
0
VERTEX
8
Layer 1
10
50.394172
20
193.467926
70
0
0
VERTEX
8
Layer 1
10
49.646281
20
189.908988
70
0
0
VERTEX
8
Layer 1
10
48.655773
20
186.808203
70
0
0
VERTEX
8
Layer 1
10
47.455266
20
184.249820
70
0
0
VERTEX
8
Layer 1
10
46.077381
20
182.318093
70
0
0
VERTEX
8
Layer 1
10
45.332115
20
181.613554
70
0
0
VERTEX
8
Layer 1
10
44.554736
20
181.097272
70
0
0
VERTEX
8
Layer 1
10
43.749322
20
180.779780
70
0
0
VERTEX
8
Layer 1
10
42.919950
20
180.671609
70
0
0
SEQEND
8
Layer 1
0
POLYLINE
8
Layer 1
62
7
70
0
10
0.000000
20
0.000000
66
1
0
VERTEX
8
Layer 1
10
42.919950
20
178.324179
70
0
0
VERTEX
8
Layer 1
10
43.770931
20
178.096190
70
0
0
VERTEX
8
Layer 1
10
44.393892
20
177.473312
70
0
0
VERTEX
8
Layer 1
10
44.621912
20
176.622445
70
0
0
VERTEX
8
Layer 1
10
44.393892
20
175.771578
70
0
0
VERTEX
8
Layer 1
10
43.770931
20
175.148700
70
0
0
VERTEX
8
Layer 1
10
42.919950
20
174.920710
70
0
0
SEQEND
8
Layer 1
0
POLYLINE
8
Layer 1
62
7
70
0
10
0.000000
20
0.000000
66
1
0
VERTEX
8
Layer 1
10
52.406133
20
201.623250
70
0
0
VERTEX
8
Layer 1
10
52.213407
20
195.700004
70
0
0
VERTEX
8
Layer 1
10
51.660661
20
190.183073
70
0
0
VERTEX
8
Layer 1
10
50.786042
20
185.190644
70
0
0
VERTEX
8
Layer 1
10
49.627694
20
180.840904
70
0
0
VERTEX
8
Layer 1
10
48.223765
20
177.252041
70
0
0
VERTEX
8
Layer 1
10
47.441628
20
175.779871
70
0
0
VERTEX
8
Layer 1
10
46.612400
20
174.542240
70
0
0
VERTEX
8
Layer 1
10
45.740851
20
173.553922
70
0
0
VERTEX
8
Layer 1
10
44.831747
20
172.829689
70
0
0
VERTEX
8
Layer 1
10
43.889857
20
172.384316
70
0
0
VERTEX
8
Layer 1
10
42.919950
20
172.232575
70
0
0
SEQEND
8
Layer 1
0
POLYLINE
8
Layer 1
62
7
70
0
10
0.000000
20
0.000000
66
1
0
VERTEX
8
Layer 1
10
42.919950
20
199.528074
70
0
0
VERTEX
8
Layer 1
10
44.000341
20
199.307111
70
0
0
VERTEX
8
Layer 1
10
44.882086
20
198.710382
70
0
0
VERTEX
8
Layer 1
10
45.476308
20
197.827010
70
0
0
VERTEX
8
Layer 1
10
45.694132
20
196.746120
70
0
0
VERTEX
8
Layer 1
10
45.476308
20
195.665231
70
0
0
VERTEX
8
Layer 1
10
44.882086
20
194.781859
70
0
0
VERTEX
8
Layer 1
10
44.000341
20
194.185129
70
0
0
VERTEX
8
Layer 1
10
42.919950
20
193.964166
70
0
0
SEQEND
8
Layer 1
0
POLYLINE
8
Layer 1
62
7
70
0
10
0.000000
20
0.000000
66
1
0
VERTEX
8
Layer 1
10
102.692450
20
191.017992
70
0
0
VERTEX
8
Layer 1
10
102.062443
20
191.101562
70
0
0
VERTEX
8
Layer 1
10
101.485159
20
191.341441
70
0
0
VERTEX
8
Layer 1
10
100.988748
20
191.721377
70
0
0
VERTEX
8
Layer 1
10
100.601361
20
192.225121
70
0
0
VERTEX
8
Layer 1
10
100.358741
20
192.812435
70
0
0
VERTEX
8
Layer 1
10
100.277868
20
193.432250
70
0
0
VERTEX
8
Layer 1
10
100.358741
20
194.052065
70
0
0
VERTEX
8
Layer 1
10
100.601361
20
194.639380
70
0
0
VERTEX
8
Layer 1
10
100.988748
20
195.143123
70
0
0
VERTEX
8
Layer 1
10
101.485159
20
195.523060
70
0
0
VERTEX
8
Layer 1
10
102.062443
20
195.762938
70
0
0
VERTEX
8
Layer 1
10
102.692450
20
195.846509
70
0
0
SEQEND
8
Layer 1
0
POLYLINE
8
Layer 1
62
7
70
0
10
0.000000
20
0.000000
66
1
0
VERTEX
8
Layer 1
10
102.692450
20
191.439403
70
0
0
VERTEX
8
Layer 1
10
102.013454
20
191.578743
70
0
0
VERTEX
8
Layer 1
10
101.459386
20
191.954096
70
0
0
VERTEX
8
Layer 1
10
101.086034
20
192.509474
70
0
0
VERTEX
8
Layer 1
10
100.949186
20
193.188889
70
0
0
VERTEX
8
Layer 1
10
101.086034
20
193.868305
70
0
0
VERTEX
8
Layer 1
10
101.459386
20
194.423683
70
0
0
VERTEX
8
Layer 1
10
102.013454
20
194.799035
70
0
0
VERTEX
8
Layer 1
10
102.692450
20
194.938376
70
0
0
SEQEND
8
Layer 1
0
POLYLINE
8
Layer 1
62
7
70
0
10
0.000000
20
0.000000
66
1
0
VERTEX
8
Layer 1
10
102.692450
20
191.893183
70
0
0
VERTEX
8
Layer 1
10
101.996411
20
192.079661
70
0
0
VERTEX
8
Layer 1
10
101.486875
20
192.589129
70
0
0
VERTEX
8
Layer 1
10
101.300372
20
193.285074
70
0
0
VERTEX
8
Layer 1
10
101.486875
20
193.981020
70
0
0
VERTEX
8
Layer 1
10
101.996411
20
194.490488
70
0
0
VERTEX
8
Layer 1
10
102.692450
20
194.676966
70
0
0
SEQEND
8
Layer 1
0
POLYLINE
8
Layer 1
62
7
70
0
10
0.000000
20
0.000000
66
1
0
VERTEX
8
Layer 1
10
102.692450
20
197.673916
70
0
0
VERTEX
8
Layer 1
10
100.964440
20
197.754153
70
0
0
VERTEX
8
Layer 1
10
99.354967
20
197.984274
70
0
0
VERTEX
8
Layer 1
10
97.898508
20
198.348400
70
0
0
VERTEX
8
Layer 1
10
96.629543
20
198.830649
70
0
0
VERTEX
8
Layer 1
10
95.582551
20
199.415140
70
0
0
VERTEX
8
Layer 1
10
94.792011
20
200.085991
70
0
0
VERTEX
8
Layer 1
10
94.292403
20
200.827321
70
0
0
VERTEX
8
Layer 1
10
94.118204
20
201.623250
70
0
0
SEQEND
8
Layer 1
0
POLYLINE
8
Layer 1
62
7
70
0
10
0.000000
20
0.000000
66
1
0
VERTEX
8
Layer 1
10
102.692450
20
199.584659
70
0
0
VERTEX
8
Layer 1
10
100.386354
20
199.739837
70
0
0
VERTEX
8
Layer 1
10
98.431340
20
200.181748
70
0
0
VERTEX
8
Layer 1
10
97.125041
20
200.843115
70
0
0
VERTEX
8
Layer 1
10
96.783190
20
201.223683
70
0
0
VERTEX
8
Layer 1
10
96.666330
20
201.623250
70
0
0
SEQEND
8
Layer 1
0
POLYLINE
8
Layer 1
62
7
70
0
10
0.000000
20
0.000000
66
1
0
VERTEX
8
Layer 1
10
72.806200
20
180.907201
70
0
0
VERTEX
8
Layer 1
10
75.383764
20
180.720976
70
0
0
VERTEX
8
Layer 1
10
77.784515
20
180.186875
70
0
0
VERTEX
8
Layer 1
10
79.957023
20
179.341758
70
0
0
VERTEX
8
Layer 1
10
81.849859
20
178.222483
70
0
0
VERTEX
8
Layer 1
10
83.411591
20
176.865910
70
0
0
VERTEX
8
Layer 1
10
84.590790
20
175.308899
70
0
0
VERTEX
8
Layer 1
10
85.336025
20
173.588309
70
0
0
VERTEX
8
Layer 1
10
85.595865
20
171.741000
70
0
0
SEQEND
8
Layer 1
0
POLYLINE
8
Layer 1
62
7
70
0
10
0.000000
20
0.000000
66
1
0
VERTEX
8
Layer 1
10
72.806200
20
175.391272
70
0
0
VERTEX
8
Layer 1
10
73.238686
20
175.302153
70
0
0
VERTEX
8
Layer 1
10
73.591535
20
175.062820
70
0
0
VERTEX
8
Layer 1
10
73.829263
20
174.708915
70
0
0
VERTEX
8
Layer 1
10
73.916391
20
174.276079
70
0
0
VERTEX
8
Layer 1
10
73.829263
20
173.843242
70
0
0
VERTEX
8
Layer 1
10
73.591535
20
173.489337
70
0
0
VERTEX
8
Layer 1
10
73.238686
20
173.250004
70
0
0
VERTEX
8
Layer 1
10
72.806200
20
173.160885
70
0
0
SEQEND
8
Layer 1
0
POLYLINE
8
Layer 1
62
7
70
0
10
0.000000
20
0.000000
66
1
0
VERTEX
8
Layer 1
10
72.806200
20
177.696556
70
0
0
VERTEX
8
Layer 1
10
73.382359
20
177.542196
70
0
0
VERTEX
8
Layer 1
10
73.804137
20
177.120474
70
0
0
VERTEX
8
Layer 1
10
73.958518
20
176.544392
70
0
0
VERTEX
8
Layer 1
10
73.804137
20
175.968310
70
0
0
VERTEX
8
Layer 1
10
73.382359
20
175.546589
70
0
0
VERTEX
8
Layer 1
10
72.806200
20
175.392228
70
0
0
SEQEND
8
Layer 1
0
POLYLINE
8
Layer 1
62
7
70
0
10
0.000000
20
0.000000
66
1
0
VERTEX
8
Layer 1
10
74.197799
20
171.741000
70
0
0
VERTEX
8
Layer 1
10
74.308760
20
172.841556
70
0
0
VERTEX
8
Layer 1
10
74.626999
20
173.866618
70
0
0
VERTEX
8
Layer 1
10
75.130556
20
174.794226
70
0
0
VERTEX
8
Layer 1
10
75.797467
20
175.602421
70
0
0
VERTEX
8
Layer 1
10
76.605769
20
176.269242
70
0
0
VERTEX
8
Layer 1
10
77.533501
20
176.772731
70
0
0
VERTEX
8
Layer 1
10
78.558700
20
177.090928
70
0
0
VERTEX
8
Layer 1
10
79.659404
20
177.201873
70
0
0
VERTEX
8
Layer 1
10
80.760108
20
177.090928
70
0
0
VERTEX
8
Layer 1
10
81.785307
20
176.772731
70
0
0
VERTEX
8
Layer 1
10
82.713039
20
176.269242
70
0
0
VERTEX
8
Layer 1
10
83.521342
20
175.602421
70
0
0
VERTEX
8
Layer 1
10
84.188252
20
174.794226
70
0
0
VERTEX
8
Layer 1
10
84.691809
20
173.866618
70
0
0
VERTEX
8
Layer 1
10
85.010048
20
172.841556
70
0
0
VERTEX
8
Layer 1
10
85.121009
20
171.741000
70
0
0
SEQEND
8
Layer 1
0
POLYLINE
8
Layer 1
62
7
70
0
10
0.000000
20
0.000000
66
1
0
VERTEX
8
Layer 1
10
72.806200
20
178.721757
70
0
0
VERTEX
8
Layer 1
10
73.151014
20
178.522705
70
0
0
VERTEX
8
Layer 1
10
73.151014
20
178.124602
70
0
0
VERTEX
8
Layer 1
10
72.806200
20
177.925550
70
0
0
SEQEND
8
Layer 1
0
POLYLINE
8
Layer 1
62
7
70
0
10
0.000000
20
0.000000
66
1
0
VERTEX
8
Layer 1
10
102.692450
20
171.789887
70
0
0
VERTEX
8
Layer 1
10
101.843202
20
171.902541
70
0
0
VERTEX
8
Layer 1
10
101.065024
20
172.225896
70
0
0
VERTEX
8
Layer 1
10
100.395863
20
172.738050
70
0
0
VERTEX
8
Layer 1
10
99.873666
20
173.417095
70
0
0
VERTEX
8
Layer 1
10
99.546615
20
174.208794
70
0
0
VERTEX
8
Layer 1
10
99.437598
20
175.044303
70
0
0
VERTEX
8
Layer 1
10
99.546615
20
175.879813
70
0
0
VERTEX
8
Layer 1
10
99.873666
20
176.671511
70
0
0
VERTEX
8
Layer 1
10
100.395863
20
177.350557
70
0
0
VERTEX
8
Layer 1
10
101.065024
20
177.862710
70
0
0
VERTEX
8
Layer 1
10
101.843202
20
178.186066
70
0
0
VERTEX
8
Layer 1
10
102.692450
20
178.298720
70
0
0
SEQEND
8
Layer 1
0
POLYLINE
8
Layer 1
62
7
70
0
10
0.000000
20
0.000000
66
1
0
VERTEX
8
Layer 1
10
86.637915
20
186.682125
70
0
0
VERTEX
8
Layer 1
10
85.711086
20
186.759264
70
0
0
VERTEX
8
Layer 1
10
84.811030
20
186.985676
70
0
0
VERTEX
8
Layer 1
10
83.109463
20
187.856273
70
0
0
VERTEX
8
Layer 1
10
81.569667
20
189.233834
70
0
0
VERTEX
8
Layer 1
10
80.228092
20
191.058279
70
0
0
VERTEX
8
Layer 1
10
79.121192
20
193.269525
70
0
0
VERTEX
8
Layer 1
10
78.285418
20
195.807490
70
0
0
VERTEX
8
Layer 1
10
77.757223
20
198.612092
70
0
0
VERTEX
8
Layer 1
10
77.573057
20
201.623250
70
0
0
SEQEND
8
Layer 1
0
POLYLINE
8
Layer 1
62
7
70
0
10
0.000000
20
0.000000
66
1
0
VERTEX
8
Layer 1
10
86.637915
20
186.682125
70
0
0
VERTEX
8
Layer 1
10
88.414639
20
186.392383
70
0
0
VERTEX
8
Layer 1
10
90.106886
20
185.544800
70
0
0
VERTEX
8
Layer 1
10
91.667103
20
184.171841
70
0
0
VERTEX
8
Layer 1
10
93.047738
20
182.305971
70
0
0
VERTEX
8
Layer 1
10
94.179771
20
180.030344
70
0
0
VERTEX
8
Layer 1
10
95.012752
20
177.458721
70
0
0
VERTEX
8
Layer 1
10
95.526985
20
174.669480
70
0
0
VERTEX
8
Layer 1
10
95.702773
20
171.741000
70
0
0
SEQEND
8
Layer 1
0
POLYLINE
8
Layer 1
62
7
70
0
10
0.000000
20
0.000000
66
1
0
VERTEX
8
Layer 1
10
77.408037
20
201.623250
70
0
0
VERTEX
8
Layer 1
10
77.314544
20
197.515438
70
0
0
VERTEX
8
Layer 1
10
77.046402
20
193.689409
70
0
0
VERTEX
8
Layer 1
10
76.622115
20
190.227125
70
0
0
VERTEX
8
Layer 1
10
76.060190
20
187.210551
70
0
0
VERTEX
8
Layer 1
10
75.379131
20
184.721649
70
0
0
VERTEX
8
Layer 1
10
74.597443
20
182.842384
70
0
0
VERTEX
8
Layer 1
10
73.733631
20
181.654718
70
0
0
VERTEX
8
Layer 1
10
73.276711
20
181.345848
70
0
0
VERTEX
8
Layer 1
10
72.806200
20
181.240615
70
0
0
SEQEND
8
Layer 1
0
POLYLINE
8
Layer 1
62
7
70
0
10
0.000000
20
0.000000
66
1
0
VERTEX
8
Layer 1
10
74.515717
20
201.623250
70
0
0
VERTEX
8
Layer 1
10
74.385588
20
198.760410
70
0
0
VERTEX
8
Layer 1
10
74.015011
20
196.333411
70
0
0
VERTEX
8
Layer 1
10
73.460404
20
194.711743
70
0
0
VERTEX
8
Layer 1
10
73.141268
20
194.287361
70
0
0
VERTEX
8
Layer 1
10
72.806200
20
194.142288
70
0
0
SEQEND
8
Layer 1
0
POLYLINE
8
Layer 1
62
7
70
0
10
0.000000
20
0.000000
66
1
0
VERTEX
8
Layer 1
10
72.806200
20
198.418247
70
0
0
VERTEX
8
Layer 1
10
73.058894
20
198.272374
70
0
0
VERTEX
8
Layer 1
10
73.058894
20
197.980628
70
0
0
VERTEX
8
Layer 1
10
72.806200
20
197.834754
70
0
0
SEQEND
8
Layer 1
0
POLYLINE
8
Layer 1
62
7
70
0
10
0.000000
20
0.000000
66
1
0
VERTEX
8
Layer 1
10
75.910879
20
201.623250
70
0
0
VERTEX
8
Layer 1
10
75.674550
20
196.463670
70
0
0
VERTEX
8
Layer 1
10
75.001540
20
192.089589
70
0
0
VERTEX
8
Layer 1
10
74.528678
20
190.405858
70
0
0
VERTEX
8
Layer 1
10
73.994309
20
189.166922
70
0
0
VERTEX
8
Layer 1
10
73.414721
20
188.402077
70
0
0
VERTEX
8
Layer 1
10
72.806200
20
188.140618
70
0
0
SEQEND
8
Layer 1
0
POLYLINE
8
Layer 1
62
7
70
0
10
0.000000
20
0.000000
66
1
0
VERTEX
8
Layer 1
10
87.955468
20
171.741000
70
0
0
VERTEX
8
Layer 1
10
88.079675
20
172.677094
70
0
0
VERTEX
8
Layer 1
10
88.436193
20
173.534849
70
0
0
VERTEX
8
Layer 1
10
89.000872
20
174.272440
70
0
0
VERTEX
8
Layer 1
10
89.749558
20
174.848038
70
0
0
VERTEX
8
Layer 1
10
90.622451
20
175.208534
70
0
0
VERTEX
8
Layer 1
10
91.543647
20
175.328699
70
0
0
VERTEX
8
Layer 1
10
92.464844
20
175.208534
70
0
0
VERTEX
8
Layer 1
10
93.337737
20
174.848038
70
0
0
VERTEX
8
Layer 1
10
94.086423
20
174.272440
70
0
0
VERTEX
8
Layer 1
10
94.651102
20
173.534849
70
0
0
VERTEX
8
Layer 1
10
95.007620
20
172.677094
70
0
0
VERTEX
8
Layer 1
10
95.131826
20
171.741000
70
0
0
SEQEND
8
Layer 1
0
POLYLINE
8
Layer 1
62
7
70
0
10
0.000000
20
0.000000
66
1
0
VERTEX
8
Layer 1
10
91.759342
20
171.741000
70
0
0
VERTEX
8
Layer 1
10
91.892563
20
172.389756
70
0
0
VERTEX
8
Layer 1
10
92.251329
20
172.919140
70
0
0
VERTEX
8
Layer 1
10
92.782136
20
173.275854
70
0
0
VERTEX
8
Layer 1
10
93.431478
20
173.406602
70
0
0
VERTEX
8
Layer 1
10
94.080821
20
173.275854
70
0
0
VERTEX
8
Layer 1
10
94.611627
20
172.919140
70
0
0
VERTEX
8
Layer 1
10
94.970394
20
172.389756
70
0
0
VERTEX
8
Layer 1
10
95.103614
20
171.741000
70
0
0
SEQEND
8
Layer 1
0
POLYLINE
8
Layer 1
62
7
70
0
10
0.000000
20
0.000000
66
1
0
VERTEX
8
Layer 1
10
97.472446
20
171.741000
70
0
0
VERTEX
8
Layer 1
10
97.698730
20
172.287226
70
0
0
VERTEX
8
Layer 1
10
98.245029
20
172.513480
70
0
0
VERTEX
8
Layer 1
10
98.791328
20
172.287226
70
0
0
VERTEX
8
Layer 1
10
99.017613
20
171.741000
70
0
0
SEQEND
8
Layer 1
0
POLYLINE
8
Layer 1
62
7
70
0
10
0.000000
20
0.000000
66
1
0
VERTEX
8
Layer 1
10
97.317205
20
186.682125
70
0
0
VERTEX
8
Layer 1
10
96.269409
20
186.971867
70
0
0
VERTEX
8
Layer 1
10
95.271432
20
187.819450
70
0
0
VERTEX
8
Layer 1
10
94.351318
20
189.192409
70
0
0
VERTEX
8
Layer 1
10
93.537110
20
191.058279
70
0
0
VERTEX
8
Layer 1
10
92.869511
20
193.333906
70
0
0
VERTEX
8
Layer 1
10
92.378273
20
195.905529
70
0
0
VERTEX
8
Layer 1
10
92.075012
20
198.694770
70
0
0
VERTEX
8
Layer 1
10
91.971344
20
201.623250
70
0
0
SEQEND
8
Layer 1
0
POLYLINE
8
Layer 1
62
7
70
0
10
0.000000
20
0.000000
66
1
0
VERTEX
8
Layer 1
10
97.317205
20
186.682125
70
0
0
VERTEX
8
Layer 1
10
98.365004
20
186.392394
70
0
0
VERTEX
8
Layer 1
10
99.362985
20
185.544819
70
0
0
VERTEX
8
Layer 1
10
100.283103
20
184.171864
70
0
0
VERTEX
8
Layer 1
10
101.097315
20
182.305994
70
0
0
VERTEX
8
Layer 1
10
101.764917
20
180.030364
70
0
0
VERTEX
8
Layer 1
10
102.256158
20
177.458736
70
0
0
VERTEX
8
Layer 1
10
102.559421
20
174.669489
70
0
0
VERTEX
8
Layer 1
10
102.663090
20
171.741000
70
0
0
SEQEND
8
Layer 1
0
POLYLINE
8
Layer 1
62
7
70
0
10
0.000000
20
0.000000
66
1
0
VERTEX
8
Layer 1
10
102.692450
20
188.608096
70
0
0
VERTEX
8
Layer 1
10
101.534719
20
188.761669
70
0
0
VERTEX
8
Layer 1
10
100.473874
20
189.202482
70
0
0
VERTEX
8
Layer 1
10
99.561646
20
189.900671
70
0
0
VERTEX
8
Layer 1
10
98.849764
20
190.826375
70
0
0
VERTEX
8
Layer 1
10
98.403915
20
191.905652
70
0
0
VERTEX
8
Layer 1
10
98.255298
20
193.044654
70
0
0
VERTEX
8
Layer 1
10
98.403915
20
194.183655
70
0
0
VERTEX
8
Layer 1
10
98.849764
20
195.262933
70
0
0
VERTEX
8
Layer 1
10
99.561646
20
196.188636
70
0
0
VERTEX
8
Layer 1
10
100.473874
20
196.886826
70
0
0
VERTEX
8
Layer 1
10
101.534719
20
197.327638
70
0
0
VERTEX
8
Layer 1
10
102.692450
20
197.481212
70
0
0
SEQEND
8
Layer 1
0
POLYLINE
8
Layer 1
62
7
70
0
10
0.000000
20
0.000000
66
1
0
VERTEX
8
Layer 1
10
102.692450
20
188.908974
70
0
0
VERTEX
8
Layer 1
10
101.784415
20
189.029425
70
0
0
VERTEX
8
Layer 1
10
100.952371
20
189.375165
70
0
0
VERTEX
8
Layer 1
10
100.236890
20
189.922770
70
0
0
VERTEX
8
Layer 1
10
99.678545
20
190.648820
70
0
0
VERTEX
8
Layer 1
10
99.328855
20
191.495322
70
0
0
VERTEX
8
Layer 1
10
99.212292
20
192.388667
70
0
0
VERTEX
8
Layer 1
10
99.328855
20
193.282011
70
0
0
VERTEX
8
Layer 1
10
99.678545
20
194.128513
70
0
0
VERTEX
8
Layer 1
10
100.236890
20
194.854563
70
0
0
VERTEX
8
Layer 1
10
100.952371
20
195.402169
70
0
0
VERTEX
8
Layer 1
10
101.784415
20
195.747908
70
0
0
VERTEX
8
Layer 1
10
102.692450
20
195.868359
70
0
0
SEQEND
8
Layer 1
0
POLYLINE
8
Layer 1
62
7
70
0
10
0.000000
20
0.000000
66
1
0
VERTEX
8
Layer 1
10
102.692450
20
188.404825
70
0
0
VERTEX
8
Layer 1
10
100.771588
20
188.661160
70
0
0
VERTEX
8
Layer 1
10
98.942056
20
189.411017
70
0
0
VERTEX
8
Layer 1
10
97.255266
20
190.625675
70
0
0
VERTEX
8
Layer 1
10
95.762626
20
192.276412
70
0
0
VERTEX
8
Layer 1
10
94.538756
20
194.289661
70
0
0
VERTEX
8
Layer 1
10
93.638198
20
196.564778
70
0
0
VERTEX
8
Layer 1
10
93.082248
20
199.032421
70
0
0
VERTEX
8
Layer 1
10
92.892199
20
201.623250
70
0
0
SEQEND
8
Layer 1
0
POLYLINE
8
Layer 1
62
7
70
0
10
0.000000
20
0.000000
66
1
0
VERTEX
8
Layer 1
10
83.028230
20
201.623250
70
0
0
VERTEX
8
Layer 1
10
82.745721
20
200.569052
70
0
0
VERTEX
8
Layer 1
10
81.973891
20
199.797326
70
0
0
VERTEX
8
Layer 1
10
80.919552
20
199.514854
70
0
0
VERTEX
8
Layer 1
10
79.865213
20
199.797326
70
0
0
VERTEX
8
Layer 1
10
79.093383
20
200.569052
70
0
0
VERTEX
8
Layer 1
10
78.810874
20
201.623250
70
0
0
SEQEND
8
Layer 1
0
POLYLINE
8
Layer 1
62
7
70
0
10
0.000000
20
0.000000
66
1
0
VERTEX
8
Layer 1
10
90.931828
20
201.623250
70
0
0
VERTEX
8
Layer 1
10
90.838789
20
201.402754
70
0
0
VERTEX
8
Layer 1
10
90.617461
20
201.311654
70
0
0
VERTEX
8
Layer 1
10
90.396132
20
201.402754
70
0
0
VERTEX
8
Layer 1
10
90.303093
20
201.623250
70
0
0
SEQEND
8
Layer 1
0
POLYLINE
8
Layer 1
62
7
70
0
10
0.000000
20
0.000000
66
1
0
VERTEX
8
Layer 1
10
102.692450
20
191.893183
70
0
0
VERTEX
8
Layer 1
10
103.219903
20
191.794572
70
0
0
VERTEX
8
Layer 1
10
103.738423
20
191.502387
70
0
0
VERTEX
8
Layer 1
10
104.734663
20
190.359189
70
0
0
VERTEX
8
Layer 1
10
105.653176
20
188.507380
70
0
0
VERTEX
8
Layer 1
10
106.465968
20
185.990745
70
0
0
VERTEX
8
Layer 1
10
107.132406
20
182.921441
70
0
0
VERTEX
8
Layer 1
10
107.622789
20
179.452907
70
0
0
VERTEX
8
Layer 1
10
107.925523
20
175.690855
70
0
0
VERTEX
8
Layer 1
10
108.029011
20
171.741000
70
0
0
SEQEND
8
Layer 1
0
POLYLINE
8
Layer 1
62
7
70
0
10
0.000000
20
0.000000
66
1
0
VERTEX
8
Layer 1
10
132.578700
20
178.842409
70
0
0
VERTEX
8
Layer 1
10
129.649828
20
179.025002
70
0
0
VERTEX
8
Layer 1
10
126.860214
20
179.559141
70
0
0
VERTEX
8
Layer 1
10
124.288247
20
180.424366
70
0
0
VERTEX
8
Layer 1
10
122.012315
20
181.600219
70
0
0
VERTEX
8
Layer 1
10
120.146195
20
183.034298
70
0
0
VERTEX
8
Layer 1
10
118.773053
20
184.654910
70
0
0
VERTEX
8
Layer 1
10
117.925356
20
186.412662
70
0
0
VERTEX
8
Layer 1
10
117.635575
20
188.258163
70
0
0
SEQEND
8
Layer 1
0
POLYLINE
8
Layer 1
62
7
70
0
10
0.000000
20
0.000000
66
1
0
VERTEX
8
Layer 1
10
102.692450
20
197.673916
70
0
0
VERTEX
8
Layer 1
10
105.621322
20
197.491323
70
0
0
VERTEX
8
Layer 1
10
108.410936
20
196.957185
70
0
0
VERTEX
8
Layer 1
10
110.982903
20
196.091959
70
0
0
VERTEX
8
Layer 1
10
113.258835
20
194.916106
70
0
0
VERTEX
8
Layer 1
10
115.124955
20
193.482028
70
0
0
VERTEX
8
Layer 1
10
116.498097
20
191.861416
70
0
0
VERTEX
8
Layer 1
10
117.345794
20
190.103663
70
0
0
VERTEX
8
Layer 1
10
117.635575
20
188.258163
70
0
0
SEQEND
8
Layer 1
0
POLYLINE
8
Layer 1
62
7
70
0
10
0.000000
20
0.000000
66
1
0
VERTEX
8
Layer 1
10
122.502252
20
201.623250
70
0
0
VERTEX
8
Layer 1
10
122.251315
20
200.395642
70
0
0
VERTEX
8
Layer 1
10
121.573231
20
199.393713
70
0
0
VERTEX
8
Layer 1
10
120.569306
20
198.718477
70
0
0
VERTEX
8
Layer 1
10
119.340849
20
198.470951
70
0
0
VERTEX
8
Layer 1
10
118.112391
20
198.718477
70
0
0
VERTEX
8
Layer 1
10
117.108466
20
199.393713
70
0
0
VERTEX
8
Layer 1
10
116.430382
20
200.395642
70
0
0
VERTEX
8
Layer 1
10
116.179445
20
201.623250
70
0
0
SEQEND
8
Layer 1
0
POLYLINE
8
Layer 1
62
7
70
0
10
0.000000
20
0.000000
66
1
0
VERTEX
8
Layer 1
10
121.543405
20
201.623250
70
0
0
VERTEX
8
Layer 1
10
121.344141
20
200.649890
70
0
0
VERTEX
8
Layer 1
10
120.806289
20
199.855522
70
0
0
VERTEX
8
Layer 1
10
120.010157
20
199.320197
70
0
0
VERTEX
8
Layer 1
10
119.036057
20
199.123966
70
0
0
VERTEX
8
Layer 1
10
118.061956
20
199.320197
70
0
0
VERTEX
8
Layer 1
10
117.265824
20
199.855522
70
0
0
VERTEX
8
Layer 1
10
116.727972
20
200.649890
70
0
0
VERTEX
8
Layer 1
10
116.528708
20
201.623250
70
0
0
SEQEND
8
Layer 1
0
POLYLINE
8
Layer 1
62
7
70
0
10
0.000000
20
0.000000
66
1
0
VERTEX
8
Layer 1
10
120.609305
20
201.623250
70
0
0
VERTEX
8
Layer 1
10
120.335714
20
201.149440
70
0
0
VERTEX
8
Layer 1
10
119.788533
20
201.149440
70
0
0
VERTEX
8
Layer 1
10
119.514942
20
201.623250
70
0
0
SEQEND
8
Layer 1
0
POLYLINE
8
Layer 1
62
7
70
0
10
0.000000
20
0.000000
66
1
0
VERTEX
8
Layer 1
10
132.578700
20
194.976362
70
0
0
VERTEX
8
Layer 1
10
127.819329
20
195.105260
70
0
0
VERTEX
8
Layer 1
10
123.286251
20
195.482326
70
0
0
VERTEX
8
Layer 1
10
119.106846
20
196.093117
70
0
0
VERTEX
8
Layer 1
10
115.408493
20
196.923190
70
0
0
VERTEX
8
Layer 1
10
112.376079
20
197.935553
70
0
0
VERTEX
8
Layer 1
10
110.144744
20
199.079596
70
0
0
VERTEX
8
Layer 1
10
109.345969
20
199.690101
70
0
0
VERTEX
8
Layer 1
10
108.767250
20
200.320451
70
0
0
VERTEX
8
Layer 1
10
108.415183
20
200.966287
70
0
0
VERTEX
8
Layer 1
10
108.296361
20
201.623250
70
0
0
SEQEND
8
Layer 1
0
POLYLINE
8
Layer 1
62
7
70
0
10
0.000000
20
0.000000
66
1
0
VERTEX
8
Layer 1
10
132.578700
20
183.908215
70
0
0
VERTEX
8
Layer 1
10
130.169712
20
183.994901
70
0
0
VERTEX
8
Layer 1
10
127.801526
20
184.251750
70
0
0
VERTEX
8
Layer 1
10
125.490126
20
184.673951
70
0
0
VERTEX
8
Layer 1
10
123.251492
20
185.256692
70
0
0
VERTEX
8
Layer 1
10
121.101607
20
185.995162
70
0
0
VERTEX
8
Layer 1
10
119.056453
20
186.884549
70
0
0
VERTEX
8
Layer 1
10
117.132013
20
187.920042
70
0
0
VERTEX
8
Layer 1
10
115.344267
20
189.096829
70
0
0
VERTEX
8
Layer 1
10
113.725189
20
190.396208
70
0
0
VERTEX
8
Layer 1
10
112.300509
20
191.794940
70
0
0
VERTEX
8
Layer 1
10
111.076849
20
193.281409
70
0
0
VERTEX
8
Layer 1
10
110.060828
20
194.844000
70
0
0
VERTEX
8
Layer 1
10
109.259065
20
196.471095
70
0
0
VERTEX
8
Layer 1
10
108.678182
20
198.151080
70
0
0
VERTEX
8
Layer 1
10
108.324797
20
199.872336
70
0
0
VERTEX
8
Layer 1
10
108.205531
20
201.623250
70
0
0
SEQEND
8
Layer 1
0
POLYLINE
8
Layer 1
62
7
70
0
10
0.000000
20
0.000000
66
1
0
VERTEX
8
Layer 1
10
132.578700
20
183.280258
70
0
0
VERTEX
8
Layer 1
10
129.911244
20
183.374961
70
0
0
VERTEX
8
Layer 1
10
127.320842
20
183.652922
70
0
0
VERTEX
8
Layer 1
10
124.820609
20
184.104923
70
0
0
VERTEX
8
Layer 1
10
122.423656
20
184.721741
70
0
0
VERTEX
8
Layer 1
10
120.143100
20
185.494158
70
0
0
VERTEX
8
Layer 1
10
117.992053
20
186.412953
70
0
0
VERTEX
8
Layer 1
10
115.983629
20
187.468906
70
0
0
VERTEX
8
Layer 1
10
114.130941
20
188.652796
70
0
0
VERTEX
8
Layer 1
10
112.447105
20
189.955404
70
0
0
VERTEX
8
Layer 1
10
110.945233
20
191.367509
70
0
0
VERTEX
8
Layer 1
10
109.638439
20
192.879891
70
0
0
VERTEX
8
Layer 1
10
108.539838
20
194.483330
70
0
0
VERTEX
8
Layer 1
10
107.662543
20
196.168605
70
0
0
VERTEX
8
Layer 1
10
107.019667
20
197.926497
70
0
0
VERTEX
8
Layer 1
10
106.624324
20
199.747786
70
0
0
VERTEX
8
Layer 1
10
106.489630
20
201.623250
70
0
0
SEQEND
8
Layer 1
0
POLYLINE
8
Layer 1
62
7
70
0
10
0.000000
20
0.000000
66
1
0
VERTEX
8
Layer 1
10
103.891702
20
201.623250
70
0
0
VERTEX
8
Layer 1
10
103.800414
20
200.843115
70
0
0
VERTEX
8
Layer 1
10
103.540449
20
200.181748
70
0
0
VERTEX
8
Layer 1
10
103.151384
20
199.739837
70
0
0
VERTEX
8
Layer 1
10
102.692450
20
199.584659
70
0
0
SEQEND
8
Layer 1
0
POLYLINE
8
Layer 1
62
7
70
0
10
0.000000
20
0.000000
66
1
0
VERTEX
8
Layer 1
10
132.578700
20
183.915698
70
0
0
VERTEX
8
Layer 1
10
131.518411
20
184.056346
70
0
0
VERTEX
8
Layer 1
10
130.546853
20
184.460057
70
0
0
VERTEX
8
Layer 1
10
129.711404
20
185.099482
70
0
0
VERTEX
8
Layer 1
10
129.059438
20
185.947273
70
0
0
VERTEX
8
Layer 1
10
128.651115
20
186.935711
70
0
0
VERTEX
8
Layer 1
10
128.515007
20
187.978847
70
0
0
VERTEX
8
Layer 1
10
128.651115
20
189.021983
70
0
0
VERTEX
8
Layer 1
10
129.059438
20
190.010422
70
0
0
VERTEX
8
Layer 1
10
129.711404
20
190.858213
70
0
0
VERTEX
8
Layer 1
10
130.546853
20
191.497638
70
0
0
VERTEX
8
Layer 1
10
131.518411
20
191.901349
70
0
0
VERTEX
8
Layer 1
10
132.578700
20
192.041997
70
0
0
SEQEND
8
Layer 1
0
POLYLINE
8
Layer 1
62
7
70
0
10
0.000000
20
0.000000
66
1
0
VERTEX
8
Layer 1
10
132.578700
20
188.448142
70
0
0
VERTEX
8
Layer 1
10
132.462478
20
188.564348
70
0
0
VERTEX
8
Layer 1
10
132.578700
20
188.680554
70
0
0
SEQEND
8
Layer 1
0
POLYLINE
8
Layer 1
62
7
70
0
10
0.000000
20
0.000000
66
1
0
VERTEX
8
Layer 1
10
114.827272
20
201.623250
70
0
0
VERTEX
8
Layer 1
10
114.748963
20
201.033069
70
0
0
VERTEX
8
Layer 1
10
114.524188
20
200.492279
70
0
0
VERTEX
8
Layer 1
10
114.168174
20
200.027249
70
0
0
VERTEX
8
Layer 1
10
113.696149
20
199.664350
70
0
0
VERTEX
8
Layer 1
10
113.145814
20
199.437068
70
0
0
VERTEX
8
Layer 1
10
112.565026
20
199.361307
70
0
0
VERTEX
8
Layer 1
10
111.984238
20
199.437068
70
0
0
VERTEX
8
Layer 1
10
111.433903
20
199.664350
70
0
0
VERTEX
8
Layer 1
10
110.961878
20
200.027249
70
0
0
VERTEX
8
Layer 1
10
110.605864
20
200.492279
70
0
0
VERTEX
8
Layer 1
10
110.381089
20
201.033069
70
0
0
VERTEX
8
Layer 1
10
110.302780
20
201.623250
70
0
0
SEQEND
8
Layer 1
0
POLYLINE
8
Layer 1
62
7
70
0
10
0.000000
20
0.000000
66
1
0
VERTEX
8
Layer 1
10
114.188399
20
201.623250
70
0
0
VERTEX
8
Layer 1
10
114.092668
20
201.457460
70
0
0
VERTEX
8
Layer 1
10
113.901204
20
201.457460
70
0
0
VERTEX
8
Layer 1
10
113.805473
20
201.623250
70
0
0
SEQEND
8
Layer 1
0
POLYLINE
8
Layer 1
62
7
70
0
10
0.000000
20
0.000000
66
1
0
VERTEX
8
Layer 1
10
132.578700
20
201.417421
70
0
0
VERTEX
8
Layer 1
10
132.424718
20
201.477707
70
0
0
VERTEX
8
Layer 1
10
132.360937
20
201.623250
70
0
0
SEQEND
8
Layer 1
0
POLYLINE
8
Layer 1
62
7
70
0
10
0.000000
20
0.000000
66
1
0
VERTEX
8
Layer 1
10
132.578700
20
195.338511
70
0
0
VERTEX
8
Layer 1
10
127.868693
20
195.460386
70
0
0
VERTEX
8
Layer 1
10
123.382633
20
195.816908
70
0
0
VERTEX
8
Layer 1
10
119.246577
20
196.394421
70
0
0
VERTEX
8
Layer 1
10
115.586583
20
197.179268
70
0
0
VERTEX
8
Layer 1
10
112.585621
20
198.136474
70
0
0
VERTEX
8
Layer 1
10
110.377430
20
199.218184
70
0
0
VERTEX
8
Layer 1
10
109.586940
20
199.795427
70
0
0
VERTEX
8
Layer 1
10
109.014224
20
200.391433
70
0
0
VERTEX
8
Layer 1
10
108.665808
20
201.002081
70
0
0
VERTEX
8
Layer 1
10
108.548218
20
201.623250
70
0
0
SEQEND
8
Layer 1
0
POLYLINE
8
Layer 1
62
7
70
0
10
0.000000
20
0.000000
66
1
0
VERTEX
8
Layer 1
10
102.692450
20
195.868359
70
0
0
VERTEX
8
Layer 1
10
104.834761
20
195.750296
70
0
0
VERTEX
8
Layer 1
10
106.940787
20
195.400475
70
0
0
VERTEX
8
Layer 1
10
108.996313
20
194.825450
70
0
0
VERTEX
8
Layer 1
10
110.987128
20
194.031773
70
0
0
VERTEX
8
Layer 1
10
112.899019
20
193.025999
70
0
0
VERTEX
8
Layer 1
10
114.717772
20
191.814679
70
0
0
VERTEX
8
Layer 1
10
116.429176
20
190.404368
70
0
0
VERTEX
8
Layer 1
10
118.019017
20
188.801619
70
0
0
VERTEX
8
Layer 1
10
119.458862
20
187.031903
70
0
0
VERTEX
8
Layer 1
10
120.725828
20
185.126871
70
0
0
VERTEX
8
Layer 1
10
121.814028
20
183.102343
70
0
0
VERTEX
8
Layer 1
10
122.717575
20
180.974141
70
0
0
VERTEX
8
Layer 1
10
123.430581
20
178.758084
70
0
0
VERTEX
8
Layer 1
10
123.947161
20
176.469995
70
0
0
VERTEX
8
Layer 1
10
124.261425
20
174.125693
70
0
0
VERTEX
8
Layer 1
10
124.367489
20
171.741000
70
0
0
SEQEND
8
Layer 1
0
POLYLINE
8
Layer 1
62
7
70
0
10
0.000000
20
0.000000
66
1
0
VERTEX
8
Layer 1
10
102.692450
20
195.846509
70
0
0
VERTEX
8
Layer 1
10
104.566059
20
195.728553
70
0
0
VERTEX
8
Layer 1
10
106.407933
20
195.379049
70
0
0
VERTEX
8
Layer 1
10
108.205643
20
194.804544
70
0
0
VERTEX
8
Layer 1
10
109.946757
20
194.011586
70
0
0
VERTEX
8
Layer 1
10
111.618846
20
193.006723
70
0
0
VERTEX
8
Layer 1
10
113.209480
20
191.796500
70
0
0
VERTEX
8
Layer 1
10
114.706229
20
190.387467
70
0
0
VERTEX
8
Layer 1
10
116.096662
20
188.786169
70
0
0
VERTEX
8
Layer 1
10
117.355912
20
187.018056
70
0
0
VERTEX
8
Layer 1
10
118.463967
20
185.114749
70
0
0
VERTEX
8
Layer 1
10
119.415678
20
183.092054
70
0
0
VERTEX
8
Layer 1
10
120.205897
20
180.965779
70
0
0
VERTEX
8
Layer 1
10
120.829473
20
178.751729
70
0
0
VERTEX
8
Layer 1
10
121.281260
20
176.465712
70
0
0
VERTEX
8
Layer 1
10
121.556108
20
174.123533
70
0
0
VERTEX
8
Layer 1
10
121.648868
20
171.741000
70
0
0
SEQEND
8
Layer 1
0
POLYLINE
8
Layer 1
62
7
70
0
10
0.000000
20
0.000000
66
1
0
VERTEX
8
Layer 1
10
117.796554
20
171.741000
70
0
0
VERTEX
8
Layer 1
10
117.905418
20
172.147231
70
0
0
VERTEX
8
Layer 1
10
118.202840
20
172.444613
70
0
0
VERTEX
8
Layer 1
10
118.609126
20
172.553463
70
0
0
VERTEX
8
Layer 1
10
119.015411
20
172.444613
70
0
0
VERTEX
8
Layer 1
10
119.312833
20
172.147231
70
0
0
VERTEX
8
Layer 1
10
119.421697
20
171.741000
70
0
0
SEQEND
8
Layer 1
0
POLYLINE
8
Layer 1
62
7
70
0
10
0.000000
20
0.000000
66
1
0
VERTEX
8
Layer 1
10
102.692450
20
194.938376
70
0
0
VERTEX
8
Layer 1
10
104.006269
20
194.824863
70
0
0
VERTEX
8
Layer 1
10
105.297834
20
194.488526
70
0
0
VERTEX
8
Layer 1
10
106.558431
20
193.935665
70
0
0
VERTEX
8
Layer 1
10
107.779341
20
193.172580
70
0
0
VERTEX
8
Layer 1
10
108.951849
20
192.205573
70
0
0
VERTEX
8
Layer 1
10
110.067239
20
191.040944
70
0
0
VERTEX
8
Layer 1
10
111.116795
20
189.684993
70
0
0
VERTEX
8
Layer 1
10
112.091799
20
188.144022
70
0
0
VERTEX
8
Layer 1
10
112.974815
20
186.442519
70
0
0
VERTEX
8
Layer 1
10
113.751809
20
184.610916
70
0
0
VERTEX
8
Layer 1
10
114.973291
20
180.618251
70
0
0
VERTEX
8
Layer 1
10
115.727361
20
176.287717
70
0
0
VERTEX
8
Layer 1
10
115.985137
20
171.741000
70
0
0
SEQEND
8
Layer 1
0
POLYLINE
8
Layer 1
62
7
70
0
10
0.000000
20
0.000000
66
1
0
VERTEX
8
Layer 1
10
102.692450
20
194.676966
70
0
0
VERTEX
8
Layer 1
10
103.754895
20
194.564732
70
0
0
VERTEX
8
Layer 1
10
104.799345
20
194.232185
70
0
0
VERTEX
8
Layer 1
10
105.818751
20
193.685554
70
0
0
VERTEX
8
Layer 1
10
106.806064
20
192.931069
70
0
0
VERTEX
8
Layer 1
10
107.754236
20
191.974959
70
0
0
VERTEX
8
Layer 1
10
108.656217
20
190.823454
70
0
0
VERTEX
8
Layer 1
10
110.293417
20
187.959177
70
0
0
VERTEX
8
Layer 1
10
111.635817
20
184.465885
70
0
0
VERTEX
8
Layer 1
10
112.623592
20
180.518214
70
0
0
VERTEX
8
Layer 1
10
113.233386
20
176.236480
70
0
0
VERTEX
8
Layer 1
10
113.441841
20
171.741000
70
0
0
SEQEND
8
Layer 1
0
POLYLINE
8
Layer 1
62
7
70
0
10
0.000000
20
0.000000
66
1
0
VERTEX
8
Layer 1
10
122.180030
20
171.741000
70
0
0
VERTEX
8
Layer 1
10
122.282564
20
171.918570
70
0
0
VERTEX
8
Layer 1
10
122.487632
20
171.918570
70
0
0
VERTEX
8
Layer 1
10
122.590165
20
171.741000
70
0
0
SEQEND
8
Layer 1
0
POLYLINE
8
Layer 1
62
7
70
0
10
0.000000
20
0.000000
66
1
0
VERTEX
8
Layer 1
10
126.206999
20
171.741000
70
0
0
VERTEX
8
Layer 1
10
128.073227
20
171.998092
70
0
0
VERTEX
8
Layer 1
10
132.578700
20
172.104583
70
0
0
SEQEND
8
Layer 1
0
POLYLINE
8
Layer 1
62
7
70
0
10
0.000000
20
0.000000
66
1
0
VERTEX
8
Layer 1
10
127.382055
20
171.741000
70
0
0
VERTEX
8
Layer 1
10
127.546582
20
172.138150
70
0
0
VERTEX
8
Layer 1
10
127.943785
20
172.302655
70
0
0
VERTEX
8
Layer 1
10
128.340988
20
172.138150
70
0
0
VERTEX
8
Layer 1
10
128.505515
20
171.741000
70
0
0
SEQEND
8
Layer 1
0
POLYLINE
8
Layer 1
62
7
70
0
10
0.000000
20
0.000000
66
1
0
VERTEX
8
Layer 1
10
131.388988
20
171.741000
70
0
0
VERTEX
8
Layer 1
10
131.475930
20
171.946916
70
0
0
VERTEX
8
Layer 1
10
131.682650
20
172.031986
70
0
0
VERTEX
8
Layer 1
10
131.889371
20
171.946916
70
0
0
VERTEX
8
Layer 1
10
131.976313
20
171.741000
70
0
0
SEQEND
8
Layer 1
0
POLYLINE
8
Layer 1
62
7
70
0
10
0.000000
20
0.000000
66
1
0
VERTEX
8
Layer 1
10
132.578700
20
177.875706
70
0
0
VERTEX
8
Layer 1
10
129.649823
20
178.065804
70
0
0
VERTEX
8
Layer 1
10
126.860205
20
178.621898
70
0
0
VERTEX
8
Layer 1
10
124.288235
20
179.522687
70
0
0
VERTEX
8
Layer 1
10
122.012302
20
180.746871
70
0
0
VERTEX
8
Layer 1
10
120.146183
20
182.239894
70
0
0
VERTEX
8
Layer 1
10
118.773042
20
183.927117
70
0
0
VERTEX
8
Layer 1
10
117.925350
20
185.757117
70
0
0
VERTEX
8
Layer 1
10
117.635575
20
187.678471
70
0
0
SEQEND
8
Layer 1
0
POLYLINE
8
Layer 1
62
7
70
0
10
0.000000
20
0.000000
66
1
0
VERTEX
8
Layer 1
10
102.692450
20
197.481212
70
0
0
VERTEX
8
Layer 1
10
105.621322
20
197.291114
70
0
0
VERTEX
8
Layer 1
10
108.410936
20
196.735022
70
0
0
VERTEX
8
Layer 1
10
110.982903
20
195.834236
70
0
0
VERTEX
8
Layer 1
10
113.258835
20
194.610055
70
0
0
VERTEX
8
Layer 1
10
115.124955
20
193.117036
70
0
0
VERTEX
8
Layer 1
10
116.498097
20
191.429817
70
0
0
VERTEX
8
Layer 1
10
117.345794
20
189.599821
70
0
0
VERTEX
8
Layer 1
10
117.635575
20
187.678471
70
0
0
SEQEND
8
Layer 1
0
POLYLINE
8
Layer 1
62
7
70
0
10
0.000000
20
0.000000
66
1
0
VERTEX
8
Layer 1
10
102.692450
20
191.439379
70
0
0
VERTEX
8
Layer 1
10
102.900939
20
191.228685
70
0
0
VERTEX
8
Layer 1
10
102.692450
20
191.017992
70
0
0
SEQEND
8
Layer 1
0
POLYLINE
8
Layer 1
62
7
70
0
10
0.000000
20
0.000000
66
1
0
VERTEX
8
Layer 1
10
102.692450
20
188.908974
70
0
0
VERTEX
8
Layer 1
10
104.076837
20
188.725335
70
0
0
VERTEX
8
Layer 1
10
105.345369
20
188.198222
70
0
0
VERTEX
8
Layer 1
10
106.436189
20
187.363344
70
0
0
VERTEX
8
Layer 1
10
107.287440
20
186.256411
70
0
0
VERTEX
8
Layer 1
10
107.820576
20
184.965837
70
0
0
VERTEX
8
Layer 1
10
107.998287
20
183.603847
70
0
0
VERTEX
8
Layer 1
10
107.820576
20
182.241856
70
0
0
VERTEX
8
Layer 1
10
107.287440
20
180.951283
70
0
0
VERTEX
8
Layer 1
10
106.436189
20
179.844349
70
0
0
VERTEX
8
Layer 1
10
105.345369
20
179.009472
70
0
0
VERTEX
8
Layer 1
10
104.076837
20
178.482359
70
0
0
VERTEX
8
Layer 1
10
102.692450
20
178.298720
70
0
0
SEQEND
8
Layer 1
0
POLYLINE
8
Layer 1
62
7
70
0
10
0.000000
20
0.000000
66
1
0
VERTEX
8
Layer 1
10
102.692450
20
188.608120
70
0
0
VERTEX
8
Layer 1
10
102.792552
20
188.506484
70
0
0
VERTEX
8
Layer 1
10
102.692450
20
188.404849
70
0
0
SEQEND
8
Layer 1
0
POLYLINE
8
Layer 1
62
7
70
0
10
0.000000
20
0.000000
66
1
0
VERTEX
8
Layer 1
10
102.692450
20
171.789887
70
0
0
VERTEX
8
Layer 1
10
105.335196
20
171.775569
70
0
0
VERTEX
8
Layer 1
10
106.429857
20
171.741000
70
0
0
SEQEND
8
Layer 1
0
POLYLINE
8
Layer 1
62
7
70
0
10
0.000000
20
0.000000
66
1
0
VERTEX
8
Layer 1
10
148.803802
20
201.623250
70
0
0
VERTEX
8
Layer 1
10
148.591078
20
200.020039
70
0
0
VERTEX
8
Layer 1
10
147.980484
20
198.550996
70
0
0
VERTEX
8
Layer 1
10
147.013382
20
197.287755
70
0
0
VERTEX
8
Layer 1
10
145.731137
20
196.301950
70
0
0
VERTEX
8
Layer 1
10
144.236168
20
195.684544
70
0
0
VERTEX
8
Layer 1
10
142.658471
20
195.478742
70
0
0
VERTEX
8
Layer 1
10
141.080775
20
195.684544
70
0
0
VERTEX
8
Layer 1
10
139.585806
20
196.301950
70
0
0
VERTEX
8
Layer 1
10
138.303561
20
197.287755
70
0
0
VERTEX
8
Layer 1
10
137.336459
20
198.550996
70
0
0
VERTEX
8
Layer 1
10
136.725865
20
200.020039
70
0
0
VERTEX
8
Layer 1
10
136.513141
20
201.623250
70
0
0
SEQEND
8
Layer 1
0
POLYLINE
8
Layer 1
62
7
70
0
10
0.000000
20
0.000000
66
1
0
VERTEX
8
Layer 1
10
145.740485
20
201.623250
70
0
0
VERTEX
8
Layer 1
10
145.694813
20
201.544154
70
0
0
VERTEX
8
Layer 1
10
145.603468
20
201.544154
70
0
0
VERTEX
8
Layer 1
10
145.557796
20
201.623250
70
0
0
SEQEND
8
Layer 1
0
POLYLINE
8
Layer 1
62
7
70
0
10
0.000000
20
0.000000
66
1
0
VERTEX
8
Layer 1
10
139.542914
20
201.623250
70
0
0
VERTEX
8
Layer 1
10
139.265766
20
201.143281
70
0
0
VERTEX
8
Layer 1
10
138.711472
20
201.143281
70
0
0
VERTEX
8
Layer 1
10
138.434325
20
201.623250
70
0
0
SEQEND
8
Layer 1
0
POLYLINE
8
Layer 1
62
7
70
0
10
0.000000
20
0.000000
66
1
0
VERTEX
8
Layer 1
10
144.121965
20
201.623250
70
0
0
VERTEX
8
Layer 1
10
144.013588
20
200.806457
70
0
0
VERTEX
8
Layer 1
10
143.702506
20
200.058018
70
0
0
VERTEX
8
Layer 1
10
143.209793
20
199.414430
70
0
0
VERTEX
8
Layer 1
10
142.556523
20
198.912188
70
0
0
VERTEX
8
Layer 1
10
141.794876
20
198.597636
70
0
0
VERTEX
8
Layer 1
10
140.991082
20
198.492785
70
0
0
VERTEX
8
Layer 1
10
140.187287
20
198.597636
70
0
0
VERTEX
8
Layer 1
10
139.425640
20
198.912188
70
0
0
VERTEX
8
Layer 1
10
138.772370
20
199.414430
70
0
0
VERTEX
8
Layer 1
10
138.279657
20
200.058018
70
0
0
VERTEX
8
Layer 1
10
137.968575
20
200.806457
70
0
0
VERTEX
8
Layer 1
10
137.860198
20
201.623250
70
0
0
SEQEND
8
Layer 1
0
POLYLINE
8
Layer 1
62
7
70
0
10
0.000000
20
0.000000
66
1
0
VERTEX
8
Layer 1
10
160.857357
20
201.623250
70
0
0
VERTEX
8
Layer 1
10
160.718980
20
198.705692
70
0
0
VERTEX
8
Layer 1
10
160.308970
20
195.837552
70
0
0
VERTEX
8
Layer 1
10
159.635007
20
193.038184
70
0
0
VERTEX
8
Layer 1
10
158.704772
20
190.326945
70
0
0
VERTEX
8
Layer 1
10
157.525946
20
187.723192
70
0
0
VERTEX
8
Layer 1
10
156.106210
20
185.246279
70
0
0
VERTEX
8
Layer 1
10
154.453245
20
182.915563
70
0
0
VERTEX
8
Layer 1
10
152.574730
20
180.750401
70
0
0
VERTEX
8
Layer 1
10
150.500521
20
178.789514
70
0
0
VERTEX
8
Layer 1
10
148.267713
20
177.064066
70
0
0
VERTEX
8
Layer 1
10
145.894850
20
175.582075
70
0
0
VERTEX
8
Layer 1
10
143.400473
20
174.351558
70
0
0
VERTEX
8
Layer 1
10
140.803127
20
173.380533
70
0
0
VERTEX
8
Layer 1
10
138.121355
20
172.677017
70
0
0
VERTEX
8
Layer 1
10
135.373698
20
172.249028
70
0
0
VERTEX
8
Layer 1
10
132.578700
20
172.104583
70
0
0
SEQEND
8
Layer 1
0
POLYLINE
8
Layer 1
62
7
70
0
10
0.000000
20
0.000000
66
1
0
VERTEX
8
Layer 1
10
156.381209
20
171.741000
70
0
0
VERTEX
8
Layer 1
10
156.504809
20
177.181618
70
0
0
VERTEX
8
Layer 1
10
156.859300
20
182.249027
70
0
0
VERTEX
8
Layer 1
10
157.420217
20
186.834671
70
0
0
VERTEX
8
Layer 1
10
158.163096
20
190.829992
70
0
0
VERTEX
8
Layer 1
10
159.063473
20
194.126434
70
0
0
VERTEX
8
Layer 1
10
160.096884
20
196.615439
70
0
0
VERTEX
8
Layer 1
10
160.655832
20
197.523229
70
0
0
VERTEX
8
Layer 1
10
161.238864
20
198.188451
70
0
0
VERTEX
8
Layer 1
10
161.842923
20
198.597535
70
0
0
VERTEX
8
Layer 1
10
162.464950
20
198.736912
70
0
0
SEQEND
8
Layer 1
0
POLYLINE
8
Layer 1
62
7
70
0
10
0.000000
20
0.000000
66
1
0
VERTEX
8
Layer 1
10
162.464950
20
176.974936
70
0
0
VERTEX
8
Layer 1
10
161.519451
20
177.100357
70
0
0
VERTEX
8
Layer 1
10
160.653078
20
177.460360
70
0
0
VERTEX
8
Layer 1
10
159.908077
20
178.030559
70
0
0
VERTEX
8
Layer 1
10
159.326696
20
178.786565
70
0
0
VERTEX
8
Layer 1
10
158.962579
20
179.667992
70
0
0
VERTEX
8
Layer 1
10
158.841206
20
180.598195
70
0
0
VERTEX
8
Layer 1
10
158.962579
20
181.528397
70
0
0
VERTEX
8
Layer 1
10
159.326696
20
182.409824
70
0
0
VERTEX
8
Layer 1
10
159.908077
20
183.165830
70
0
0
VERTEX
8
Layer 1
10
160.653078
20
183.736029
70
0
0
VERTEX
8
Layer 1
10
161.519451
20
184.096032
70
0
0
VERTEX
8
Layer 1
10
162.464950
20
184.221453
70
0
0
SEQEND
8
Layer 1
0
POLYLINE
8
Layer 1
62
7
70
0
10
0.000000
20
0.000000
66
1
0
VERTEX
8
Layer 1
10
162.464950
20
177.452693
70
0
0
VERTEX
8
Layer 1
10
162.222827
20
177.697190
70
0
0
VERTEX
8
Layer 1
10
162.464950
20
177.941686
70
0
0
SEQEND
8
Layer 1
0
POLYLINE
8
Layer 1
62
7
70
0
10
0.000000
20
0.000000
66
1
0
VERTEX
8
Layer 1
10
162.464950
20
181.237985
70
0
0
VERTEX
8
Layer 1
10
161.938295
20
181.379083
70
0
0
VERTEX
8
Layer 1
10
161.552756
20
181.764570
70
0
0
VERTEX
8
Layer 1
10
161.411639
20
182.291155
70
0
0
VERTEX
8
Layer 1
10
161.552756
20
182.817740
70
0
0
VERTEX
8
Layer 1
10
161.938295
20
183.203227
70
0
0
VERTEX
8
Layer 1
10
162.464950
20
183.344325
70
0
0
SEQEND
8
Layer 1
0
POLYLINE
8
Layer 1
62
7
70
0
10
0.000000
20
0.000000
66
1
0
VERTEX
8
Layer 1
10
162.464950
20
175.861762
70
0
0
VERTEX
8
Layer 1
10
160.731500
20
176.036486
70
0
0
VERTEX
8
Layer 1
10
159.116960
20
176.537600
70
0
0
VERTEX
8
Layer 1
10
157.655916
20
177.330522
70
0
0
VERTEX
8
Layer 1
10
156.382956
20
178.380670
70
0
0
VERTEX
8
Layer 1
10
155.332668
20
179.653459
70
0
0
VERTEX
8
Layer 1
10
154.539640
20
181.114308
70
0
0
VERTEX
8
Layer 1
10
154.038458
20
182.728632
70
0
0
VERTEX
8
Layer 1
10
153.863712
20
184.461850
70
0
0
VERTEX
8
Layer 1
10
154.038458
20
186.195067
70
0
0
VERTEX
8
Layer 1
10
154.539640
20
187.809392
70
0
0
VERTEX
8
Layer 1
10
155.332668
20
189.270241
70
0
0
VERTEX
8
Layer 1
10
156.382956
20
190.543030
70
0
0
VERTEX
8
Layer 1
10
157.655916
20
191.593177
70
0
0
VERTEX
8
Layer 1
10
159.116960
20
192.386100
70
0
0
VERTEX
8
Layer 1
10
160.731500
20
192.887214
70
0
0
VERTEX
8
Layer 1
10
162.464950
20
193.061938
70
0
0
SEQEND
8
Layer 1
0
POLYLINE
8
Layer 1
62
7
70
0
10
0.000000
20
0.000000
66
1
0
VERTEX
8
Layer 1
10
158.104427
20
171.741000
70
0
0
VERTEX
8
Layer 1
10
158.225299
20
171.950328
70
0
0
VERTEX
8
Layer 1
10
158.467042
20
171.950328
70
0
0
VERTEX
8
Layer 1
10
158.587914
20
171.741000
70
0
0
SEQEND
8
Layer 1
0
POLYLINE
8
Layer 1
62
7
70
0
10
0.000000
20
0.000000
66
1
0
VERTEX
8
Layer 1
10
158.452661
20
171.741000
70
0
0
VERTEX
8
Layer 1
10
158.456977
20
171.748474
70
0
0
VERTEX
8
Layer 1
10
158.465608
20
171.748474
70
0
0
VERTEX
8
Layer 1
10
158.469923
20
171.741000
70
0
0
SEQEND
8
Layer 1
0
POLYLINE
8
Layer 1
62
7
70
0
10
0.000000
20
0.000000
66
1
0
VERTEX
8
Layer 1
10
162.464950
20
196.682471
70
0
0
VERTEX
8
Layer 1
10
162.244637
20
196.773716
70
0
0
VERTEX
8
Layer 1
10
162.153380
20
196.993999
70
0
0
VERTEX
8
Layer 1
10
162.244637
20
197.214283
70
0
0
VERTEX
8
Layer 1
10
162.464950
20
197.305528
70
0
0
SEQEND
8
Layer 1
0
POLYLINE
8
Layer 1
62
7
70
0
10
0.000000
20
0.000000
66
1
0
VERTEX
8
Layer 1
10
158.932276
20
171.741000
70
0
0
VERTEX
8
Layer 1
10
158.947840
20
171.767955
70
0
0
VERTEX
8
Layer 1
10
158.978970
20
171.767955
70
0
0
VERTEX
8
Layer 1
10
158.994535
20
171.741000
70
0
0
SEQEND
8
Layer 1
0
POLYLINE
8
Layer 1
62
7
70
0
10
0.000000
20
0.000000
66
1
0
VERTEX
8
Layer 1
10
161.125090
20
171.741000
70
0
0
VERTEX
8
Layer 1
10
161.227080
20
172.150188
70
0
0
VERTEX
8
Layer 1
10
161.517526
20
172.497080
70
0
0
VERTEX
8
Layer 1
10
161.952208
20
172.728866
70
0
0
VERTEX
8
Layer 1
10
162.464950
20
172.810259
70
0
0
SEQEND
8
Layer 1
0
POLYLINE
8
Layer 1
62
7
70
0
10
0.000000
20
0.000000
66
1
0
VERTEX
8
Layer 1
10
162.464950
20
175.939432
70
0
0
VERTEX
8
Layer 1
10
161.020701
20
176.131013
70
0
0
VERTEX
8
Layer 1
10
159.697316
20
176.680918
70
0
0
VERTEX
8
Layer 1
10
158.559327
20
177.551897
70
0
0
VERTEX
8
Layer 1
10
157.671267
20
178.706696
70
0
0
VERTEX
8
Layer 1
10
157.115078
20
180.053075
70
0
0
VERTEX
8
Layer 1
10
156.929682
20
181.473960
70
0
0
VERTEX
8
Layer 1
10
157.115078
20
182.894844
70
0
0
VERTEX
8
Layer 1
10
157.671267
20
184.241223
70
0
0
VERTEX
8
Layer 1
10
158.559327
20
185.396022
70
0
0
VERTEX
8
Layer 1
10
159.697316
20
186.267001
70
0
0
VERTEX
8
Layer 1
10
161.020701
20
186.816907
70
0
0
VERTEX
8
Layer 1
10
162.464950
20
187.008487
70
0
0
SEQEND
8
Layer 1
0
POLYLINE
8
Layer 1
62
7
70
0
10
0.000000
20
0.000000
66
1
0
VERTEX
8
Layer 1
10
162.464950
20
176.556800
70
0
0
VERTEX
8
Layer 1
10
161.630241
20
176.642825
70
0
0
VERTEX
8
Layer 1
10
160.853004
20
176.885700
70
0
0
VERTEX
8
Layer 1
10
160.149827
20
177.268797
70
0
0
VERTEX
8
Layer 1
10
159.537300
20
177.775488
70
0
0
VERTEX
8
Layer 1
10
159.032013
20
178.389148
70
0
0
VERTEX
8
Layer 1
10
158.650554
20
179.093148
70
0
0
VERTEX
8
Layer 1
10
158.409513
20
179.870862
70
0
0
VERTEX
8
Layer 1
10
158.325479
20
180.705663
70
0
0
VERTEX
8
Layer 1
10
158.409513
20
181.540464
70
0
0
VERTEX
8
Layer 1
10
158.650554
20
182.318178
70
0
0
VERTEX
8
Layer 1
10
159.032013
20
183.022179
70
0
0
VERTEX
8
Layer 1
10
159.537300
20
183.635838
70
0
0
VERTEX
8
Layer 1
10
160.149827
20
184.142529
70
0
0
VERTEX
8
Layer 1
10
160.853004
20
184.525626
70
0
0
VERTEX
8
Layer 1
10
161.630241
20
184.768501
70
0
0
VERTEX
8
Layer 1
10
162.464950
20
184.854527
70
0
0
SEQEND
8
Layer 1
0
POLYLINE
8
Layer 1
62
7
70
0
10
0.000000
20
0.000000
66
1
0
VERTEX
8
Layer 1
10
141.521216
20
171.741000
70
0
0
VERTEX
8
Layer 1
10
141.689095
20
172.572421
70
0
0
VERTEX
8
Layer 1
10
142.146915
20
173.251368
70
0
0
VERTEX
8
Layer 1
10
142.825953
20
173.709127
70
0
0
VERTEX
8
Layer 1
10
143.657485
20
173.876983
70
0
0
VERTEX
8
Layer 1
10
144.489017
20
173.709127
70
0
0
VERTEX
8
Layer 1
10
145.168055
20
173.251368
70
0
0
VERTEX
8
Layer 1
10
145.625876
20
172.572421
70
0
0
VERTEX
8
Layer 1
10
145.793754
20
171.741000
70
0
0
SEQEND
8
Layer 1
0
POLYLINE
8
Layer 1
62
7
70
0
10
0.000000
20
0.000000
66
1
0
VERTEX
8
Layer 1
10
145.915786
20
171.741000
70
0
0
VERTEX
8
Layer 1
10
146.021149
20
171.990980
70
0
0
VERTEX
8
Layer 1
10
146.272018
20
172.094278
70
0
0
VERTEX
8
Layer 1
10
146.522887
20
171.990980
70
0
0
VERTEX
8
Layer 1
10
146.628250
20
171.741000
70
0
0
SEQEND
8
Layer 1
0
POLYLINE
8
Layer 1
62
7
70
0
10
0.000000
20
0.000000
66
1
0
VERTEX
8
Layer 1
10
138.851943
20
171.741000
70
0
0
VERTEX
8
Layer 1
10
138.973855
20
174.705273
70
0
0
VERTEX
8
Layer 1
10
139.331676
20
177.583918
70
0
0
VERTEX
8
Layer 1
10
139.913537
20
180.362362
70
0
0
VERTEX
8
Layer 1
10
140.707571
20
183.026031
70
0
0
VERTEX
8
Layer 1
10
141.701906
20
185.560353
70
0
0
VERTEX
8
Layer 1
10
142.884674
20
187.950755
70
0
0
VERTEX
8
Layer 1
10
144.244006
20
190.182664
70
0
0
VERTEX
8
Layer 1
10
145.768033
20
192.241506
70
0
0
VERTEX
8
Layer 1
10
147.444885
20
194.112709
70
0
0
VERTEX
8
Layer 1
10
149.262693
20
195.781699
70
0
0
VERTEX
8
Layer 1
10
151.209589
20
197.233904
70
0
0
VERTEX
8
Layer 1
10
153.273702
20
198.454751
70
0
0
VERTEX
8
Layer 1
10
155.443164
20
199.429666
70
0
0
VERTEX
8
Layer 1
10
157.706106
20
200.144077
70
0
0
VERTEX
8
Layer 1
10
160.050657
20
200.583411
70
0
0
VERTEX
8
Layer 1
10
162.464950
20
200.733094
70
0
0
SEQEND
8
Layer 1
0
POLYLINE
8
Layer 1
62
7
70
0
10
0.000000
20
0.000000
66
1
0
VERTEX
8
Layer 1
10
132.714742
20
201.623250
70
0
0
VERTEX
8
Layer 1
10
132.674896
20
196.923190
70
0
0
VERTEX
8
Layer 1
10
132.578700
20
194.976362
70
0
0
SEQEND
8
Layer 1
0
POLYLINE
8
Layer 1
62
7
70
0
10
0.000000
20
0.000000
66
1
0
VERTEX
8
Layer 1
10
132.578700
20
201.417421
70
0
0
VERTEX
8
Layer 1
10
133.371854
20
201.312209
70
0
0
VERTEX
8
Layer 1
10
134.098631
20
201.010211
70
0
0
VERTEX
8
Layer 1
10
134.723592
20
200.531887
70
0
0
VERTEX
8
Layer 1
10
135.211298
20
199.897693
70
0
0
VERTEX
8
Layer 1
10
135.516746
20
199.158288
70
0
0
VERTEX
8
Layer 1
10
135.618562
20
198.377966
70
0
0
VERTEX
8
Layer 1
10
135.516746
20
197.597644
70
0
0
VERTEX
8
Layer 1
10
135.211298
20
196.858238
70
0
0
VERTEX
8
Layer 1
10
134.723592
20
196.224045
70
0
0
VERTEX
8
Layer 1
10
134.098631
20
195.745721
70
0
0
VERTEX
8
Layer 1
10
133.371854
20
195.443723
70
0
0
VERTEX
8
Layer 1
10
132.578700
20
195.338511
70
0
0
SEQEND
8
Layer 1
0
POLYLINE
8
Layer 1
62
7
70
0
10
0.000000
20
0.000000
66
1
0
VERTEX
8
Layer 1
10
157.357055
20
201.623250
70
0
0
VERTEX
8
Layer 1
10
157.235806
20
199.873076
70
0
0
VERTEX
8
Layer 1
10
156.876547
20
198.152546
70
0
0
VERTEX
8
Layer 1
10
156.286006
20
196.473271
70
0
0
VERTEX
8
Layer 1
10
155.470915
20
194.846863
70
0
0
VERTEX
8
Layer 1
10
154.438003
20
193.284933
70
0
0
VERTEX
8
Layer 1
10
153.194000
20
191.799091
70
0
0
VERTEX
8
Layer 1
10
151.745637
20
190.400950
70
0
0
VERTEX
8
Layer 1
10
150.099643
20
189.102120
70
0
0
VERTEX
8
Layer 1
10
148.282177
20
187.925830
70
0
0
VERTEX
8
Layer 1
10
146.325744
20
186.890775
70
0
0
VERTEX
8
Layer 1
10
144.246591
20
186.001763
70
0
0
VERTEX
8
Layer 1
10
142.060966
20
185.263605
70
0
0
VERTEX
8
Layer 1
10
139.785117
20
184.681110
70
0
0
VERTEX
8
Layer 1
10
137.435291
20
184.259088
70
0
0
VERTEX
8
Layer 1
10
135.027736
20
184.002347
70
0
0
VERTEX
8
Layer 1
10
132.578700
20
183.915698
70
0
0
SEQEND
8
Layer 1
0
POLYLINE
8
Layer 1
62
7
70
0
10
0.000000
20
0.000000
66
1
0
VERTEX
8
Layer 1
10
132.578700
20
183.908215
70
0
0
VERTEX
8
Layer 1
10
132.850650
20
183.751226
70
0
0
VERTEX
8
Layer 1
10
132.850650
20
183.437247
70
0
0
VERTEX
8
Layer 1
10
132.578700
20
183.280258
70
0
0
SEQEND
8
Layer 1
0
POLYLINE
8
Layer 1
62
7
70
0
10
0.000000
20
0.000000
66
1
0
VERTEX
8
Layer 1
10
132.578700
20
178.842409
70
0
0
VERTEX
8
Layer 1
10
132.920527
20
178.700839
70
0
0
VERTEX
8
Layer 1
10
133.062116
20
178.359058
70
0
0
VERTEX
8
Layer 1
10
132.920527
20
178.017277
70
0
0
VERTEX
8
Layer 1
10
132.578700
20
177.875706
70
0
0
SEQEND
8
Layer 1
0
POLYLINE
8
Layer 1
62
7
70
0
10
0.000000
20
0.000000
66
1
0
VERTEX
8
Layer 1
10
133.051429
20
201.623250
70
0
0
VERTEX
8
Layer 1
10
132.912970
20
194.848281
70
0
0
VERTEX
8
Layer 1
10
132.759605
20
192.771326
70
0
0
VERTEX
8
Layer 1
10
132.578700
20
192.041997
70
0
0
SEQEND
8
Layer 1
0
POLYLINE
8
Layer 1
62
7
70
0
10
0.000000
20
0.000000
66
1
0
VERTEX
8
Layer 1
10
132.578700
20
188.680554
70
0
0
VERTEX
8
Layer 1
10
132.694922
20
188.564348
70
0
0
VERTEX
8
Layer 1
10
132.578700
20
188.448142
70
0
0
SEQEND
8
Layer 1
0
POLYLINE
8
Layer 1
62
7
70
0
10
0.000000
20
0.000000
66
1
0
VERTEX
8
Layer 1
10
156.076633
20
201.623250
70
0
0
VERTEX
8
Layer 1
10
155.864978
20
201.256703
70
0
0
VERTEX
8
Layer 1
10
155.441669
20
201.256703
70
0
0
VERTEX
8
Layer 1
10
155.230015
20
201.623250
70
0
0
SEQEND
8
Layer 1
0
POLYLINE
8
Layer 1
62
7
70
0
10
0.000000
20
0.000000
66
1
0
VERTEX
8
Layer 1
10
162.464950
20
184.854527
70
0
0
VERTEX
8
Layer 1
10
164.012398
20
184.600226
70
0
0
VERTEX
8
Layer 1
10
165.486269
20
183.856319
70
0
0
VERTEX
8
Layer 1
10
166.845148
20
182.651300
70
0
0
VERTEX
8
Layer 1
10
168.047619
20
181.013664
70
0
0
VERTEX
8
Layer 1
10
169.033569
20
179.016391
70
0
0
VERTEX
8
Layer 1
10
169.759059
20
176.759329
70
0
0
VERTEX
8
Layer 1
10
170.206933
20
174.311269
70
0
0
VERTEX
8
Layer 1
10
170.360037
20
171.741000
70
0
0
SEQEND
8
Layer 1
0
POLYLINE
8
Layer 1
62
7
70
0
10
0.000000
20
0.000000
66
1
0
VERTEX
8
Layer 1
10
162.464950
20
175.939432
70
0
0
VERTEX
8
Layer 1
10
162.502838
20
175.900597
70
0
0
VERTEX
8
Layer 1
10
162.464950
20
175.861762
70
0
0
SEQEND
8
Layer 1
0
POLYLINE
8
Layer 1
62
7
70
0
10
0.000000
20
0.000000
66
1
0
VERTEX
8
Layer 1
10
162.464950
20
184.221453
70
0
0
VERTEX
8
Layer 1
10
163.410449
20
184.096032
70
0
0
VERTEX
8
Layer 1
10
164.276822
20
183.736029
70
0
0
VERTEX
8
Layer 1
10
165.021823
20
183.165830
70
0
0
VERTEX
8
Layer 1
10
165.603204
20
182.409824
70
0
0
VERTEX
8
Layer 1
10
165.967321
20
181.528397
70
0
0
VERTEX
8
Layer 1
10
166.088694
20
180.598195
70
0
0
VERTEX
8
Layer 1
10
165.967321
20
179.667992
70
0
0
VERTEX
8
Layer 1
10
165.603204
20
178.786565
70
0
0
VERTEX
8
Layer 1
10
165.021823
20
178.030559
70
0
0
VERTEX
8
Layer 1
10
164.276822
20
177.460360
70
0
0
VERTEX
8
Layer 1
10
163.410449
20
177.100357
70
0
0
VERTEX
8
Layer 1
10
162.464950
20
176.974936
70
0
0
SEQEND
8
Layer 1
0
POLYLINE
8
Layer 1
62
7
70
0
10
0.000000
20
0.000000
66
1
0
VERTEX
8
Layer 1
10
162.464950
20
177.941686
70
0
0
VERTEX
8
Layer 1
10
162.707073
20
177.697190
70
0
0
VERTEX
8
Layer 1
10
162.464950
20
177.452693
70
0
0
SEQEND
8
Layer 1
0
POLYLINE
8
Layer 1
62
7
70
0
10
0.000000
20
0.000000
66
1
0
VERTEX
8
Layer 1
10
162.464950
20
183.344325
70
0
0
VERTEX
8
Layer 1
10
162.991605
20
183.203227
70
0
0
VERTEX
8
Layer 1
10
163.377144
20
182.817740
70
0
0
VERTEX
8
Layer 1
10
163.518261
20
182.291155
70
0
0
VERTEX
8
Layer 1
10
163.377144
20
181.764570
70
0
0
VERTEX
8
Layer 1
10
162.991605
20
181.379083
70
0
0
VERTEX
8
Layer 1
10
162.464950
20
181.237985
70
0
0
SEQEND
8
Layer 1
0
POLYLINE
8
Layer 1
62
7
70
0
10
0.000000
20
0.000000
66
1
0
VERTEX
8
Layer 1
10
163.995532
20
171.741000
70
0
0
VERTEX
8
Layer 1
10
164.220922
20
172.582054
70
0
0
VERTEX
8
Layer 1
10
164.836699
20
173.197748
70
0
0
VERTEX
8
Layer 1
10
165.677865
20
173.423108
70
0
0
VERTEX
8
Layer 1
10
166.519032
20
173.197748
70
0
0
VERTEX
8
Layer 1
10
167.134808
20
172.582054
70
0
0
VERTEX
8
Layer 1
10
167.360198
20
171.741000
70
0
0
SEQEND
8
Layer 1
0
POLYLINE
8
Layer 1
62
7
70
0
10
0.000000
20
0.000000
66
1
0
VERTEX
8
Layer 1
10
164.478542
20
171.741000
70
0
0
VERTEX
8
Layer 1
10
164.582766
20
172.257170
70
0
0
VERTEX
8
Layer 1
10
164.866994
20
172.678679
70
0
0
VERTEX
8
Layer 1
10
165.288560
20
172.962869
70
0
0
VERTEX
8
Layer 1
10
165.804798
20
173.067078
70
0
0
VERTEX
8
Layer 1
10
166.321037
20
172.962869
70
0
0
VERTEX
8
Layer 1
10
166.742603
20
172.678679
70
0
0
VERTEX
8
Layer 1
10
167.026831
20
172.257170
70
0
0
VERTEX
8
Layer 1
10
167.131054
20
171.741000
70
0
0
SEQEND
8
Layer 1
0
POLYLINE
8
Layer 1
62
7
70
0
10
0.000000
20
0.000000
66
1
0
VERTEX
8
Layer 1
10
162.464950
20
176.556776
70
0
0
VERTEX
8
Layer 1
10
163.401705
20
176.305807
70
0
0
VERTEX
8
Layer 1
10
164.087457
20
175.620146
70
0
0
VERTEX
8
Layer 1
10
164.338459
20
174.683517
70
0
0
VERTEX
8
Layer 1
10
164.087457
20
173.746888
70
0
0
VERTEX
8
Layer 1
10
163.401705
20
173.061228
70
0
0
VERTEX
8
Layer 1
10
162.464950
20
172.810259
70
0
0
SEQEND
8
Layer 1
0
POLYLINE
8
Layer 1
62
7
70
0
10
0.000000
20
0.000000
66
1
0
VERTEX
8
Layer 1
10
163.275465
20
171.741000
70
0
0
VERTEX
8
Layer 1
10
163.550510
20
173.087285
70
0
0
VERTEX
8
Layer 1
10
164.294043
20
174.186102
70
0
0
VERTEX
8
Layer 1
10
165.394955
20
174.926647
70
0
0
VERTEX
8
Layer 1
10
166.742139
20
175.198119
70
0
0
VERTEX
8
Layer 1
10
168.089322
20
174.926647
70
0
0
VERTEX
8
Layer 1
10
169.190234
20
174.186102
70
0
0
VERTEX
8
Layer 1
10
169.933768
20
173.087285
70
0
0
VERTEX
8
Layer 1
10
170.208812
20
171.741000
70
0
0
SEQEND
8
Layer 1
0
POLYLINE
8
Layer 1
62
7
70
0
10
0.000000
20
0.000000
66
1
0
VERTEX
8
Layer 1
10
192.351200
20
179.274578
70
0
0
VERTEX
8
Layer 1
10
189.339645
20
179.451411
70
0
0
VERTEX
8
Layer 1
10
186.534671
20
179.958576
70
0
0
VERTEX
8
Layer 1
10
183.996370
20
180.761072
70
0
0
VERTEX
8
Layer 1
10
181.784829
20
181.823900
70
0
0
VERTEX
8
Layer 1
10
179.960140
20
183.112058
70
0
0
VERTEX
8
Layer 1
10
178.582392
20
184.590547
70
0
0
VERTEX
8
Layer 1
10
177.711673
20
186.224365
70
0
0
VERTEX
8
Layer 1
10
177.485229
20
187.088585
70
0
0
VERTEX
8
Layer 1
10
177.408075
20
187.978513
70
0
0
SEQEND
8
Layer 1
0
POLYLINE
8
Layer 1
62
7
70
0
10
0.000000
20
0.000000
66
1
0
VERTEX
8
Layer 1
10
162.464950
20
196.682471
70
0
0
VERTEX
8
Layer 1
10
165.393822
20
196.513682
70
0
0
VERTEX
8
Layer 1
10
168.183436
20
196.019922
70
0
0
VERTEX
8
Layer 1
10
170.755403
20
195.220104
70
0
0
VERTEX
8
Layer 1
10
173.031335
20
194.133141
70
0
0
VERTEX
8
Layer 1
10
174.897455
20
192.807473
70
0
0
VERTEX
8
Layer 1
10
176.270597
20
191.309373
70
0
0
VERTEX
8
Layer 1
10
177.118294
20
189.684500
70
0
0
VERTEX
8
Layer 1
10
177.408075
20
187.978513
70
0
0
SEQEND
8
Layer 1
0
POLYLINE
8
Layer 1
62
7
70
0
10
0.000000
20
0.000000
66
1
0
VERTEX
8
Layer 1
10
192.351200
20
190.371411
70
0
0
VERTEX
8
Layer 1
10
189.339639
20
190.456390
70
0
0
VERTEX
8
Layer 1
10
186.534661
20
190.700113
70
0
0
VERTEX
8
Layer 1
10
183.996357
20
191.085760
70
0
0
VERTEX
8
Layer 1
10
181.784815
20
191.596511
70
0
0
VERTEX
8
Layer 1
10
179.960126
20
192.215546
70
0
0
VERTEX
8
Layer 1
10
178.582380
20
192.926046
70
0
0
VERTEX
8
Layer 1
10
177.711666
20
193.711191
70
0
0
VERTEX
8
Layer 1
10
177.408075
20
194.554162
70
0
0
SEQEND
8
Layer 1
0
POLYLINE
8
Layer 1
62
7
70
0
10
0.000000
20
0.000000
66
1
0
VERTEX
8
Layer 1
10
162.464950
20
198.736912
70
0
0
VERTEX
8
Layer 1
10
165.393822
20
198.655799
70
0
0
VERTEX
8
Layer 1
10
168.183436
20
198.418519
70
0
0
VERTEX
8
Layer 1
10
170.755403
20
198.034160
70
0
0
VERTEX
8
Layer 1
10
173.031335
20
197.511812
70
0
0
VERTEX
8
Layer 1
10
174.897455
20
196.874753
70
0
0
VERTEX
8
Layer 1
10
176.270597
20
196.154831
70
0
0
VERTEX
8
Layer 1
10
177.118294
20
195.373986
70
0
0
VERTEX
8
Layer 1
10
177.408075
20
194.554162
70
0
0
SEQEND
8
Layer 1
0
POLYLINE
8
Layer 1
62
7
70
0
10
0.000000
20
0.000000
66
1
0
VERTEX
8
Layer 1
10
188.995978
20
201.623250
70
0
0
VERTEX
8
Layer 1
10
188.847005
20
200.170423
70
0
0
VERTEX
8
Layer 1
10
188.424826
20
198.817536
70
0
0
VERTEX
8
Layer 1
10
187.758400
20
197.593491
70
0
0
VERTEX
8
Layer 1
10
186.876684
20
196.527190
70
0
0
VERTEX
8
Layer 1
10
185.808638
20
195.647534
70
0
0
VERTEX
8
Layer 1
10
184.583218
20
194.983426
70
0
0
VERTEX
8
Layer 1
10
183.229384
20
194.563766
70
0
0
VERTEX
8
Layer 1
10
181.776094
20
194.417457
70
0
0
VERTEX
8
Layer 1
10
180.322804
20
194.563766
70
0
0
VERTEX
8
Layer 1
10
178.968970
20
194.983426
70
0
0
VERTEX
8
Layer 1
10
177.743550
20
195.647534
70
0
0
VERTEX
8
Layer 1
10
176.675503
20
196.527190
70
0
0
VERTEX
8
Layer 1
10
175.793788
20
197.593491
70
0
0
VERTEX
8
Layer 1
10
175.127362
20
198.817536
70
0
0
VERTEX
8
Layer 1
10
174.705183
20
200.170423
70
0
0
VERTEX
8
Layer 1
10
174.556209
20
201.623250
70
0
0
SEQEND
8
Layer 1
0
POLYLINE
8
Layer 1
62
7
70
0
10
0.000000
20
0.000000
66
1
0
VERTEX
8
Layer 1
10
187.412748
20
201.623250
70
0
0
VERTEX
8
Layer 1
10
187.251727
20
201.344391
70
0
0
VERTEX
8
Layer 1
10
186.929685
20
201.344391
70
0
0
VERTEX
8
Layer 1
10
186.768664
20
201.623250
70
0
0
SEQEND
8
Layer 1
0
POLYLINE
8
Layer 1
62
7
70
0
10
0.000000
20
0.000000
66
1
0
VERTEX
8
Layer 1
10
181.137042
20
201.623250
70
0
0
VERTEX
8
Layer 1
10
181.065961
20
201.500150
70
0
0
VERTEX
8
Layer 1
10
180.923798
20
201.500150
70
0
0
VERTEX
8
Layer 1
10
180.852716
20
201.623250
70
0
0
SEQEND
8
Layer 1
0
POLYLINE
8
Layer 1
62
7
70
0
10
0.000000
20
0.000000
66
1
0
VERTEX
8
Layer 1
10
192.351200
20
194.128567
70
0
0
VERTEX
8
Layer 1
10
187.497801
20
194.273905
70
0
0
VERTEX
8
Layer 1
10
182.875165
20
194.699065
70
0
0
VERTEX
8
Layer 1
10
178.613189
20
195.387761
70
0
0
VERTEX
8
Layer 1
10
174.841770
20
196.323709
70
0
0
VERTEX
8
Layer 1
10
171.749446
20
197.465196
70
0
0
VERTEX
8
Layer 1
10
169.474027
20
198.755159
70
0
0
VERTEX
8
Layer 1
10
168.659472
20
199.443533
70
0
0
VERTEX
8
Layer 1
10
168.069319
20
200.154282
70
0
0
VERTEX
8
Layer 1
10
167.710296
20
200.882493
70
0
0
VERTEX
8
Layer 1
10
167.589127
20
201.623250
70
0
0
SEQEND
8
Layer 1
0
POLYLINE
8
Layer 1
62
7
70
0
10
0.000000
20
0.000000
66
1
0
VERTEX
8
Layer 1
10
163.189943
20
201.623250
70
0
0
VERTEX
8
Layer 1
10
162.977597
20
200.993814
70
0
0
VERTEX
8
Layer 1
10
162.464950
20
200.733094
70
0
0
SEQEND
8
Layer 1
0
POLYLINE
8
Layer 1
62
7
70
0
10
0.000000
20
0.000000
66
1
0
VERTEX
8
Layer 1
10
192.351200
20
197.368089
70
0
0
VERTEX
8
Layer 1
10
191.783603
20
197.450607
70
0
0
VERTEX
8
Layer 1
10
191.242994
20
197.691994
70
0
0
VERTEX
8
Layer 1
10
190.303502
20
198.614397
70
0
0
VERTEX
8
Layer 1
10
189.675754
20
199.994871
70
0
0
VERTEX
8
Layer 1
10
189.455318
20
201.623250
70
0
0
SEQEND
8
Layer 1
0
POLYLINE
8
Layer 1
62
7
70
0
10
0.000000
20
0.000000
66
1
0
VERTEX
8
Layer 1
10
192.351200
20
196.032496
70
0
0
VERTEX
8
Layer 1
10
187.501050
20
196.146080
70
0
0
VERTEX
8
Layer 1
10
182.983604
20
196.471845
70
0
0
VERTEX
8
Layer 1
10
178.895638
20
196.987309
70
0
0
VERTEX
8
Layer 1
10
175.333927
20
197.669990
70
0
0
VERTEX
8
Layer 1
10
172.395247
20
198.497406
70
0
0
VERTEX
8
Layer 1
10
170.176372
20
199.447076
70
0
0
VERTEX
8
Layer 1
10
168.774079
20
200.496518
70
0
0
VERTEX
8
Layer 1
10
168.409392
20
201.051628
70
0
0
VERTEX
8
Layer 1
10
168.285142
20
201.623250
70
0
0
SEQEND
8
Layer 1
0
POLYLINE
8
Layer 1
62
7
70
0
10
0.000000
20
0.000000
66
1
0
VERTEX
8
Layer 1
10
192.351200
20
184.461515
70
0
0
VERTEX
8
Layer 1
10
189.339639
20
184.591988
70
0
0
VERTEX
8
Layer 1
10
186.534661
20
184.966188
70
0
0
VERTEX
8
Layer 1
10
183.996357
20
185.558293
70
0
0
VERTEX
8
Layer 1
10
181.784815
20
186.342477
70
0
0
VERTEX
8
Layer 1
10
179.960126
20
187.292917
70
0
0
VERTEX
8
Layer 1
10
178.582380
20
188.383787
70
0
0
VERTEX
8
Layer 1
10
177.711666
20
189.589263
70
0
0
VERTEX
8
Layer 1
10
177.485225
20
190.226909
70
0
0
VERTEX
8
Layer 1
10
177.408075
20
190.883522
70
0
0
SEQEND
8
Layer 1
0
POLYLINE
8
Layer 1
62
7
70
0
10
0.000000
20
0.000000
66
1
0
VERTEX
8
Layer 1
10
162.464950
20
197.305528
70
0
0
VERTEX
8
Layer 1
10
165.393822
20
197.180991
70
0
0
VERTEX
8
Layer 1
10
168.183436
20
196.816682
70
0
0
VERTEX
8
Layer 1
10
170.755403
20
196.226555
70
0
0
VERTEX
8
Layer 1
10
173.031335
20
195.424566
70
0
0
VERTEX
8
Layer 1
10
174.897455
20
194.446454
70
0
0
VERTEX
8
Layer 1
10
176.270597
20
193.341117
70
0
0
VERTEX
8
Layer 1
10
177.118294
20
192.142243
70
0
0
VERTEX
8
Layer 1
10
177.408075
20
190.883522
70
0
0
SEQEND
8
Layer 1
0
POLYLINE
8
Layer 1
62
7
70
0
10
0.000000
20
0.000000
66
1
0
VERTEX
8
Layer 1
10
192.351200
20
179.994788
70
0
0
VERTEX
8
Layer 1
10
191.943976
20
180.103889
70
0
0
VERTEX
8
Layer 1
10
191.645867
20
180.401958
70
0
0
VERTEX
8
Layer 1
10
191.536752
20
180.809127
70
0
0
VERTEX
8
Layer 1
10
191.645867
20
181.216297
70
0
0
VERTEX
8
Layer 1
10
191.943976
20
181.514366
70
0
0
VERTEX
8
Layer 1
10
192.351200
20
181.623466
70
0
0
SEQEND
8
Layer 1
0
POLYLINE
8
Layer 1
62
7
70
0
10
0.000000
20
0.000000
66
1
0
VERTEX
8
Layer 1
10
192.351200
20
185.898326
70
0
0
VERTEX
8
Layer 1
10
191.867993
20
186.027783
70
0
0
VERTEX
8
Layer 1
10
191.514261
20
186.381468
70
0
0
VERTEX
8
Layer 1
10
191.384786
20
186.864610
70
0
0
VERTEX
8
Layer 1
10
191.514261
20
187.347752
70
0
0
VERTEX
8
Layer 1
10
191.867993
20
187.701437
70
0
0
VERTEX
8
Layer 1
10
192.351200
20
187.830894
70
0
0
SEQEND
8
Layer 1
0
POLYLINE
8
Layer 1
62
7
70
0
10
0.000000
20
0.000000
66
1
0
VERTEX
8
Layer 1
10
190.513937
20
171.741000
70
0
0
VERTEX
8
Layer 1
10
190.653790
20
174.494334
70
0
0
VERTEX
8
Layer 1
10
191.052059
20
176.828498
70
0
0
VERTEX
8
Layer 1
10
191.648110
20
178.388137
70
0
0
VERTEX
8
Layer 1
10
191.991094
20
178.796285
70
0
0
VERTEX
8
Layer 1
10
192.351200
20
178.935809
70
0
0
SEQEND
8
Layer 1
0
POLYLINE
8
Layer 1
62
7
70
0
10
0.000000
20
0.000000
66
1
0
VERTEX
8
Layer 1
10
192.351200
20
173.452440
70
0
0
VERTEX
8
Layer 1
10
191.472969
20
173.687730
70
0
0
VERTEX
8
Layer 1
10
190.830059
20
174.330554
70
0
0
VERTEX
8
Layer 1
10
190.594737
20
175.208668
70
0
0
VERTEX
8
Layer 1
10
190.830059
20
176.086782
70
0
0
VERTEX
8
Layer 1
10
191.472969
20
176.729606
70
0
0
VERTEX
8
Layer 1
10
192.351200
20
176.964895
70
0
0
SEQEND
8
Layer 1
0
POLYLINE
8
Layer 1
62
7
70
0
10
0.000000
20
0.000000
66
1
0
VERTEX
8
Layer 1
10
162.464950
20
193.061938
70
0
0
VERTEX
8
Layer 1
10
164.470853
20
192.957607
70
0
0
VERTEX
8
Layer 1
10
166.442781
20
192.648476
70
0
0
VERTEX
8
Layer 1
10
168.367425
20
192.140336
70
0
0
VERTEX
8
Layer 1
10
170.231478
20
191.438978
70
0
0
VERTEX
8
Layer 1
10
172.021632
20
190.550192
70
0
0
VERTEX
8
Layer 1
10
173.724579
20
189.479770
70
0
0
VERTEX
8
Layer 1
10
175.327012
20
188.233502
70
0
0
VERTEX
8
Layer 1
10
176.815622
20
186.817180
70
0
0
VERTEX
8
Layer 1
10
178.163787
20
185.253312
70
0
0
VERTEX
8
Layer 1
10
179.350081
20
183.569867
70
0
0
VERTEX
8
Layer 1
10
180.368992
20
181.780826
70
0
0
VERTEX
8
Layer 1
10
181.215007
20
179.900170
70
0
0
VERTEX
8
Layer 1
10
181.882614
20
177.941878
70
0
0
VERTEX
8
Layer 1
10
182.366301
20
175.919932
70
0
0
VERTEX
8
Layer 1
10
182.660556
20
173.848313
70
0
0
VERTEX
8
Layer 1
10
182.759866
20
171.741000
70
0
0
SEQEND
8
Layer 1
0
POLYLINE
8
Layer 1
62
7
70
0
10
0.000000
20
0.000000
66
1
0
VERTEX
8
Layer 1
10
171.154413
20
171.741000
70
0
0
VERTEX
8
Layer 1
10
171.406885
20
172.343674
70
0
0
VERTEX
8
Layer 1
10
172.010965
20
172.592924
70
0
0
VERTEX
8
Layer 1
10
172.615045
20
172.343674
70
0
0
VERTEX
8
Layer 1
10
172.867517
20
171.741000
70
0
0
SEQEND
8
Layer 1
0
POLYLINE
8
Layer 1
62
7
70
0
10
0.000000
20
0.000000
66
1
0
VERTEX
8
Layer 1
10
162.464950
20
187.008487
70
0
0
VERTEX
8
Layer 1
10
165.840947
20
186.712416
70
0
0
VERTEX
8
Layer 1
10
169.056425
20
185.846319
70
0
0
VERTEX
8
Layer 1
10
172.021031
20
184.443370
70
0
0
VERTEX
8
Layer 1
10
173.381020
20
183.550943
70
0
0
VERTEX
8
Layer 1
10
174.644408
20
182.536744
70
0
0
VERTEX
8
Layer 1
10
175.788599
20
181.416890
70
0
0
VERTEX
8
Layer 1
10
176.795411
20
180.211410
70
0
0
VERTEX
8
Layer 1
10
177.660163
20
178.930314
70
0
0
VERTEX
8
Layer 1
10
178.378179
20
177.583614
70
0
0
VERTEX
8
Layer 1
10
178.944779
20
176.181322
70
0
0
VERTEX
8
Layer 1
10
179.355285
20
174.733448
70
0
0
VERTEX
8
Layer 1
10
179.605020
20
173.250004
70
0
0
VERTEX
8
Layer 1
10
179.689304
20
171.741000
70
0
0
SEQEND
8
Layer 1
0
POLYLINE
8
Layer 1
62
7
70
0
10
0.000000
20
0.000000
66
1
0
VERTEX
8
Layer 1
10
175.380209
20
171.741000
70
0
0
VERTEX
8
Layer 1
10
175.651865
20
172.396747
70
0
0
VERTEX
8
Layer 1
10
176.307699
20
172.668366
70
0
0
VERTEX
8
Layer 1
10
176.963533
20
172.396747
70
0
0
VERTEX
8
Layer 1
10
177.235189
20
171.741000
70
0
0
SEQEND
8
Layer 1
0
POLYLINE
8
Layer 1
62
7
70
0
10
0.000000
20
0.000000
66
1
0
VERTEX
8
Layer 1
10
183.228745
20
171.741000
70
0
0
VERTEX
8
Layer 1
10
183.469483
20
172.639326
70
0
0
VERTEX
8
Layer 1
10
184.127191
20
173.296947
70
0
0
VERTEX
8
Layer 1
10
185.025638
20
173.537652
70
0
0
VERTEX
8
Layer 1
10
185.924084
20
173.296947
70
0
0
VERTEX
8
Layer 1
10
186.581793
20
172.639326
70
0
0
VERTEX
8
Layer 1
10
186.822531
20
171.741000
70
0
0
SEQEND
8
Layer 1
0
POLYLINE
8
Layer 1
62
7
70
0
10
0.000000
20
0.000000
66
1
0
VERTEX
8
Layer 1
10
222.237450
20
197.056286
70
0
0
VERTEX
8
Layer 1
10
220.240090
20
197.144850
70
0
0
VERTEX
8
Layer 1
10
218.337698
20
197.403925
70
0
0
VERTEX
8
Layer 1
10
216.583732
20
197.823590
70
0
0
VERTEX
8
Layer 1
10
215.031649
20
198.393919
70
0
0
VERTEX
8
Layer 1
10
213.759039
20
199.089496
70
0
0
VERTEX
8
Layer 1
10
212.822617
20
199.875549
70
0
0
VERTEX
8
Layer 1
10
212.244526
20
200.728119
70
0
0
VERTEX
8
Layer 1
10
212.046908
20
201.623250
70
0
0
SEQEND
8
Layer 1
0
POLYLINE
8
Layer 1
62
7
70
0
10
0.000000
20
0.000000
66
1
0
VERTEX
8
Layer 1
10
222.237450
20
200.692286
70
0
0
VERTEX
8
Layer 1
10
219.159578
20
200.763152
70
0
0
VERTEX
8
Layer 1
10
216.550283
20
200.964959
70
0
0
VERTEX
8
Layer 1
10
214.806809
20
201.266986
70
0
0
VERTEX
8
Layer 1
10
214.350551
20
201.440780
70
0
0
VERTEX
8
Layer 1
10
214.194582
20
201.623250
70
0
0
SEQEND
8
Layer 1
0
POLYLINE
8
Layer 1
62
7
70
0
10
0.000000
20
0.000000
66
1
0
VERTEX
8
Layer 1
10
220.809868
20
201.623250
70
0
0
VERTEX
8
Layer 1
10
220.707264
20
200.849972
70
0
0
VERTEX
8
Layer 1
10
220.412756
20
200.141407
70
0
0
VERTEX
8
Layer 1
10
219.946293
20
199.532107
70
0
0
VERTEX
8
Layer 1
10
219.327826
20
199.056623
70
0
0
VERTEX
8
Layer 1
10
218.606757
20
198.758829
70
0
0
VERTEX
8
Layer 1
10
217.845785
20
198.659564
70
0
0
VERTEX
8
Layer 1
10
217.084813
20
198.758829
70
0
0
VERTEX
8
Layer 1
10
216.363744
20
199.056623
70
0
0
VERTEX
8
Layer 1
10
215.745277
20
199.532107
70
0
0
VERTEX
8
Layer 1
10
215.278814
20
200.141407
70
0
0
VERTEX
8
Layer 1
10
214.984306
20
200.849972
70
0
0
VERTEX
8
Layer 1
10
214.881703
20
201.623250
70
0
0
SEQEND
8
Layer 1
0
POLYLINE
8
Layer 1
62
7
70
0
10
0.000000
20
0.000000
66
1
0
VERTEX
8
Layer 1
10
217.743060
20
201.623250
70
0
0
VERTEX
8
Layer 1
10
217.600784
20
201.279812
70
0
0
VERTEX
8
Layer 1
10
217.257301
20
201.137556
70
0
0
VERTEX
8
Layer 1
10
216.913817
20
201.279812
70
0
0
VERTEX
8
Layer 1
10
216.771542
20
201.623250
70
0
0
SEQEND
8
Layer 1
0
POLYLINE
8
Layer 1
62
7
70
0
10
0.000000
20
0.000000
66
1
0
VERTEX
8
Layer 1
10
210.377414
20
186.682125
70
0
0
VERTEX
8
Layer 1
10
208.122679
20
186.971867
70
0
0
VERTEX
8
Layer 1
10
205.975150
20
187.819450
70
0
0
VERTEX
8
Layer 1
10
203.995171
20
189.192409
70
0
0
VERTEX
8
Layer 1
10
202.243090
20
191.058279
70
0
0
VERTEX
8
Layer 1
10
200.806495
20
193.333906
70
0
0
VERTEX
8
Layer 1
10
199.749407
20
195.905529
70
0
0
VERTEX
8
Layer 1
10
199.096825
20
198.694770
70
0
0
VERTEX
8
Layer 1
10
198.873743
20
201.623250
70
0
0
SEQEND
8
Layer 1
0
POLYLINE
8
Layer 1
62
7
70
0
10
0.000000
20
0.000000
66
1
0
VERTEX
8
Layer 1
10
210.377414
20
186.682125
70
0
0
VERTEX
8
Layer 1
10
212.632153
20
186.392388
70
0
0
VERTEX
8
Layer 1
10
214.779686
20
185.544808
70
0
0
VERTEX
8
Layer 1
10
216.759669
20
184.171851
70
0
0
VERTEX
8
Layer 1
10
218.511754
20
182.305982
70
0
0
VERTEX
8
Layer 1
10
219.948353
20
180.030353
70
0
0
VERTEX
8
Layer 1
10
221.005443
20
177.458728
70
0
0
VERTEX
8
Layer 1
10
221.658027
20
174.669484
70
0
0
VERTEX
8
Layer 1
10
221.881110
20
171.741000
70
0
0
SEQEND
8
Layer 1
0
POLYLINE
8
Layer 1
62
7
70
0
10
0.000000
20
0.000000
66
1
0
VERTEX
8
Layer 1
10
192.351200
20
190.371411
70
0
0
VERTEX
8
Layer 1
10
193.606775
20
190.280247
70
0
0
VERTEX
8
Layer 1
10
194.841084
20
190.010126
70
0
0
VERTEX
8
Layer 1
10
196.045796
20
189.566109
70
0
0
VERTEX
8
Layer 1
10
197.212581
20
188.953256
70
0
0
VERTEX
8
Layer 1
10
198.333111
20
188.176627
70
0
0
VERTEX
8
Layer 1
10
199.399054
20
187.241284
70
0
0
VERTEX
8
Layer 1
10
200.402081
20
186.152284
70
0
0
VERTEX
8
Layer 1
10
201.333861
20
184.914690
70
0
0
VERTEX
8
Layer 1
10
202.920281
20
182.077162
70
0
0
VERTEX
8
Layer 1
10
204.087613
20
178.870550
70
0
0
VERTEX
8
Layer 1
10
204.808254
20
175.392586
70
0
0
VERTEX
8
Layer 1
10
205.054602
20
171.741000
70
0
0
SEQEND
8
Layer 1
0
POLYLINE
8
Layer 1
62
7
70
0
10
0.000000
20
0.000000
66
1
0
VERTEX
8
Layer 1
10
192.351200
20
181.623466
70
0
0
VERTEX
8
Layer 1
10
192.617723
20
181.431823
70
0
0
VERTEX
8
Layer 1
10
192.871573
20
180.871209
70
0
0
VERTEX
8
Layer 1
10
193.312724
20
178.728959
70
0
0
VERTEX
8
Layer 1
10
193.607492
20
175.522856
70
0
0
VERTEX
8
Layer 1
10
193.711000
20
171.741000
70
0
0
SEQEND
8
Layer 1
0
POLYLINE
8
Layer 1
62
7
70
0
10
0.000000
20
0.000000
66
1
0
VERTEX
8
Layer 1
10
192.351200
20
179.274578
70
0
0
VERTEX
8
Layer 1
10
192.497911
20
179.189886
70
0
0
VERTEX
8
Layer 1
10
192.497911
20
179.020501
70
0
0
VERTEX
8
Layer 1
10
192.351200
20
178.935809
70
0
0
SEQEND
8
Layer 1
0
POLYLINE
8
Layer 1
62
7
70
0
10
0.000000
20
0.000000
66
1
0
VERTEX
8
Layer 1
10
192.351200
20
179.994788
70
0
0
VERTEX
8
Layer 1
10
192.561430
20
179.366506
70
0
0
VERTEX
8
Layer 1
10
192.739654
20
177.577310
70
0
0
VERTEX
8
Layer 1
10
192.900557
20
171.741000
70
0
0
SEQEND
8
Layer 1
0
POLYLINE
8
Layer 1
62
7
70
0
10
0.000000
20
0.000000
66
1
0
VERTEX
8
Layer 1
10
193.236000
20
171.741000
70
0
0
VERTEX
8
Layer 1
10
193.431181
20
171.934007
70
0
0
VERTEX
8
Layer 1
10
193.626363
20
171.741000
70
0
0
SEQEND
8
Layer 1
0
POLYLINE
8
Layer 1
62
7
70
0
10
0.000000
20
0.000000
66
1
0
VERTEX
8
Layer 1
10
192.351200
20
176.964895
70
0
0
VERTEX
8
Layer 1
10
193.229431
20
176.729606
70
0
0
VERTEX
8
Layer 1
10
193.872341
20
176.086782
70
0
0
VERTEX
8
Layer 1
10
194.107663
20
175.208668
70
0
0
VERTEX
8
Layer 1
10
193.872341
20
174.330554
70
0
0
VERTEX
8
Layer 1
10
193.229431
20
173.687730
70
0
0
VERTEX
8
Layer 1
10
192.351200
20
173.452440
70
0
0
SEQEND
8
Layer 1
0
POLYLINE
8
Layer 1
62
7
70
0
10
0.000000
20
0.000000
66
1
0
VERTEX
8
Layer 1
10
192.351200
20
185.898326
70
0
0
VERTEX
8
Layer 1
10
193.791287
20
185.623783
70
0
0
VERTEX
8
Layer 1
10
195.162902
20
184.820663
70
0
0
VERTEX
8
Layer 1
10
196.427503
20
183.519729
70
0
0
VERTEX
8
Layer 1
10
197.546548
20
181.751741
70
0
0
VERTEX
8
Layer 1
10
198.464093
20
179.595491
70
0
0
VERTEX
8
Layer 1
10
199.139249
20
177.158774
70
0
0
VERTEX
8
Layer 1
10
199.556050
20
174.515855
70
0
0
VERTEX
8
Layer 1
10
199.698531
20
171.741000
70
0
0
SEQEND
8
Layer 1
0
POLYLINE
8
Layer 1
62
7
70
0
10
0.000000
20
0.000000
66
1
0
VERTEX
8
Layer 1
10
192.351200
20
187.830894
70
0
0
VERTEX
8
Layer 1
10
193.225050
20
187.752161
70
0
0
VERTEX
8
Layer 1
10
194.084099
20
187.518875
70
0
0
VERTEX
8
Layer 1
10
195.734604
20
186.606124
70
0
0
VERTEX
8
Layer 1
10
197.256336
20
185.127603
70
0
0
VERTEX
8
Layer 1
10
198.602916
20
183.118273
70
0
0
VERTEX
8
Layer 1
10
199.707026
20
180.667682
70
0
0
VERTEX
8
Layer 1
10
200.519460
20
177.898336
70
0
0
VERTEX
8
Layer 1
10
201.021009
20
174.894641
70
0
0
VERTEX
8
Layer 1
10
201.192461
20
171.741000
70
0
0
SEQEND
8
Layer 1
0
POLYLINE
8
Layer 1
62
7
70
0
10
0.000000
20
0.000000
66
1
0
VERTEX
8
Layer 1
10
197.273322
20
171.741000
70
0
0
VERTEX
8
Layer 1
10
197.514032
20
172.157866
70
0
0
VERTEX
8
Layer 1
10
197.995451
20
172.157866
70
0
0
VERTEX
8
Layer 1
10
198.236161
20
171.741000
70
0
0
SEQEND
8
Layer 1
0
POLYLINE
8
Layer 1
62
7
70
0
10
0.000000
20
0.000000
66
1
0
VERTEX
8
Layer 1
10
192.351200
20
184.461491
70
0
0
VERTEX
8
Layer 1
10
192.647485
20
184.214812
70
0
0
VERTEX
8
Layer 1
10
192.929682
20
183.493202
70
0
0
VERTEX
8
Layer 1
10
193.420096
20
180.735746
70
0
0
VERTEX
8
Layer 1
10
193.747779
20
176.608921
70
0
0
VERTEX
8
Layer 1
10
193.862847
20
171.741000
70
0
0
SEQEND
8
Layer 1
0
POLYLINE
8
Layer 1
62
7
70
0
10
0.000000
20
0.000000
66
1
0
VERTEX
8
Layer 1
10
196.504911
20
201.623250
70
0
0
VERTEX
8
Layer 1
10
196.405100
20
201.386556
70
0
0
VERTEX
8
Layer 1
10
196.167543
20
201.288755
70
0
0
VERTEX
8
Layer 1
10
195.929985
20
201.386556
70
0
0
VERTEX
8
Layer 1
10
195.830175
20
201.623250
70
0
0
SEQEND
8
Layer 1
0
POLYLINE
8
Layer 1
62
7
70
0
10
0.000000
20
0.000000
66
1
0
VERTEX
8
Layer 1
10
192.351200
20
196.032520
70
0
0
VERTEX
8
Layer 1
10
192.827252
20
195.904979
70
0
0
VERTEX
8
Layer 1
10
193.175746
20
195.556532
70
0
0
VERTEX
8
Layer 1
10
193.303304
20
195.080543
70
0
0
VERTEX
8
Layer 1
10
193.175746
20
194.604555
70
0
0
VERTEX
8
Layer 1
10
192.827252
20
194.256107
70
0
0
VERTEX
8
Layer 1
10
192.351200
20
194.128567
70
0
0
SEQEND
8
Layer 1
0
POLYLINE
8
Layer 1
62
7
70
0
10
0.000000
20
0.000000
66
1
0
VERTEX
8
Layer 1
10
192.351200
20
197.368089
70
0
0
VERTEX
8
Layer 1
10
194.600728
20
197.242687
70
0
0
VERTEX
8
Layer 1
10
196.812154
20
196.871122
70
0
0
VERTEX
8
Layer 1
10
198.970554
20
196.260354
70
0
0
VERTEX
8
Layer 1
10
201.061004
20
195.417343
70
0
0
VERTEX
8
Layer 1
10
203.068579
20
194.349051
70
0
0
VERTEX
8
Layer 1
10
204.978356
20
193.062437
70
0
0
VERTEX
8
Layer 1
10
206.775411
20
191.564463
70
0
0
VERTEX
8
Layer 1
10
208.444819
20
189.862089
70
0
0
VERTEX
8
Layer 1
10
209.956724
20
187.982369
70
0
0
VERTEX
8
Layer 1
10
211.287098
20
185.958922
70
0
0
VERTEX
8
Layer 1
10
212.429759
20
183.808552
70
0
0
VERTEX
8
Layer 1
10
213.378526
20
181.548063
70
0
0
VERTEX
8
Layer 1
10
214.127217
20
179.194258
70
0
0
VERTEX
8
Layer 1
10
214.669650
20
176.763944
70
0
0
VERTEX
8
Layer 1
10
214.999643
20
174.273923
70
0
0
VERTEX
8
Layer 1
10
215.111014
20
171.741000
70
0
0
SEQEND
8
Layer 1
0
POLYLINE
8
Layer 1
62
7
70
0
10
0.000000
20
0.000000
66
1
0
VERTEX
8
Layer 1
10
222.237450
20
183.789380
70
0
0
VERTEX
8
Layer 1
10
220.825584
20
183.976664
70
0
0
VERTEX
8
Layer 1
10
219.531872
20
184.514240
70
0
0
VERTEX
8
Layer 1
10
218.419399
20
185.365690
70
0
0
VERTEX
8
Layer 1
10
217.551251
20
186.494596
70
0
0
VERTEX
8
Layer 1
10
217.007533
20
187.810787
70
0
0
VERTEX
8
Layer 1
10
216.826293
20
189.199812
70
0
0
VERTEX
8
Layer 1
10
217.007533
20
190.588838
70
0
0
VERTEX
8
Layer 1
10
217.551251
20
191.905028
70
0
0
VERTEX
8
Layer 1
10
218.419399
20
193.033934
70
0
0
VERTEX
8
Layer 1
10
219.531872
20
193.885384
70
0
0
VERTEX
8
Layer 1
10
220.825584
20
194.422960
70
0
0
VERTEX
8
Layer 1
10
222.237450
20
194.610245
70
0
0
SEQEND
8
Layer 1
0
POLYLINE
8
Layer 1
62
7
70
0
10
0.000000
20
0.000000
66
1
0
VERTEX
8
Layer 1
10
222.237450
20
184.197165
70
0
0
VERTEX
8
Layer 1
10
221.443217
20
184.279065
70
0
0
VERTEX
8
Layer 1
10
220.703674
20
184.510200
70
0
0
VERTEX
8
Layer 1
10
219.451790
20
185.356896
70
0
0
VERTEX
8
Layer 1
10
218.608063
20
186.610692
70
0
0
VERTEX
8
Layer 1
10
218.378718
20
187.350703
70
0
0
VERTEX
8
Layer 1
10
218.298762
20
188.145028
70
0
0
VERTEX
8
Layer 1
10
218.378718
20
188.939354
70
0
0
VERTEX
8
Layer 1
10
218.608063
20
189.679365
70
0
0
VERTEX
8
Layer 1
10
219.451790
20
190.933161
70
0
0
VERTEX
8
Layer 1
10
220.703674
20
191.779857
70
0
0
VERTEX
8
Layer 1
10
221.443217
20
192.010992
70
0
0
VERTEX
8
Layer 1
10
222.237450
20
192.092892
70
0
0
SEQEND
8
Layer 1
0
POLYLINE
8
Layer 1
62
7
70
0
10
0.000000
20
0.000000
66
1
0
VERTEX
8
Layer 1
10
222.237450
20
196.840799
70
0
0
VERTEX
8
Layer 1
10
220.208187
20
196.933542
70
0
0
VERTEX
8
Layer 1
10
218.275408
20
197.204841
70
0
0
VERTEX
8
Layer 1
10
216.493426
20
197.644307
70
0
0
VERTEX
8
Layer 1
10
214.916551
20
198.241547
70
0
0
VERTEX
8
Layer 1
10
213.623614
20
198.969944
70
0
0
VERTEX
8
Layer 1
10
212.672235
20
199.793085
70
0
0
VERTEX
8
Layer 1
10
212.084910
20
200.685883
70
0
0
VERTEX
8
Layer 1
10
211.884136
20
201.623250
70
0
0
SEQEND
8
Layer 1
0
POLYLINE
8
Layer 1
62
7
70
0
10
0.000000
20
0.000000
66
1
0
VERTEX
8
Layer 1
10
208.759755
20
201.623250
70
0
0
VERTEX
8
Layer 1
10
208.681224
20
200.862253
70
0
0
VERTEX
8
Layer 1
10
208.459670
20
200.153662
70
0
0
VERTEX
8
Layer 1
10
207.648142
20
198.954180
70
0
0
VERTEX
8
Layer 1
10
206.446464
20
198.145778
70
0
0
VERTEX
8
Layer 1
10
205.737223
20
197.926036
70
0
0
VERTEX
8
Layer 1
10
204.975929
20
197.849428
70
0
0
VERTEX
8
Layer 1
10
204.214635
20
197.926036
70
0
0
VERTEX
8
Layer 1
10
203.505394
20
198.145778
70
0
0
VERTEX
8
Layer 1
10
202.303716
20
198.954180
70
0
0
VERTEX
8
Layer 1
10
201.492188
20
200.153662
70
0
0
VERTEX
8
Layer 1
10
201.270634
20
200.862253
70
0
0
VERTEX
8
Layer 1
10
201.192103
20
201.623250
70
0
0
SEQEND
8
Layer 1
0
POLYLINE
8
Layer 1
62
7
70
0
10
0.000000
20
0.000000
66
1
0
VERTEX
8
Layer 1
10
222.237450
20
182.163236
70
0
0
VERTEX
8
Layer 1
10
222.131892
20
182.224171
70
0
0
VERTEX
8
Layer 1
10
222.131892
20
182.346043
70
0
0
VERTEX
8
Layer 1
10
222.237450
20
182.406979
70
0
0
SEQEND
8
Layer 1
0
POLYLINE
8
Layer 1
62
7
70
0
10
0.000000
20
0.000000
66
1
0
VERTEX
8
Layer 1
10
232.393778
20
186.682125
70
0
0
VERTEX
8
Layer 1
10
231.813544
20
186.985676
70
0
0
VERTEX
8
Layer 1
10
231.273113
20
187.856273
70
0
0
VERTEX
8
Layer 1
10
230.784060
20
189.233834
70
0
0
VERTEX
8
Layer 1
10
230.357965
20
191.058279
70
0
0
VERTEX
8
Layer 1
10
229.740956
20
195.807490
70
0
0
VERTEX
8
Layer 1
10
229.514704
20
201.623250
70
0
0
SEQEND
8
Layer 1
0
POLYLINE
8
Layer 1
62
7
70
0
10
0.000000
20
0.000000
66
1
0
VERTEX
8
Layer 1
10
232.393778
20
186.682125
70
0
0
VERTEX
8
Layer 1
10
232.974012
20
186.378574
70
0
0
VERTEX
8
Layer 1
10
233.514444
20
185.507977
70
0
0
VERTEX
8
Layer 1
10
234.003496
20
184.130416
70
0
0
VERTEX
8
Layer 1
10
234.429591
20
182.305971
70
0
0
VERTEX
8
Layer 1
10
235.046600
20
177.556760
70
0
0
VERTEX
8
Layer 1
10
235.272852
20
171.741000
70
0
0
SEQEND
8
Layer 1
0
POLYLINE
8
Layer 1
62
7
70
0
10
0.000000
20
0.000000
66
1
0
VERTEX
8
Layer 1
10
235.076726
20
201.623250
70
0
0
VERTEX
8
Layer 1
10
234.969549
20
201.223312
70
0
0
VERTEX
8
Layer 1
10
234.676735
20
200.930537
70
0
0
VERTEX
8
Layer 1
10
234.276743
20
200.823374
70
0
0
VERTEX
8
Layer 1
10
233.876752
20
200.930537
70
0
0
VERTEX
8
Layer 1
10
233.583938
20
201.223312
70
0
0
VERTEX
8
Layer 1
10
233.476760
20
201.623250
70
0
0
SEQEND
8
Layer 1
0
POLYLINE
8
Layer 1
62
7
70
0
10
0.000000
20
0.000000
66
1
0
VERTEX
8
Layer 1
10
232.403820
20
201.623250
70
0
0
VERTEX
8
Layer 1
10
232.305961
20
201.138602
70
0
0
VERTEX
8
Layer 1
10
232.039090
20
200.742833
70
0
0
VERTEX
8
Layer 1
10
231.643268
20
200.475998
70
0
0
VERTEX
8
Layer 1
10
231.158555
20
200.378152
70
0
0
VERTEX
8
Layer 1
10
230.673842
20
200.475998
70
0
0
VERTEX
8
Layer 1
10
230.278021
20
200.742833
70
0
0
VERTEX
8
Layer 1
10
230.011150
20
201.138602
70
0
0
VERTEX
8
Layer 1
10
229.913291
20
201.623250
70
0
0
SEQEND
8
Layer 1
0
POLYLINE
8
Layer 1
62
7
70
0
10
0.000000
20
0.000000
66
1
0
VERTEX
8
Layer 1
10
222.237450
20
194.610221
70
0
0
VERTEX
8
Layer 1
10
223.491869
20
194.483781
70
0
0
VERTEX
8
Layer 1
10
224.660238
20
194.121148
70
0
0
VERTEX
8
Layer 1
10
225.717529
20
193.547346
70
0
0
VERTEX
8
Layer 1
10
226.638713
20
192.787402
70
0
0
VERTEX
8
Layer 1
10
227.398758
20
191.866342
70
0
0
VERTEX
8
Layer 1
10
227.972637
20
190.809192
70
0
0
VERTEX
8
Layer 1
10
228.335319
20
189.640979
70
0
0
VERTEX
8
Layer 1
10
228.461775
20
188.386728
70
0
0
VERTEX
8
Layer 1
10
228.335319
20
187.132477
70
0
0
VERTEX
8
Layer 1
10
227.972637
20
185.964264
70
0
0
VERTEX
8
Layer 1
10
227.398758
20
184.907114
70
0
0
VERTEX
8
Layer 1
10
226.638713
20
183.986054
70
0
0
VERTEX
8
Layer 1
10
225.717529
20
183.226110
70
0
0
VERTEX
8
Layer 1
10
224.660238
20
182.652309
70
0
0
VERTEX
8
Layer 1
10
223.491869
20
182.289675
70
0
0
VERTEX
8
Layer 1
10
222.237450
20
182.163236
70
0
0
SEQEND
8
Layer 1
0
POLYLINE
8
Layer 1
62
7
70
0
10
0.000000
20
0.000000
66
1
0
VERTEX
8
Layer 1
10
222.237450
20
192.092892
70
0
0
VERTEX
8
Layer 1
10
223.031683
20
192.010992
70
0
0
VERTEX
8
Layer 1
10
223.771226
20
191.779857
70
0
0
VERTEX
8
Layer 1
10
225.023110
20
190.933161
70
0
0
VERTEX
8
Layer 1
10
225.866837
20
189.679365
70
0
0
VERTEX
8
Layer 1
10
226.096182
20
188.939354
70
0
0
VERTEX
8
Layer 1
10
226.176138
20
188.145028
70
0
0
VERTEX
8
Layer 1
10
226.096182
20
187.350703
70
0
0
VERTEX
8
Layer 1
10
225.866837
20
186.610692
70
0
0
VERTEX
8
Layer 1
10
225.023110
20
185.356896
70
0
0
VERTEX
8
Layer 1
10
223.771226
20
184.510200
70
0
0
VERTEX
8
Layer 1
10
223.031683
20
184.279065
70
0
0
VERTEX
8
Layer 1
10
222.237450
20
184.197165
70
0
0
SEQEND
8
Layer 1
0
POLYLINE
8
Layer 1
62
7
70
0
10
0.000000
20
0.000000
66
1
0
VERTEX
8
Layer 1
10
222.237450
20
183.789380
70
0
0
VERTEX
8
Layer 1
10
222.583096
20
183.696776
70
0
0
VERTEX
8
Layer 1
10
222.836127
20
183.443780
70
0
0
VERTEX
8
Layer 1
10
222.928743
20
183.098179
70
0
0
VERTEX
8
Layer 1
10
222.836127
20
182.752579
70
0
0
VERTEX
8
Layer 1
10
222.583096
20
182.499582
70
0
0
VERTEX
8
Layer 1
10
222.237450
20
182.406979
70
0
0
SEQEND
8
Layer 1
0
POLYLINE
8
Layer 1
62
7
70
0
10
0.000000
20
0.000000
66
1
0
VERTEX
8
Layer 1
10
222.237450
20
200.692286
70
0
0
VERTEX
8
Layer 1
10
222.977992
20
200.550618
70
0
0
VERTEX
8
Layer 1
10
223.705991
20
200.130855
70
0
0
VERTEX
8
Layer 1
10
224.416534
20
199.440862
70
0
0
VERTEX
8
Layer 1
10
225.104708
20
198.488501
70
0
0
VERTEX
8
Layer 1
10
226.394297
20
195.828130
70
0
0
VERTEX
8
Layer 1
10
227.535452
20
192.212651
70
0
0
VERTEX
8
Layer 1
10
228.471128
20
187.803188
70
0
0
VERTEX
8
Layer 1
10
229.159624
20
182.820178
70
0
0
VERTEX
8
Layer 1
10
229.584660
20
177.415491
70
0
0
VERTEX
8
Layer 1
10
229.729957
20
171.741000
70
0
0
SEQEND
8
Layer 1
0
POLYLINE
8
Layer 1
62
7
70
0
10
0.000000
20
0.000000
66
1
0
VERTEX
8
Layer 1
10
222.237450
20
197.056286
70
0
0
VERTEX
8
Layer 1
10
222.343603
20
196.948554
70
0
0
VERTEX
8
Layer 1
10
222.237450
20
196.840823
70
0
0
SEQEND
8
Layer 1
0
POLYLINE
8
Layer 1
62
7
70
0
10
0.000000
20
0.000000
66
1
0
VERTEX
8
Layer 1
10
31.568507
20
141.858750
70
0
0
VERTEX
8
Layer 1
10
31.733618
20
152.423721
70
0
0
VERTEX
8
Layer 1
10
31.912805
20
155.625727
70
0
0
VERTEX
8
Layer 1
10
32.132233
20
156.799875
70
0
0
SEQEND
8
Layer 1
0
POLYLINE
8
Layer 1
62
7
70
0
10
0.000000
20
0.000000
66
1
0
VERTEX
8
Layer 1
10
32.695960
20
171.741000
70
0
0
VERTEX
8
Layer 1
10
32.530848
20
161.176029
70
0
0
VERTEX
8
Layer 1
10
32.351661
20
157.974023
70
0
0
VERTEX
8
Layer 1
10
32.132233
20
156.799875
70
0
0
SEQEND
8
Layer 1
0
POLYLINE
8
Layer 1
62
7
70
0
10
0.000000
20
0.000000
66
1
0
VERTEX
8
Layer 1
10
42.919950
20
146.138725
70
0
0
VERTEX
8
Layer 1
10
42.354138
20
146.213780
70
0
0
VERTEX
8
Layer 1
10
41.835677
20
146.429216
70
0
0
VERTEX
8
Layer 1
10
41.389848
20
146.770439
70
0
0
VERTEX
8
Layer 1
10
41.041934
20
147.222853
70
0
0
VERTEX
8
Layer 1
10
40.824036
20
147.750323
70
0
0
VERTEX
8
Layer 1
10
40.751404
20
148.306981
70
0
0
VERTEX
8
Layer 1
10
40.824036
20
148.863639
70
0
0
VERTEX
8
Layer 1
10
41.041934
20
149.391109
70
0
0
VERTEX
8
Layer 1
10
41.389848
20
149.843523
70
0
0
VERTEX
8
Layer 1
10
41.835677
20
150.184746
70
0
0
VERTEX
8
Layer 1
10
42.354138
20
150.400182
70
0
0
VERTEX
8
Layer 1
10
42.919950
20
150.475237
70
0
0
SEQEND
8
Layer 1
0
POLYLINE
8
Layer 1
62
7
70
0
10
0.000000
20
0.000000
66
1
0
VERTEX
8
Layer 1
10
33.277402
20
141.858750
70
0
0
VERTEX
8
Layer 1
10
33.516320
20
147.576471
70
0
0
VERTEX
8
Layer 1
10
34.196700
20
152.423721
70
0
0
VERTEX
8
Layer 1
10
34.674740
20
154.289591
70
0
0
VERTEX
8
Layer 1
10
35.214960
20
155.662550
70
0
0
VERTEX
8
Layer 1
10
35.800895
20
156.510133
70
0
0
VERTEX
8
Layer 1
10
36.416080
20
156.799875
70
0
0
SEQEND
8
Layer 1
0
POLYLINE
8
Layer 1
62
7
70
0
10
0.000000
20
0.000000
66
1
0
VERTEX
8
Layer 1
10
39.554734
20
171.741000
70
0
0
VERTEX
8
Layer 1
10
39.308084
20
165.925267
70
0
0
VERTEX
8
Layer 1
10
38.635445
20
161.176069
70
0
0
VERTEX
8
Layer 1
10
38.170933
20
159.351624
70
0
0
VERTEX
8
Layer 1
10
37.637788
20
157.974055
70
0
0
VERTEX
8
Layer 1
10
37.048630
20
157.103445
70
0
0
VERTEX
8
Layer 1
10
36.416080
20
156.799875
70
0
0
SEQEND
8
Layer 1
0
POLYLINE
8
Layer 1
62
7
70
0
10
0.000000
20
0.000000
66
1
0
VERTEX
8
Layer 1
10
42.919950
20
144.130088
70
0
0
VERTEX
8
Layer 1
10
41.723323
20
144.288821
70
0
0
VERTEX
8
Layer 1
10
40.626838
20
144.744443
70
0
0
VERTEX
8
Layer 1
10
39.683962
20
145.466089
70
0
0
VERTEX
8
Layer 1
10
38.948163
20
146.422893
70
0
0
VERTEX
8
Layer 1
10
38.487335
20
147.538430
70
0
0
VERTEX
8
Layer 1
10
38.333726
20
148.715698
70
0
0
VERTEX
8
Layer 1
10
38.487335
20
149.892967
70
0
0
VERTEX
8
Layer 1
10
38.948163
20
151.008504
70
0
0
VERTEX
8
Layer 1
10
39.683962
20
151.965308
70
0
0
VERTEX
8
Layer 1
10
40.626838
20
152.686954
70
0
0
VERTEX
8
Layer 1
10
41.723323
20
153.142576
70
0
0
VERTEX
8
Layer 1
10
42.919950
20
153.301309
70
0
0
SEQEND
8
Layer 1
0
POLYLINE
8
Layer 1
62
7
70
0
10
0.000000
20
0.000000
66
1
0
VERTEX
8
Layer 1
10
20.710641
20
141.858750
70
0
0
VERTEX
8
Layer 1
10
20.947685
20
152.423721
70
0
0
VERTEX
8
Layer 1
10
21.210247
20
155.662550
70
0
0
VERTEX
8
Layer 1
10
21.361333
20
156.510133
70
0
0
VERTEX
8
Layer 1
10
21.519960
20
156.799875
70
0
0
SEQEND
8
Layer 1
0
POLYLINE
8
Layer 1
62
7
70
0
10
0.000000
20
0.000000
66
1
0
VERTEX
8
Layer 1
10
22.329280
20
171.741000
70
0
0
VERTEX
8
Layer 1
10
22.092236
20
161.176029
70
0
0
VERTEX
8
Layer 1
10
21.829674
20
157.937200
70
0
0
VERTEX
8
Layer 1
10
21.678588
20
157.089617
70
0
0
VERTEX
8
Layer 1
10
21.519960
20
156.799875
70
0
0
SEQEND
8
Layer 1
0
POLYLINE
8
Layer 1
62
7
70
0
10
0.000000
20
0.000000
66
1
0
VERTEX
8
Layer 1
10
72.806200
20
144.594004
70
0
0
VERTEX
8
Layer 1
10
70.828788
20
144.796229
70
0
0
VERTEX
8
Layer 1
10
68.987348
20
145.370291
70
0
0
VERTEX
8
Layer 1
10
67.321234
20
146.276778
70
0
0
VERTEX
8
Layer 1
10
65.869802
20
147.476281
70
0
0
VERTEX
8
Layer 1
10
64.672404
20
148.929390
70
0
0
VERTEX
8
Layer 1
10
63.768395
20
150.596692
70
0
0
VERTEX
8
Layer 1
10
63.197130
20
152.438779
70
0
0
VERTEX
8
Layer 1
10
62.997963
20
154.416240
70
0
0
VERTEX
8
Layer 1
10
63.197130
20
156.393700
70
0
0
VERTEX
8
Layer 1
10
63.768395
20
158.235787
70
0
0
VERTEX
8
Layer 1
10
64.672404
20
159.903090
70
0
0
VERTEX
8
Layer 1
10
65.869802
20
161.356198
70
0
0
VERTEX
8
Layer 1
10
67.321234
20
162.555701
70
0
0
VERTEX
8
Layer 1
10
68.987348
20
163.462189
70
0
0
VERTEX
8
Layer 1
10
70.828788
20
164.036250
70
0
0
VERTEX
8
Layer 1
10
72.806200
20
164.238475
70
0
0
SEQEND
8
Layer 1
0
POLYLINE
8
Layer 1
62
7
70
0
10
0.000000
20
0.000000
66
1
0
VERTEX
8
Layer 1
10
72.806200
20
153.837755
70
0
0
VERTEX
8
Layer 1
10
71.968901
20
153.924045
70
0
0
VERTEX
8
Layer 1
10
71.189252
20
154.167671
70
0
0
VERTEX
8
Layer 1
10
70.483893
20
154.551954
70
0
0
VERTEX
8
Layer 1
10
69.869465
20
155.060216
70
0
0
VERTEX
8
Layer 1
10
69.362609
20
155.675779
70
0
0
VERTEX
8
Layer 1
10
68.979965
20
156.381962
70
0
0
VERTEX
8
Layer 1
10
68.738176
20
157.162089
70
0
0
VERTEX
8
Layer 1
10
68.653882
20
157.999480
70
0
0
VERTEX
8
Layer 1
10
68.738176
20
158.836871
70
0
0
VERTEX
8
Layer 1
10
68.979965
20
159.616998
70
0
0
VERTEX
8
Layer 1
10
69.362609
20
160.323181
70
0
0
VERTEX
8
Layer 1
10
69.869465
20
160.938744
70
0
0
VERTEX
8
Layer 1
10
70.483893
20
161.447006
70
0
0
VERTEX
8
Layer 1
10
71.189252
20
161.831289
70
0
0
VERTEX
8
Layer 1
10
71.968901
20
162.074915
70
0
0
VERTEX
8
Layer 1
10
72.806200
20
162.161205
70
0
0
SEQEND
8
Layer 1
0
POLYLINE
8
Layer 1
62
7
70
0
10
0.000000
20
0.000000
66
1
0
VERTEX
8
Layer 1
10
72.806200
20
154.273271
70
0
0
VERTEX
8
Layer 1
10
72.374458
20
154.452081
70
0
0
VERTEX
8
Layer 1
10
72.195624
20
154.883765
70
0
0
VERTEX
8
Layer 1
10
72.374458
20
155.315450
70
0
0
VERTEX
8
Layer 1
10
72.806200
20
155.494260
70
0
0
SEQEND
8
Layer 1
0
POLYLINE
8
Layer 1
62
7
70
0
10
0.000000
20
0.000000
66
1
0
VERTEX
8
Layer 1
10
52.901575
20
171.741000
70
0
0
VERTEX
8
Layer 1
10
52.627386
20
170.398925
70
0
0
VERTEX
8
Layer 1
10
51.886175
20
169.303546
70
0
0
VERTEX
8
Layer 1
10
50.788703
20
168.565318
70
0
0
VERTEX
8
Layer 1
10
49.445732
20
168.294697
70
0
0
VERTEX
8
Layer 1
10
48.102761
20
168.565318
70
0
0
VERTEX
8
Layer 1
10
47.005290
20
169.303546
70
0
0
VERTEX
8
Layer 1
10
46.264079
20
170.398925
70
0
0
VERTEX
8
Layer 1
10
45.989890
20
171.741000
70
0
0
SEQEND
8
Layer 1
0
POLYLINE
8
Layer 1
62
7
70
0
10
0.000000
20
0.000000
66
1
0
VERTEX
8
Layer 1
10
50.775156
20
171.741000
70
0
0
VERTEX
8
Layer 1
10
50.524328
20
171.142272
70
0
0
VERTEX
8
Layer 1
10
49.924199
20
170.894655
70
0
0
VERTEX
8
Layer 1
10
49.324070
20
171.142272
70
0
0
VERTEX
8
Layer 1
10
49.073242
20
171.741000
70
0
0
SEQEND
8
Layer 1
0
POLYLINE
8
Layer 1
62
7
70
0
10
0.000000
20
0.000000
66
1
0
VERTEX
8
Layer 1
10
42.919950
20
150.475237
70
0
0
VERTEX
8
Layer 1
10
43.981594
20
150.308144
70
0
0
VERTEX
8
Layer 1
10
44.992759
20
149.819346
70
0
0
VERTEX
8
Layer 1
10
45.925034
20
149.027566
70
0
0
VERTEX
8
Layer 1
10
46.750003
20
147.951526
70
0
0
VERTEX
8
Layer 1
10
47.426425
20
146.639181
70
0
0
VERTEX
8
Layer 1
10
47.924155
20
145.156137
70
0
0
VERTEX
8
Layer 1
10
48.231424
20
143.547593
70
0
0
VERTEX
8
Layer 1
10
48.336462
20
141.858750
70
0
0
SEQEND
8
Layer 1
0
POLYLINE
8
Layer 1
62
7
70
0
10
0.000000
20
0.000000
66
1
0
VERTEX
8
Layer 1
10
42.919950
20
146.138749
70
0
0
VERTEX
8
Layer 1
10
43.310928
20
146.059824
70
0
0
VERTEX
8
Layer 1
10
43.630205
20
145.844591
70
0
0
VERTEX
8
Layer 1
10
43.845468
20
145.525356
70
0
0
VERTEX
8
Layer 1
10
43.924403
20
145.134430
70
0
0
VERTEX
8
Layer 1
10
43.845468
20
144.743504
70
0
0
VERTEX
8
Layer 1
10
43.630205
20
144.424270
70
0
0
VERTEX
8
Layer 1
10
43.310928
20
144.209036
70
0
0
VERTEX
8
Layer 1
10
42.919950
20
144.130112
70
0
0
SEQEND
8
Layer 1
0
POLYLINE
8
Layer 1
62
7
70
0
10
0.000000
20
0.000000
66
1
0
VERTEX
8
Layer 1
10
67.981938
20
171.741000
70
0
0
VERTEX
8
Layer 1
10
67.728712
20
169.261736
70
0
0
VERTEX
8
Layer 1
10
67.009090
20
166.952909
70
0
0
VERTEX
8
Layer 1
10
65.872503
20
164.863875
70
0
0
VERTEX
8
Layer 1
10
64.368382
20
163.043989
70
0
0
VERTEX
8
Layer 1
10
62.546158
20
161.542606
70
0
0
VERTEX
8
Layer 1
10
60.455263
20
160.409083
70
0
0
VERTEX
8
Layer 1
10
58.145126
20
159.692775
70
0
0
VERTEX
8
Layer 1
10
55.665180
20
159.443037
70
0
0
VERTEX
8
Layer 1
10
53.185234
20
159.692775
70
0
0
VERTEX
8
Layer 1
10
50.875098
20
160.409083
70
0
0
VERTEX
8
Layer 1
10
48.784203
20
161.542606
70
0
0
VERTEX
8
Layer 1
10
46.961979
20
163.043989
70
0
0
VERTEX
8
Layer 1
10
45.457858
20
164.863875
70
0
0
VERTEX
8
Layer 1
10
44.321271
20
166.952909
70
0
0
VERTEX
8
Layer 1
10
43.601649
20
169.261736
70
0
0
VERTEX
8
Layer 1
10
43.348423
20
171.741000
70
0
0
SEQEND
8
Layer 1
0
POLYLINE
8
Layer 1
62
7
70
0
10
0.000000
20
0.000000
66
1
0
VERTEX
8
Layer 1
10
65.145015
20
171.741000
70
0
0
VERTEX
8
Layer 1
10
65.009911
20
170.722774
70
0
0
VERTEX
8
Layer 1
10
64.622112
20
169.789761
70
0
0
VERTEX
8
Layer 1
10
64.007890
20
168.987455
70
0
0
VERTEX
8
Layer 1
10
63.193515
20
168.361355
70
0
0
VERTEX
8
Layer 1
10
62.244036
20
167.969230
70
0
0
VERTEX
8
Layer 1
10
61.242014
20
167.838522
70
0
0
VERTEX
8
Layer 1
10
60.239993
20
167.969230
70
0
0
VERTEX
8
Layer 1
10
59.290514
20
168.361355
70
0
0
VERTEX
8
Layer 1
10
58.476139
20
168.987455
70
0
0
VERTEX
8
Layer 1
10
57.861917
20
169.789761
70
0
0
VERTEX
8
Layer 1
10
57.474118
20
170.722774
70
0
0
VERTEX
8
Layer 1
10
57.339014
20
171.741000
70
0
0
SEQEND
8
Layer 1
0
POLYLINE
8
Layer 1
62
7
70
0
10
0.000000
20
0.000000
66
1
0
VERTEX
8
Layer 1
10
67.867629
20
171.741000
70
0
0
VERTEX
8
Layer 1
10
67.729591
20
170.395703
70
0
0
VERTEX
8
Layer 1
10
67.338584
20
169.142959
70
0
0
VERTEX
8
Layer 1
10
66.721422
20
168.009528
70
0
0
VERTEX
8
Layer 1
10
65.904917
20
167.022170
70
0
0
VERTEX
8
Layer 1
10
64.915884
20
166.207643
70
0
0
VERTEX
8
Layer 1
10
63.781136
20
165.592707
70
0
0
VERTEX
8
Layer 1
10
62.527488
20
165.204122
70
0
0
VERTEX
8
Layer 1
10
61.181752
20
165.068648
70
0
0
VERTEX
8
Layer 1
10
59.836016
20
165.204122
70
0
0
VERTEX
8
Layer 1
10
58.582367
20
165.592707
70
0
0
VERTEX
8
Layer 1
10
57.447620
20
166.207643
70
0
0
VERTEX
8
Layer 1
10
56.458587
20
167.022170
70
0
0
VERTEX
8
Layer 1
10
55.642082
20
168.009528
70
0
0
VERTEX
8
Layer 1
10
55.024919
20
169.142959
70
0
0
VERTEX
8
Layer 1
10
54.633912
20
170.395703
70
0
0
VERTEX
8
Layer 1
10
54.495875
20
171.741000
70
0
0
SEQEND
8
Layer 1
0
POLYLINE
8
Layer 1
62
7
70
0
10
0.000000
20
0.000000
66
1
0
VERTEX
8
Layer 1
10
72.806200
20
143.965831
70
0
0
VERTEX
8
Layer 1
10
72.401562
20
144.101744
70
0
0
VERTEX
8
Layer 1
10
72.003778
20
144.504454
70
0
0
VERTEX
8
Layer 1
10
71.239509
20
146.080090
70
0
0
VERTEX
8
Layer 1
10
70.534868
20
148.632386
70
0
0
VERTEX
8
Layer 1
10
69.911332
20
152.100990
70
0
0
VERTEX
8
Layer 1
10
69.400072
20
156.331322
70
0
0
VERTEX
8
Layer 1
10
69.023872
20
161.111903
70
0
0
VERTEX
8
Layer 1
10
68.791629
20
166.297030
70
0
0
VERTEX
8
Layer 1
10
68.712238
20
171.741000
70
0
0
SEQEND
8
Layer 1
0
POLYLINE
8
Layer 1
62
7
70
0
10
0.000000
20
0.000000
66
1
0
VERTEX
8
Layer 1
10
72.806200
20
167.282640
70
0
0
VERTEX
8
Layer 1
10
72.439566
20
167.369098
70
0
0
VERTEX
8
Layer 1
10
72.090364
20
167.622012
70
0
0
VERTEX
8
Layer 1
10
71.483508
20
168.588463
70
0
0
VERTEX
8
Layer 1
10
71.078020
20
170.034859
70
0
0
VERTEX
8
Layer 1
10
70.935632
20
171.741000
70
0
0
SEQEND
8
Layer 1
0
POLYLINE
8
Layer 1
62
7
70
0
10
0.000000
20
0.000000
66
1
0
VERTEX
8
Layer 1
10
57.347214
20
141.858750
70
0
0
VERTEX
8
Layer 1
10
57.437165
20
142.075881
70
0
0
VERTEX
8
Layer 1
10
57.654326
20
142.165820
70
0
0
VERTEX
8
Layer 1
10
57.871486
20
142.075881
70
0
0
VERTEX
8
Layer 1
10
57.961437
20
141.858750
70
0
0
SEQEND
8
Layer 1
0
POLYLINE
8
Layer 1
62
7
70
0
10
0.000000
20
0.000000
66
1
0
VERTEX
8
Layer 1
10
42.919950
20
153.301309
70
0
0
VERTEX
8
Layer 1
10
48.553596
20
153.079412
70
0
0
VERTEX
8
Layer 1
10
53.919381
20
152.430296
70
0
0
VERTEX
8
Layer 1
10
58.866524
20
151.378825
70
0
0
VERTEX
8
Layer 1
10
63.244248
20
149.949861
70
0
0
VERTEX
8
Layer 1
10
65.153601
20
149.110562
70
0
0
VERTEX
8
Layer 1
10
66.833703
20
148.207088
70
0
0
VERTEX
8
Layer 1
10
68.276747
20
147.246942
70
0
0
VERTEX
8
Layer 1
10
69.474925
20
146.237628
70
0
0
VERTEX
8
Layer 1
10
70.420431
20
145.186648
70
0
0
VERTEX
8
Layer 1
10
71.105458
20
144.101507
70
0
0
VERTEX
8
Layer 1
10
71.522199
20
142.989706
70
0
0
VERTEX
8
Layer 1
10
71.662848
20
141.858750
70
0
0
SEQEND
8
Layer 1
0
POLYLINE
8
Layer 1
62
7
70
0
10
0.000000
20
0.000000
66
1
0
VERTEX
8
Layer 1
10
62.470674
20
141.858750
70
0
0
VERTEX
8
Layer 1
10
62.670400
20
142.604037
70
0
0
VERTEX
8
Layer 1
10
63.216061
20
143.149625
70
0
0
VERTEX
8
Layer 1
10
63.961448
20
143.349324
70
0
0
VERTEX
8
Layer 1
10
64.706835
20
143.149625
70
0
0
VERTEX
8
Layer 1
10
65.252496
20
142.604037
70
0
0
VERTEX
8
Layer 1
10
65.452222
20
141.858750
70
0
0
SEQEND
8
Layer 1
0
POLYLINE
8
Layer 1
62
7
70
0
10
0.000000
20
0.000000
66
1
0
VERTEX
8
Layer 1
10
54.771522
20
141.858750
70
0
0
VERTEX
8
Layer 1
10
55.024614
20
143.766201
70
0
0
VERTEX
8
Layer 1
10
55.751081
20
145.514025
70
0
0
VERTEX
8
Layer 1
10
56.901709
20
147.016991
70
0
0
VERTEX
8
Layer 1
10
58.427286
20
148.189871
70
0
0
VERTEX
8
Layer 1
10
60.205954
20
148.924442
70
0
0
VERTEX
8
Layer 1
10
62.083049
20
149.169299
70
0
0
VERTEX
8
Layer 1
10
63.960145
20
148.924442
70
0
0
VERTEX
8
Layer 1
10
65.738813
20
148.189871
70
0
0
VERTEX
8
Layer 1
10
67.264390
20
147.016991
70
0
0
VERTEX
8
Layer 1
10
68.415018
20
145.514025
70
0
0
VERTEX
8
Layer 1
10
69.141485
20
143.766201
70
0
0
VERTEX
8
Layer 1
10
69.394577
20
141.858750
70
0
0
SEQEND
8
Layer 1
0
POLYLINE
8
Layer 1
62
7
70
0
10
0.000000
20
0.000000
66
1
0
VERTEX
8
Layer 1
10
87.749325
20
159.389949
70
0
0
VERTEX
8
Layer 1
10
88.052916
20
160.421133
70
0
0
VERTEX
8
Layer 1
10
88.923630
20
161.381582
70
0
0
VERTEX
8
Layer 1
10
90.301376
20
162.250719
70
0
0
VERTEX
8
Layer 1
10
92.126065
20
163.007970
70
0
0
VERTEX
8
Layer 1
10
94.337607
20
163.632759
70
0
0
VERTEX
8
Layer 1
10
96.875911
20
164.104511
70
0
0
VERTEX
8
Layer 1
10
99.680889
20
164.402651
70
0
0
VERTEX
8
Layer 1
10
102.692450
20
164.506603
70
0
0
SEQEND
8
Layer 1
0
POLYLINE
8
Layer 1
62
7
70
0
10
0.000000
20
0.000000
66
1
0
VERTEX
8
Layer 1
10
87.749325
20
159.389949
70
0
0
VERTEX
8
Layer 1
10
87.459544
20
158.387078
70
0
0
VERTEX
8
Layer 1
10
86.611847
20
157.431890
70
0
0
VERTEX
8
Layer 1
10
85.238705
20
156.551227
70
0
0
VERTEX
8
Layer 1
10
83.372585
20
155.771928
70
0
0
VERTEX
8
Layer 1
10
81.096653
20
155.132953
70
0
0
VERTEX
8
Layer 1
10
78.524686
20
154.662777
70
0
0
VERTEX
8
Layer 1
10
75.735072
20
154.372518
70
0
0
VERTEX
8
Layer 1
10
72.806200
20
154.273295
70
0
0
SEQEND
8
Layer 1
0
POLYLINE
8
Layer 1
62
7
70
0
10
0.000000
20
0.000000
66
1
0
VERTEX
8
Layer 1
10
87.749325
20
154.773811
70
0
0
VERTEX
8
Layer 1
10
88.039041
20
154.957282
70
0
0
VERTEX
8
Layer 1
10
88.886693
20
155.132031
70
0
0
VERTEX
8
Layer 1
10
92.125930
20
155.435717
70
0
0
VERTEX
8
Layer 1
10
96.973875
20
155.638635
70
0
0
VERTEX
8
Layer 1
10
102.692450
20
155.709890
70
0
0
SEQEND
8
Layer 1
0
POLYLINE
8
Layer 1
62
7
70
0
10
0.000000
20
0.000000
66
1
0
VERTEX
8
Layer 1
10
87.749325
20
154.773811
70
0
0
VERTEX
8
Layer 1
10
87.445734
20
154.585163
70
0
0
VERTEX
8
Layer 1
10
86.575020
20
154.409456
70
0
0
VERTEX
8
Layer 1
10
83.372585
20
154.111919
70
0
0
VERTEX
8
Layer 1
10
78.622739
20
153.911315
70
0
0
VERTEX
8
Layer 1
10
72.806200
20
153.837755
70
0
0
SEQEND
8
Layer 1
0
POLYLINE
8
Layer 1
62
7
70
0
10
0.000000
20
0.000000
66
1
0
VERTEX
8
Layer 1
10
80.921728
20
141.858750
70
0
0
VERTEX
8
Layer 1
10
81.082694
20
142.655937
70
0
0
VERTEX
8
Layer 1
10
81.521663
20
143.306928
70
0
0
VERTEX
8
Layer 1
10
82.172742
20
143.745839
70
0
0
VERTEX
8
Layer 1
10
82.970035
20
143.906784
70
0
0
VERTEX
8
Layer 1
10
83.767329
20
143.745839
70
0
0
VERTEX
8
Layer 1
10
84.418408
20
143.306928
70
0
0
VERTEX
8
Layer 1
10
84.857377
20
142.655937
70
0
0
VERTEX
8
Layer 1
10
85.018343
20
141.858750
70
0
0
SEQEND
8
Layer 1
0
POLYLINE
8
Layer 1
62
7
70
0
10
0.000000
20
0.000000
66
1
0
VERTEX
8
Layer 1
10
81.659009
20
141.858750
70
0
0
VERTEX
8
Layer 1
10
81.863847
20
142.623114
70
0
0
VERTEX
8
Layer 1
10
82.423476
20
143.182667
70
0
0
VERTEX
8
Layer 1
10
83.187942
20
143.387478
70
0
0
VERTEX
8
Layer 1
10
83.952408
20
143.182667
70
0
0
VERTEX
8
Layer 1
10
84.512037
20
142.623114
70
0
0
VERTEX
8
Layer 1
10
84.716875
20
141.858750
70
0
0
SEQEND
8
Layer 1
0
POLYLINE
8
Layer 1
62
7
70
0
10
0.000000
20
0.000000
66
1
0
VERTEX
8
Layer 1
10
102.692450
20
143.153895
70
0
0
VERTEX
8
Layer 1
10
92.126065
20
143.272800
70
0
0
VERTEX
8
Layer 1
10
88.923630
20
143.401842
70
0
0
VERTEX
8
Layer 1
10
87.749325
20
143.559863
70
0
0
SEQEND
8
Layer 1
0
POLYLINE
8
Layer 1
62
7
70
0
10
0.000000
20
0.000000
66
1
0
VERTEX
8
Layer 1
10
72.806200
20
143.965831
70
0
0
VERTEX
8
Layer 1
10
83.372585
20
143.846926
70
0
0
VERTEX
8
Layer 1
10
86.575020
20
143.717884
70
0
0
VERTEX
8
Layer 1
10
87.749325
20
143.559863
70
0
0
SEQEND
8
Layer 1
0
POLYLINE
8
Layer 1
62
7
70
0
10
0.000000
20
0.000000
66
1
0
VERTEX
8
Layer 1
10
87.749325
20
148.694255
70
0
0
VERTEX
8
Layer 1
10
88.052916
20
149.520599
70
0
0
VERTEX
8
Layer 1
10
88.923630
20
150.290258
70
0
0
VERTEX
8
Layer 1
10
90.301376
20
150.986744
70
0
0
VERTEX
8
Layer 1
10
92.126065
20
151.593570
70
0
0
VERTEX
8
Layer 1
10
94.337607
20
152.094248
70
0
0
VERTEX
8
Layer 1
10
96.875911
20
152.472288
70
0
0
VERTEX
8
Layer 1
10
99.680889
20
152.711203
70
0
0
VERTEX
8
Layer 1
10
102.692450
20
152.794506
70
0
0
SEQEND
8
Layer 1
0
POLYLINE
8
Layer 1
62
7
70
0
10
0.000000
20
0.000000
66
1
0
VERTEX
8
Layer 1
10
87.749325
20
148.694255
70
0
0
VERTEX
8
Layer 1
10
87.459544
20
147.890600
70
0
0
VERTEX
8
Layer 1
10
86.611847
20
147.125157
70
0
0
VERTEX
8
Layer 1
10
85.238705
20
146.419434
70
0
0
VERTEX
8
Layer 1
10
83.372585
20
145.794940
70
0
0
VERTEX
8
Layer 1
10
81.096653
20
145.282894
70
0
0
VERTEX
8
Layer 1
10
78.524686
20
144.906117
70
0
0
VERTEX
8
Layer 1
10
75.735072
20
144.673517
70
0
0
VERTEX
8
Layer 1
10
72.806200
20
144.594004
70
0
0
SEQEND
8
Layer 1
0
POLYLINE
8
Layer 1
62
7
70
0
10
0.000000
20
0.000000
66
1
0
VERTEX
8
Layer 1
10
80.029085
20
141.858750
70
0
0
VERTEX
8
Layer 1
10
80.267146
20
143.652920
70
0
0
VERTEX
8
Layer 1
10
80.950469
20
145.296942
70
0
0
VERTEX
8
Layer 1
10
82.032763
20
146.710649
70
0
0
VERTEX
8
Layer 1
10
83.467737
20
147.813873
70
0
0
VERTEX
8
Layer 1
10
85.140772
20
148.504819
70
0
0
VERTEX
8
Layer 1
10
86.906389
20
148.735134
70
0
0
VERTEX
8
Layer 1
10
88.672006
20
148.504819
70
0
0
VERTEX
8
Layer 1
10
90.345041
20
147.813873
70
0
0
VERTEX
8
Layer 1
10
91.780016
20
146.710649
70
0
0
VERTEX
8
Layer 1
10
92.862310
20
145.296942
70
0
0
VERTEX
8
Layer 1
10
93.545632
20
143.652920
70
0
0
VERTEX
8
Layer 1
10
93.783694
20
141.858750
70
0
0
SEQEND
8
Layer 1
0
POLYLINE
8
Layer 1
62
7
70
0
10
0.000000
20
0.000000
66
1
0
VERTEX
8
Layer 1
10
74.840545
20
141.858750
70
0
0
VERTEX
8
Layer 1
10
75.026423
20
142.766277
70
0
0
VERTEX
8
Layer 1
10
75.527960
20
143.506902
70
0
0
VERTEX
8
Layer 1
10
76.270284
20
144.006001
70
0
0
VERTEX
8
Layer 1
10
77.178523
20
144.188951
70
0
0
VERTEX
8
Layer 1
10
78.086761
20
144.006001
70
0
0
VERTEX
8
Layer 1
10
78.829085
20
143.506902
70
0
0
VERTEX
8
Layer 1
10
79.330622
20
142.766277
70
0
0
VERTEX
8
Layer 1
10
79.516500
20
141.858750
70
0
0
SEQEND
8
Layer 1
0
POLYLINE
8
Layer 1
62
7
70
0
10
0.000000
20
0.000000
66
1
0
VERTEX
8
Layer 1
10
102.692450
20
157.898179
70
0
0
VERTEX
8
Layer 1
10
102.292984
20
157.978817
70
0
0
VERTEX
8
Layer 1
10
101.966776
20
158.198723
70
0
0
VERTEX
8
Layer 1
10
101.746841
20
158.524887
70
0
0
VERTEX
8
Layer 1
10
101.666192
20
158.924300
70
0
0
VERTEX
8
Layer 1
10
101.746841
20
159.323712
70
0
0
VERTEX
8
Layer 1
10
101.966776
20
159.649877
70
0
0
VERTEX
8
Layer 1
10
102.292984
20
159.869783
70
0
0
VERTEX
8
Layer 1
10
102.692450
20
159.950420
70
0
0
SEQEND
8
Layer 1
0
POLYLINE
8
Layer 1
62
7
70
0
10
0.000000
20
0.000000
66
1
0
VERTEX
8
Layer 1
10
102.692450
20
155.787751
70
0
0
VERTEX
8
Layer 1
10
101.755183
20
155.912080
70
0
0
VERTEX
8
Layer 1
10
100.896352
20
156.268950
70
0
0
VERTEX
8
Layer 1
10
100.157837
20
156.834185
70
0
0
VERTEX
8
Layer 1
10
99.581517
20
157.583609
70
0
0
VERTEX
8
Layer 1
10
99.220570
20
158.457362
70
0
0
VERTEX
8
Layer 1
10
99.100254
20
159.379466
70
0
0
VERTEX
8
Layer 1
10
99.220570
20
160.301571
70
0
0
VERTEX
8
Layer 1
10
99.581517
20
161.175324
70
0
0
VERTEX
8
Layer 1
10
100.157837
20
161.924748
70
0
0
VERTEX
8
Layer 1
10
100.896352
20
162.489983
70
0
0
VERTEX
8
Layer 1
10
101.755183
20
162.846852
70
0
0
VERTEX
8
Layer 1
10
102.692450
20
162.971181
70
0
0
SEQEND
8
Layer 1
0
POLYLINE
8
Layer 1
62
7
70
0
10
0.000000
20
0.000000
66
1
0
VERTEX
8
Layer 1
10
102.692450
20
164.902531
70
0
0
VERTEX
8
Layer 1
10
102.366338
20
165.037593
70
0
0
VERTEX
8
Layer 1
10
102.231257
20
165.363662
70
0
0
VERTEX
8
Layer 1
10
102.366338
20
165.689730
70
0
0
VERTEX
8
Layer 1
10
102.692450
20
165.824793
70
0
0
SEQEND
8
Layer 1
0
POLYLINE
8
Layer 1
62
7
70
0
10
0.000000
20
0.000000
66
1
0
VERTEX
8
Layer 1
10
95.103614
20
171.741000
70
0
0
VERTEX
8
Layer 1
10
94.994505
20
170.999468
70
0
0
VERTEX
8
Layer 1
10
94.671217
20
170.270495
70
0
0
VERTEX
8
Layer 1
10
94.139804
20
169.559002
70
0
0
VERTEX
8
Layer 1
10
93.406324
20
168.869908
70
0
0
VERTEX
8
Layer 1
10
91.357386
20
167.578596
70
0
0
VERTEX
8
Layer 1
10
88.572853
20
166.435914
70
0
0
VERTEX
8
Layer 1
10
85.176816
20
165.498988
70
0
0
VERTEX
8
Layer 1
10
81.339051
20
164.809571
70
0
0
VERTEX
8
Layer 1
10
77.176523
20
164.383966
70
0
0
VERTEX
8
Layer 1
10
72.806200
20
164.238475
70
0
0
SEQEND
8
Layer 1
0
POLYLINE
8
Layer 1
62
7
70
0
10
0.000000
20
0.000000
66
1
0
VERTEX
8
Layer 1
10
91.759342
20
171.741000
70
0
0
VERTEX
8
Layer 1
10
91.644448
20
170.875087
70
0
0
VERTEX
8
Layer 1
10
91.314658
20
170.081639
70
0
0
VERTEX
8
Layer 1
10
90.792315
20
169.399347
70
0
0
VERTEX
8
Layer 1
10
90.099759
20
168.866902
70
0
0
VERTEX
8
Layer 1
10
89.292308
20
168.533433
70
0
0
VERTEX
8
Layer 1
10
88.440176
20
168.422277
70
0
0
VERTEX
8
Layer 1
10
87.588043
20
168.533433
70
0
0
VERTEX
8
Layer 1
10
86.780592
20
168.866902
70
0
0
VERTEX
8
Layer 1
10
86.088036
20
169.399347
70
0
0
VERTEX
8
Layer 1
10
85.565693
20
170.081639
70
0
0
VERTEX
8
Layer 1
10
85.235903
20
170.875087
70
0
0
VERTEX
8
Layer 1
10
85.121009
20
171.741000
70
0
0
SEQEND
8
Layer 1
0
POLYLINE
8
Layer 1
62
7
70
0
10
0.000000
20
0.000000
66
1
0
VERTEX
8
Layer 1
10
87.955492
20
171.741000
70
0
0
VERTEX
8
Layer 1
10
87.797427
20
171.151172
70
0
0
VERTEX
8
Layer 1
10
87.365586
20
170.719388
70
0
0
VERTEX
8
Layer 1
10
86.775679
20
170.561344
70
0
0
VERTEX
8
Layer 1
10
86.185772
20
170.719388
70
0
0
VERTEX
8
Layer 1
10
85.753930
20
171.151172
70
0
0
VERTEX
8
Layer 1
10
85.595865
20
171.741000
70
0
0
SEQEND
8
Layer 1
0
POLYLINE
8
Layer 1
62
7
70
0
10
0.000000
20
0.000000
66
1
0
VERTEX
8
Layer 1
10
74.197799
20
171.741000
70
0
0
VERTEX
8
Layer 1
10
74.091870
20
170.034859
70
0
0
VERTEX
8
Layer 1
10
73.790209
20
168.588463
70
0
0
VERTEX
8
Layer 1
10
73.338742
20
167.622012
70
0
0
VERTEX
8
Layer 1
10
72.806200
20
167.282640
70
0
0
SEQEND
8
Layer 1
0
POLYLINE
8
Layer 1
62
7
70
0
10
0.000000
20
0.000000
66
1
0
VERTEX
8
Layer 1
10
99.017613
20
171.741000
70
0
0
VERTEX
8
Layer 1
10
98.889352
20
170.135209
70
0
0
VERTEX
8
Layer 1
10
98.509314
20
168.556617
70
0
0
VERTEX
8
Layer 1
10
97.884620
20
167.015877
70
0
0
VERTEX
8
Layer 1
10
97.022388
20
165.523642
70
0
0
VERTEX
8
Layer 1
10
95.929737
20
164.090565
70
0
0
VERTEX
8
Layer 1
10
94.613788
20
162.727300
70
0
0
VERTEX
8
Layer 1
10
93.081658
20
161.444501
70
0
0
VERTEX
8
Layer 1
10
91.340468
20
160.252820
70
0
0
VERTEX
8
Layer 1
10
89.417889
20
159.173570
70
0
0
VERTEX
8
Layer 1
10
87.348305
20
158.223903
70
0
0
VERTEX
8
Layer 1
10
85.148904
20
157.408232
70
0
0
VERTEX
8
Layer 1
10
82.836873
20
156.730969
70
0
0
VERTEX
8
Layer 1
10
80.429400
20
156.196528
70
0
0
VERTEX
8
Layer 1
10
77.943672
20
155.809321
70
0
0
VERTEX
8
Layer 1
10
75.396876
20
155.573760
70
0
0
VERTEX
8
Layer 1
10
72.806200
20
155.494260
70
0
0
SEQEND
8
Layer 1
0
POLYLINE
8
Layer 1
62
7
70
0
10
0.000000
20
0.000000
66
1
0
VERTEX
8
Layer 1
10
102.692450
20
168.368250
70
0
0
VERTEX
8
Layer 1
10
102.437552
20
168.475640
70
0
0
VERTEX
8
Layer 1
10
102.332219
20
168.731367
70
0
0
VERTEX
8
Layer 1
10
102.437552
20
168.987095
70
0
0
VERTEX
8
Layer 1
10
102.692450
20
169.094485
70
0
0
SEQEND
8
Layer 1
0
POLYLINE
8
Layer 1
62
7
70
0
10
0.000000
20
0.000000
66
1
0
VERTEX
8
Layer 1
10
102.692450
20
170.906042
70
0
0
VERTEX
8
Layer 1
10
102.671689
20
171.150596
70
0
0
VERTEX
8
Layer 1
10
102.663090
20
171.741000
70
0
0
SEQEND
8
Layer 1
0
POLYLINE
8
Layer 1
62
7
70
0
10
0.000000
20
0.000000
66
1
0
VERTEX
8
Layer 1
10
95.702773
20
171.741000
70
0
0
VERTEX
8
Layer 1
10
95.619160
20
171.539167
70
0
0
VERTEX
8
Layer 1
10
95.417300
20
171.455565
70
0
0
VERTEX
8
Layer 1
10
95.215440
20
171.539167
70
0
0
VERTEX
8
Layer 1
10
95.131826
20
171.741000
70
0
0
SEQEND
8
Layer 1
0
POLYLINE
8
Layer 1
62
7
70
0
10
0.000000
20
0.000000
66
1
0
VERTEX
8
Layer 1
10
97.472446
20
171.741000
70
0
0
VERTEX
8
Layer 1
10
97.345097
20
170.761522
70
0
0
VERTEX
8
Layer 1
10
96.971315
20
169.810337
70
0
0
VERTEX
8
Layer 1
10
96.363500
20
168.892262
70
0
0
VERTEX
8
Layer 1
10
95.534050
20
168.012111
70
0
0
VERTEX
8
Layer 1
10
94.495363
20
167.174701
70
0
0
VERTEX
8
Layer 1
10
93.259838
20
166.384845
70
0
0
VERTEX
8
Layer 1
10
90.247870
20
164.967062
70
0
0
VERTEX
8
Layer 1
10
86.597333
20
163.797283
70
0
0
VERTEX
8
Layer 1
10
82.407416
20
162.914033
70
0
0
VERTEX
8
Layer 1
10
77.777309
20
162.355832
70
0
0
VERTEX
8
Layer 1
10
72.806200
20
162.161205
70
0
0
SEQEND
8
Layer 1
0
POLYLINE
8
Layer 1
62
7
70
0
10
0.000000
20
0.000000
66
1
0
VERTEX
8
Layer 1
10
132.578700
20
158.202835
70
0
0
VERTEX
8
Layer 1
10
131.427807
20
158.435158
70
0
0
VERTEX
8
Layer 1
10
130.487976
20
159.068725
70
0
0
VERTEX
8
Layer 1
10
129.854324
20
160.008431
70
0
0
VERTEX
8
Layer 1
10
129.621970
20
161.159169
70
0
0
VERTEX
8
Layer 1
10
129.854324
20
162.309908
70
0
0
VERTEX
8
Layer 1
10
130.487976
20
163.249614
70
0
0
VERTEX
8
Layer 1
10
131.427807
20
163.883181
70
0
0
VERTEX
8
Layer 1
10
132.578700
20
164.115504
70
0
0
SEQEND
8
Layer 1
0
POLYLINE
8
Layer 1
62
7
70
0
10
0.000000
20
0.000000
66
1
0
VERTEX
8
Layer 1
10
132.578700
20
160.227250
70
0
0
VERTEX
8
Layer 1
10
132.271804
20
160.309471
70
0
0
VERTEX
8
Layer 1
10
132.047141
20
160.534104
70
0
0
VERTEX
8
Layer 1
10
131.964908
20
160.840959
70
0
0
VERTEX
8
Layer 1
10
132.047141
20
161.147814
70
0
0
VERTEX
8
Layer 1
10
132.271804
20
161.372447
70
0
0
VERTEX
8
Layer 1
10
132.578700
20
161.454669
70
0
0
SEQEND
8
Layer 1
0
POLYLINE
8
Layer 1
62
7
70
0
10
0.000000
20
0.000000
66
1
0
VERTEX
8
Layer 1
10
132.578700
20
160.383354
70
0
0
VERTEX
8
Layer 1
10
132.202571
20
160.539132
70
0
0
VERTEX
8
Layer 1
10
132.046773
20
160.915211
70
0
0
VERTEX
8
Layer 1
10
132.202571
20
161.291290
70
0
0
VERTEX
8
Layer 1
10
132.578700
20
161.447067
70
0
0
SEQEND
8
Layer 1
0
POLYLINE
8
Layer 1
62
7
70
0
10
0.000000
20
0.000000
66
1
0
VERTEX
8
Layer 1
10
132.578700
20
158.238956
70
0
0
VERTEX
8
Layer 1
10
131.449789
20
158.466843
70
0
0
VERTEX
8
Layer 1
10
130.527909
20
159.088308
70
0
0
VERTEX
8
Layer 1
10
129.906359
20
160.010066
70
0
0
VERTEX
8
Layer 1
10
129.678443
20
161.138826
70
0
0
VERTEX
8
Layer 1
10
129.906359
20
162.267585
70
0
0
VERTEX
8
Layer 1
10
130.527909
20
163.189343
70
0
0
VERTEX
8
Layer 1
10
131.449789
20
163.810809
70
0
0
VERTEX
8
Layer 1
10
132.578700
20
164.038695
70
0
0
SEQEND
8
Layer 1
0
POLYLINE
8
Layer 1
62
7
70
0
10
0.000000
20
0.000000
66
1
0
VERTEX
8
Layer 1
10
102.692450
20
162.971181
70
0
0
VERTEX
8
Layer 1
10
102.977052
20
162.561763
70
0
0
VERTEX
8
Layer 1
10
103.248122
20
161.364093
70
0
0
VERTEX
8
Layer 1
10
103.719198
20
156.787493
70
0
0
VERTEX
8
Layer 1
10
104.033961
20
149.938128
70
0
0
VERTEX
8
Layer 1
10
104.144491
20
141.858750
70
0
0
SEQEND
8
Layer 1
0
POLYLINE
8
Layer 1
62
7
70
0
10
0.000000
20
0.000000
66
1
0
VERTEX
8
Layer 1
10
102.692450
20
155.787727
70
0
0
VERTEX
8
Layer 1
10
103.965699
20
155.659390
70
0
0
VERTEX
8
Layer 1
10
105.151608
20
155.291313
70
0
0
VERTEX
8
Layer 1
10
106.224771
20
154.708897
70
0
0
VERTEX
8
Layer 1
10
107.159782
20
153.937545
70
0
0
VERTEX
8
Layer 1
10
107.931237
20
153.002659
70
0
0
VERTEX
8
Layer 1
10
108.513731
20
151.929640
70
0
0
VERTEX
8
Layer 1
10
108.881857
20
150.743890
70
0
0
VERTEX
8
Layer 1
10
109.010212
20
149.470811
70
0
0
VERTEX
8
Layer 1
10
108.881857
20
148.197732
70
0
0
VERTEX
8
Layer 1
10
108.513731
20
147.011982
70
0
0
VERTEX
8
Layer 1
10
107.931237
20
145.938963
70
0
0
VERTEX
8
Layer 1
10
107.159782
20
145.004077
70
0
0
VERTEX
8
Layer 1
10
106.224771
20
144.232725
70
0
0
VERTEX
8
Layer 1
10
105.151608
20
143.650309
70
0
0
VERTEX
8
Layer 1
10
103.965699
20
143.282232
70
0
0
VERTEX
8
Layer 1
10
102.692450
20
143.153895
70
0
0
SEQEND
8
Layer 1
0
POLYLINE
8
Layer 1
62
7
70
0
10
0.000000
20
0.000000
66
1
0
VERTEX
8
Layer 1
10
102.692450
20
155.709890
70
0
0
VERTEX
8
Layer 1
10
103.258033
20
155.593643
70
0
0
VERTEX
8
Layer 1
10
103.719522
20
155.280861
70
0
0
VERTEX
8
Layer 1
10
104.030474
20
154.818171
70
0
0
VERTEX
8
Layer 1
10
104.144445
20
154.252198
70
0
0
VERTEX
8
Layer 1
10
104.030474
20
153.686225
70
0
0
VERTEX
8
Layer 1
10
103.719522
20
153.223535
70
0
0
VERTEX
8
Layer 1
10
103.258033
20
152.910753
70
0
0
VERTEX
8
Layer 1
10
102.692450
20
152.794506
70
0
0
SEQEND
8
Layer 1
0
POLYLINE
8
Layer 1
62
7
70
0
10
0.000000
20
0.000000
66
1
0
VERTEX
8
Layer 1
10
102.692450
20
159.950420
70
0
0
VERTEX
8
Layer 1
10
103.091916
20
159.869783
70
0
0
VERTEX
8
Layer 1
10
103.418124
20
159.649877
70
0
0
VERTEX
8
Layer 1
10
103.638059
20
159.323712
70
0
0
VERTEX
8
Layer 1
10
103.718708
20
158.924300
70
0
0
VERTEX
8
Layer 1
10
103.638059
20
158.524887
70
0
0
VERTEX
8
Layer 1
10
103.418124
20
158.198723
70
0
0
VERTEX
8
Layer 1
10
103.091916
20
157.978817
70
0
0
VERTEX
8
Layer 1
10
102.692450
20
157.898179
70
0
0
SEQEND
8
Layer 1
0
POLYLINE
8
Layer 1
62
7
70
0
10
0.000000
20
0.000000
66
1
0
VERTEX
8
Layer 1
10
132.578700
20
164.366873
70
0
0
VERTEX
8
Layer 1
10
127.766928
20
164.509874
70
0
0
VERTEX
8
Layer 1
10
123.183941
20
164.928195
70
0
0
VERTEX
8
Layer 1
10
118.958520
20
165.605813
70
0
0
VERTEX
8
Layer 1
10
115.219448
20
166.526705
70
0
0
VERTEX
8
Layer 1
10
112.153647
20
167.649831
70
0
0
VERTEX
8
Layer 1
10
109.897744
20
168.919044
70
0
0
VERTEX
8
Layer 1
10
109.090175
20
169.596345
70
0
0
VERTEX
8
Layer 1
10
108.505085
20
170.295661
70
0
0
VERTEX
8
Layer 1
10
108.149140
20
171.012158
70
0
0
VERTEX
8
Layer 1
10
108.029011
20
171.741000
70
0
0
SEQEND
8
Layer 1
0
POLYLINE
8
Layer 1
62
7
70
0
10
0.000000
20
0.000000
66
1
0
VERTEX
8
Layer 1
10
131.976313
20
171.741000
70
0
0
VERTEX
8
Layer 1
10
131.806761
20
170.463160
70
0
0
VERTEX
8
Layer 1
10
131.320086
20
169.292257
70
0
0
VERTEX
8
Layer 1
10
130.549257
20
168.285389
70
0
0
VERTEX
8
Layer 1
10
129.527242
20
167.499653
70
0
0
VERTEX
8
Layer 1
10
128.335676
20
167.007549
70
0
0
VERTEX
8
Layer 1
10
127.078172
20
166.843514
70
0
0
VERTEX
8
Layer 1
10
125.820667
20
167.007549
70
0
0
VERTEX
8
Layer 1
10
124.629101
20
167.499653
70
0
0
VERTEX
8
Layer 1
10
123.607086
20
168.285389
70
0
0
VERTEX
8
Layer 1
10
122.836257
20
169.292257
70
0
0
VERTEX
8
Layer 1
10
122.349582
20
170.463160
70
0
0
VERTEX
8
Layer 1
10
122.180030
20
171.741000
70
0
0
SEQEND
8
Layer 1
0
POLYLINE
8
Layer 1
62
7
70
0
10
0.000000
20
0.000000
66
1
0
VERTEX
8
Layer 1
10
127.382055
20
171.741000
70
0
0
VERTEX
8
Layer 1
10
127.193770
20
170.808515
70
0
0
VERTEX
8
Layer 1
10
126.680299
20
170.047038
70
0
0
VERTEX
8
Layer 1
10
125.918720
20
169.533636
70
0
0
VERTEX
8
Layer 1
10
124.986110
20
169.345376
70
0
0
VERTEX
8
Layer 1
10
124.053500
20
169.533636
70
0
0
VERTEX
8
Layer 1
10
123.291921
20
170.047038
70
0
0
VERTEX
8
Layer 1
10
122.778451
20
170.808515
70
0
0
VERTEX
8
Layer 1
10
122.590165
20
171.741000
70
0
0
SEQEND
8
Layer 1
0
POLYLINE
8
Layer 1
62
7
70
0
10
0.000000
20
0.000000
66
1
0
VERTEX
8
Layer 1
10
126.206999
20
171.741000
70
0
0
VERTEX
8
Layer 1
10
126.083775
20
171.281184
70
0
0
VERTEX
8
Layer 1
10
125.747122
20
170.944575
70
0
0
VERTEX
8
Layer 1
10
125.287244
20
170.821368
70
0
0
VERTEX
8
Layer 1
10
124.827366
20
170.944575
70
0
0
VERTEX
8
Layer 1
10
124.490713
20
171.281184
70
0
0
VERTEX
8
Layer 1
10
124.367489
20
171.741000
70
0
0
SEQEND
8
Layer 1
0
POLYLINE
8
Layer 1
62
7
70
0
10
0.000000
20
0.000000
66
1
0
VERTEX
8
Layer 1
10
131.388988
20
171.741000
70
0
0
VERTEX
8
Layer 1
10
131.195832
20
171.020228
70
0
0
VERTEX
8
Layer 1
10
130.668120
20
170.492587
70
0
0
VERTEX
8
Layer 1
10
129.947252
20
170.299456
70
0
0
VERTEX
8
Layer 1
10
129.226383
20
170.492587
70
0
0
VERTEX
8
Layer 1
10
128.698671
20
171.020228
70
0
0
VERTEX
8
Layer 1
10
128.505515
20
171.741000
70
0
0
SEQEND
8
Layer 1
0
POLYLINE
8
Layer 1
62
7
70
0
10
0.000000
20
0.000000
66
1
0
VERTEX
8
Layer 1
10
119.421697
20
171.741000
70
0
0
VERTEX
8
Layer 1
10
119.318199
20
170.960976
70
0
0
VERTEX
8
Layer 1
10
119.021121
20
170.246230
70
0
0
VERTEX
8
Layer 1
10
118.550589
20
169.631614
70
0
0
VERTEX
8
Layer 1
10
117.926727
20
169.151983
70
0
0
VERTEX
8
Layer 1
10
117.199367
20
168.851591
70
0
0
VERTEX
8
Layer 1
10
116.431757
20
168.751460
70
0
0
VERTEX
8
Layer 1
10
115.664147
20
168.851591
70
0
0
VERTEX
8
Layer 1
10
114.936787
20
169.151983
70
0
0
VERTEX
8
Layer 1
10
114.312925
20
169.631614
70
0
0
VERTEX
8
Layer 1
10
113.842393
20
170.246230
70
0
0
VERTEX
8
Layer 1
10
113.545315
20
170.960976
70
0
0
VERTEX
8
Layer 1
10
113.441817
20
171.741000
70
0
0
SEQEND
8
Layer 1
0
POLYLINE
8
Layer 1
62
7
70
0
10
0.000000
20
0.000000
66
1
0
VERTEX
8
Layer 1
10
117.796578
20
171.741000
70
0
0
VERTEX
8
Layer 1
10
117.675235
20
171.288200
70
0
0
VERTEX
8
Layer 1
10
117.343718
20
170.956728
70
0
0
VERTEX
8
Layer 1
10
116.890857
20
170.835400
70
0
0
VERTEX
8
Layer 1
10
116.437997
20
170.956728
70
0
0
VERTEX
8
Layer 1
10
116.106480
20
171.288200
70
0
0
VERTEX
8
Layer 1
10
115.985137
20
171.741000
70
0
0
SEQEND
8
Layer 1
0
POLYLINE
8
Layer 1
62
7
70
0
10
0.000000
20
0.000000
66
1
0
VERTEX
8
Layer 1
10
132.578700
20
166.825800
70
0
0
VERTEX
8
Layer 1
10
132.195738
20
166.928401
70
0
0
VERTEX
8
Layer 1
10
131.915390
20
167.208711
70
0
0
VERTEX
8
Layer 1
10
131.812775
20
167.591622
70
0
0
VERTEX
8
Layer 1
10
131.915390
20
167.974534
70
0
0
VERTEX
8
Layer 1
10
132.195738
20
168.254844
70
0
0
VERTEX
8
Layer 1
10
132.578700
20
168.357445
70
0
0
SEQEND
8
Layer 1
0
POLYLINE
8
Layer 1
62
7
70
0
10
0.000000
20
0.000000
66
1
0
VERTEX
8
Layer 1
10
132.578700
20
170.853641
70
0
0
VERTEX
8
Layer 1
10
124.850142
20
171.113542
70
0
0
VERTEX
8
Layer 1
10
122.480852
20
171.401422
70
0
0
VERTEX
8
Layer 1
10
121.860822
20
171.567076
70
0
0
VERTEX
8
Layer 1
10
121.648868
20
171.741000
70
0
0
SEQEND
8
Layer 1
0
POLYLINE
8
Layer 1
62
7
70
0
10
0.000000
20
0.000000
66
1
0
VERTEX
8
Layer 1
10
132.578700
20
147.551103
70
0
0
VERTEX
8
Layer 1
10
132.043340
20
147.661194
70
0
0
VERTEX
8
Layer 1
10
131.606521
20
147.957299
70
0
0
VERTEX
8
Layer 1
10
131.312197
20
148.395288
70
0
0
VERTEX
8
Layer 1
10
131.204321
20
148.931030
70
0
0
VERTEX
8
Layer 1
10
131.312197
20
149.466772
70
0
0
VERTEX
8
Layer 1
10
131.606521
20
149.904761
70
0
0
VERTEX
8
Layer 1
10
132.043340
20
150.200866
70
0
0
VERTEX
8
Layer 1
10
132.578700
20
150.310956
70
0
0
SEQEND
8
Layer 1
0
POLYLINE
8
Layer 1
62
7
70
0
10
0.000000
20
0.000000
66
1
0
VERTEX
8
Layer 1
10
102.692450
20
168.368250
70
0
0
VERTEX
8
Layer 1
10
102.889578
20
168.238530
70
0
0
VERTEX
8
Layer 1
10
103.083368
20
167.854171
70
0
0
VERTEX
8
Layer 1
10
103.455699
20
166.350335
70
0
0
VERTEX
8
Layer 1
10
104.102750
20
160.603797
70
0
0
VERTEX
8
Layer 1
10
104.535095
20
152.003497
70
0
0
VERTEX
8
Layer 1
10
104.686915
20
141.858750
70
0
0
SEQEND
8
Layer 1
0
POLYLINE
8
Layer 1
62
7
70
0
10
0.000000
20
0.000000
66
1
0
VERTEX
8
Layer 1
10
102.692450
20
164.902507
70
0
0
VERTEX
8
Layer 1
10
102.888265
20
164.704555
70
0
0
VERTEX
8
Layer 1
10
102.692450
20
164.506603
70
0
0
SEQEND
8
Layer 1
0
POLYLINE
8
Layer 1
62
7
70
0
10
0.000000
20
0.000000
66
1
0
VERTEX
8
Layer 1
10
102.692450
20
165.824769
70
0
0
VERTEX
8
Layer 1
10
103.023488
20
165.360013
70
0
0
VERTEX
8
Layer 1
10
103.338785
20
164.000464
70
0
0
VERTEX
8
Layer 1
10
103.886722
20
158.805284
70
0
0
VERTEX
8
Layer 1
10
104.252842
20
151.030148
70
0
0
VERTEX
8
Layer 1
10
104.381406
20
141.858750
70
0
0
SEQEND
8
Layer 1
0
POLYLINE
8
Layer 1
62
7
70
0
10
0.000000
20
0.000000
66
1
0
VERTEX
8
Layer 1
10
109.002944
20
141.858750
70
0
0
VERTEX
8
Layer 1
10
110.797541
20
142.147939
70
0
0
VERTEX
8
Layer 1
10
115.908123
20
142.393101
70
0
0
VERTEX
8
Layer 1
10
132.578700
20
142.614436
70
0
0
SEQEND
8
Layer 1
0
POLYLINE
8
Layer 1
62
7
70
0
10
0.000000
20
0.000000
66
1
0
VERTEX
8
Layer 1
10
113.088107
20
141.858750
70
0
0
VERTEX
8
Layer 1
10
113.298366
20
142.360121
70
0
0
VERTEX
8
Layer 1
10
113.801014
20
142.567445
70
0
0
VERTEX
8
Layer 1
10
114.303661
20
142.360121
70
0
0
VERTEX
8
Layer 1
10
114.513920
20
141.858750
70
0
0
SEQEND
8
Layer 1
0
POLYLINE
8
Layer 1
62
7
70
0
10
0.000000
20
0.000000
66
1
0
VERTEX
8
Layer 1
10
115.790804
20
141.858750
70
0
0
VERTEX
8
Layer 1
10
116.038797
20
143.727772
70
0
0
VERTEX
8
Layer 1
10
116.750628
20
145.440383
70
0
0
VERTEX
8
Layer 1
10
117.878075
20
146.913069
70
0
0
VERTEX
8
Layer 1
10
119.372917
20
148.062320
70
0
0
VERTEX
8
Layer 1
10
121.115751
20
148.782091
70
0
0
VERTEX
8
Layer 1
10
122.955029
20
149.022015
70
0
0
VERTEX
8
Layer 1
10
124.794307
20
148.782091
70
0
0
VERTEX
8
Layer 1
10
126.537141
20
148.062320
70
0
0
VERTEX
8
Layer 1
10
128.031982
20
146.913069
70
0
0
VERTEX
8
Layer 1
10
129.159429
20
145.440383
70
0
0
VERTEX
8
Layer 1
10
129.871260
20
143.727772
70
0
0
VERTEX
8
Layer 1
10
130.119253
20
141.858750
70
0
0
SEQEND
8
Layer 1
0
POLYLINE
8
Layer 1
62
7
70
0
10
0.000000
20
0.000000
66
1
0
VERTEX
8
Layer 1
10
119.034036
20
141.858750
70
0
0
VERTEX
8
Layer 1
10
119.143234
20
142.920663
70
0
0
VERTEX
8
Layer 1
10
119.452074
20
143.909492
70
0
0
VERTEX
8
Layer 1
10
119.939394
20
144.804122
70
0
0
VERTEX
8
Layer 1
10
120.584031
20
145.583440
70
0
0
VERTEX
8
Layer 1
10
121.364823
20
146.226331
70
0
0
VERTEX
8
Layer 1
10
122.260609
20
146.711680
70
0
0
VERTEX
8
Layer 1
10
123.250225
20
147.018373
70
0
0
VERTEX
8
Layer 1
10
124.312510
20
147.125297
70
0
0
VERTEX
8
Layer 1
10
125.374795
20
147.018373
70
0
0
VERTEX
8
Layer 1
10
126.364411
20
146.711680
70
0
0
VERTEX
8
Layer 1
10
127.260197
20
146.226331
70
0
0
VERTEX
8
Layer 1
10
128.040989
20
145.583440
70
0
0
VERTEX
8
Layer 1
10
128.685626
20
144.804122
70
0
0
VERTEX
8
Layer 1
10
129.172946
20
143.909492
70
0
0
VERTEX
8
Layer 1
10
129.481785
20
142.920663
70
0
0
VERTEX
8
Layer 1
10
129.590984
20
141.858750
70
0
0
SEQEND
8
Layer 1
0
POLYLINE
8
Layer 1
62
7
70
0
10
0.000000
20
0.000000
66
1
0
VERTEX
8
Layer 1
10
123.162666
20
141.858750
70
0
0
VERTEX
8
Layer 1
10
123.369189
20
142.629401
70
0
0
VERTEX
8
Layer 1
10
123.933421
20
143.193557
70
0
0
VERTEX
8
Layer 1
10
124.704175
20
143.400053
70
0
0
VERTEX
8
Layer 1
10
125.474930
20
143.193557
70
0
0
VERTEX
8
Layer 1
10
126.039161
20
142.629401
70
0
0
VERTEX
8
Layer 1
10
126.245684
20
141.858750
70
0
0
SEQEND
8
Layer 1
0
POLYLINE
8
Layer 1
62
7
70
0
10
0.000000
20
0.000000
66
1
0
VERTEX
8
Layer 1
10
111.452779
20
141.858750
70
0
0
VERTEX
8
Layer 1
10
111.663598
20
143.949746
70
0
0
VERTEX
8
Layer 1
10
112.268236
20
145.897307
70
0
0
VERTEX
8
Layer 1
10
113.224965
20
147.659710
70
0
0
VERTEX
8
Layer 1
10
114.492058
20
149.195234
70
0
0
VERTEX
8
Layer 1
10
116.027788
20
150.462158
70
0
0
VERTEX
8
Layer 1
10
117.790427
20
151.418759
70
0
0
VERTEX
8
Layer 1
10
119.738248
20
152.023315
70
0
0
VERTEX
8
Layer 1
10
121.829524
20
152.234106
70
0
0
VERTEX
8
Layer 1
10
123.920800
20
152.023315
70
0
0
VERTEX
8
Layer 1
10
125.868622
20
151.418759
70
0
0
VERTEX
8
Layer 1
10
127.631261
20
150.462158
70
0
0
VERTEX
8
Layer 1
10
129.166991
20
149.195234
70
0
0
VERTEX
8
Layer 1
10
130.434084
20
147.659710
70
0
0
VERTEX
8
Layer 1
10
131.390813
20
145.897307
70
0
0
VERTEX
8
Layer 1
10
131.995451
20
143.949746
70
0
0
VERTEX
8
Layer 1
10
132.206270
20
141.858750
70
0
0
SEQEND
8
Layer 1
0
POLYLINE
8
Layer 1
62
7
70
0
10
0.000000
20
0.000000
66
1
0
VERTEX
8
Layer 1
10
115.559485
20
141.858750
70
0
0
VERTEX
8
Layer 1
10
115.827512
20
143.878759
70
0
0
VERTEX
8
Layer 1
10
116.596847
20
145.729721
70
0
0
VERTEX
8
Layer 1
10
117.815374
20
147.321376
70
0
0
VERTEX
8
Layer 1
10
119.430974
20
148.563468
70
0
0
VERTEX
8
Layer 1
10
121.314600
20
149.341385
70
0
0
VERTEX
8
Layer 1
10
123.302462
20
149.600691
70
0
0
VERTEX
8
Layer 1
10
125.290324
20
149.341385
70
0
0
VERTEX
8
Layer 1
10
127.173951
20
148.563468
70
0
0
VERTEX
8
Layer 1
10
128.789551
20
147.321376
70
0
0
VERTEX
8
Layer 1
10
130.008077
20
145.729721
70
0
0
VERTEX
8
Layer 1
10
130.777413
20
143.878759
70
0
0
VERTEX
8
Layer 1
10
131.045440
20
141.858750
70
0
0
SEQEND
8
Layer 1
0
POLYLINE
8
Layer 1
62
7
70
0
10
0.000000
20
0.000000
66
1
0
VERTEX
8
Layer 1
10
132.578700
20
154.563966
70
0
0
VERTEX
8
Layer 1
10
132.051361
20
154.782367
70
0
0
VERTEX
8
Layer 1
10
131.832931
20
155.309635
70
0
0
VERTEX
8
Layer 1
10
132.051361
20
155.836903
70
0
0
VERTEX
8
Layer 1
10
132.578700
20
156.055305
70
0
0
SEQEND
8
Layer 1
0
POLYLINE
8
Layer 1
62
7
70
0
10
0.000000
20
0.000000
66
1
0
VERTEX
8
Layer 1
10
102.692450
20
170.906042
70
0
0
VERTEX
8
Layer 1
10
103.145400
20
170.784691
70
0
0
VERTEX
8
Layer 1
10
103.476982
20
170.453153
70
0
0
VERTEX
8
Layer 1
10
103.598350
20
170.000263
70
0
0
VERTEX
8
Layer 1
10
103.476982
20
169.547374
70
0
0
VERTEX
8
Layer 1
10
103.145400
20
169.215836
70
0
0
VERTEX
8
Layer 1
10
102.692450
20
169.094485
70
0
0
SEQEND
8
Layer 1
0
POLYLINE
8
Layer 1
62
7
70
0
10
0.000000
20
0.000000
66
1
0
VERTEX
8
Layer 1
10
132.578700
20
142.736762
70
0
0
VERTEX
8
Layer 1
10
129.994208
20
142.878690
70
0
0
VERTEX
8
Layer 1
10
127.453492
20
143.299220
70
0
0
VERTEX
8
Layer 1
10
124.973697
20
143.990476
70
0
0
VERTEX
8
Layer 1
10
122.571971
20
144.944578
70
0
0
VERTEX
8
Layer 1
10
120.265459
20
146.153651
70
0
0
VERTEX
8
Layer 1
10
118.071309
20
147.609815
70
0
0
VERTEX
8
Layer 1
10
116.006665
20
149.305193
70
0
0
VERTEX
8
Layer 1
10
114.088676
20
151.231907
70
0
0
VERTEX
8
Layer 1
10
112.351642
20
153.359336
70
0
0
VERTEX
8
Layer 1
10
110.823170
20
155.649434
70
0
0
VERTEX
8
Layer 1
10
109.510361
20
158.083181
70
0
0
VERTEX
8
Layer 1
10
108.420319
20
160.641559
70
0
0
VERTEX
8
Layer 1
10
107.560145
20
163.305548
70
0
0
VERTEX
8
Layer 1
10
106.936942
20
166.056131
70
0
0
VERTEX
8
Layer 1
10
106.557812
20
168.874287
70
0
0
VERTEX
8
Layer 1
10
106.429857
20
171.741000
70
0
0
SEQEND
8
Layer 1
0
POLYLINE
8
Layer 1
62
7
70
0
10
0.000000
20
0.000000
66
1
0
VERTEX
8
Layer 1
10
104.745038
20
141.858750
70
0
0
VERTEX
8
Layer 1
10
105.019728
20
142.334464
70
0
0
VERTEX
8
Layer 1
10
105.569109
20
142.334464
70
0
0
VERTEX
8
Layer 1
10
105.843800
20
141.858750
70
0
0
SEQEND
8
Layer 1
0
POLYLINE
8
Layer 1
62
7
70
0
10
0.000000
20
0.000000
66
1
0
VERTEX
8
Layer 1
10
152.712828
20
141.858750
70
0
0
VERTEX
8
Layer 1
10
152.901943
20
145.305215
70
0
0
VERTEX
8
Layer 1
10
153.455164
20
148.587812
70
0
0
VERTEX
8
Layer 1
10
154.351299
20
151.614300
70
0
0
VERTEX
8
Layer 1
10
155.569158
20
154.292436
70
0
0
VERTEX
8
Layer 1
10
157.054468
20
156.488338
70
0
0
VERTEX
8
Layer 1
10
158.732974
20
158.104144
70
0
0
VERTEX
8
Layer 1
10
159.628690
20
158.682571
70
0
0
VERTEX
8
Layer 1
10
160.553521
20
159.101646
70
0
0
VERTEX
8
Layer 1
10
161.501073
20
159.356593
70
0
0
VERTEX
8
Layer 1
10
162.464950
20
159.442637
70
0
0
SEQEND
8
Layer 1
0
POLYLINE
8
Layer 1
62
7
70
0
10
0.000000
20
0.000000
66
1
0
VERTEX
8
Layer 1
10
156.318472
20
141.858750
70
0
0
VERTEX
8
Layer 1
10
156.399141
20
141.939408
70
0
0
VERTEX
8
Layer 1
10
156.479810
20
141.858750
70
0
0
SEQEND
8
Layer 1
0
POLYLINE
8
Layer 1
62
7
70
0
10
0.000000
20
0.000000
66
1
0
VERTEX
8
Layer 1
10
162.464950
20
153.980473
70
0
0
VERTEX
8
Layer 1
10
162.182728
20
154.056084
70
0
0
VERTEX
8
Layer 1
10
161.976127
20
154.262657
70
0
0
VERTEX
8
Layer 1
10
161.900506
20
154.544841
70
0
0
VERTEX
8
Layer 1
10
161.976127
20
154.827025
70
0
0
VERTEX
8
Layer 1
10
162.182728
20
155.033598
70
0
0
VERTEX
8
Layer 1
10
162.464950
20
155.109209
70
0
0
SEQEND
8
Layer 1
0
POLYLINE
8
Layer 1
62
7
70
0
10
0.000000
20
0.000000
66
1
0
VERTEX
8
Layer 1
10
158.581841
20
141.858750
70
0
0
VERTEX
8
Layer 1
10
158.657144
20
145.234426
70
0
0
VERTEX
8
Layer 1
10
158.877426
20
148.449599
70
0
0
VERTEX
8
Layer 1
10
159.234249
20
151.413923
70
0
0
VERTEX
8
Layer 1
10
159.719178
20
154.037051
70
0
0
VERTEX
8
Layer 1
10
160.310599
20
156.187849
70
0
0
VERTEX
8
Layer 1
10
160.978949
20
157.770467
70
0
0
VERTEX
8
Layer 1
10
161.703856
20
158.747481
70
0
0
VERTEX
8
Layer 1
10
162.081152
20
158.997192
70
0
0
VERTEX
8
Layer 1
10
162.464950
20
159.081468
70
0
0
SEQEND
8
Layer 1
0
POLYLINE
8
Layer 1
62
7
70
0
10
0.000000
20
0.000000
66
1
0
VERTEX
8
Layer 1
10
162.464950
20
151.617982
70
0
0
VERTEX
8
Layer 1
10
161.356738
20
151.844597
70
0
0
VERTEX
8
Layer 1
10
160.452282
20
152.456668
70
0
0
VERTEX
8
Layer 1
10
159.842750
20
153.362771
70
0
0
VERTEX
8
Layer 1
10
159.619313
20
154.471486
70
0
0
VERTEX
8
Layer 1
10
159.842750
20
155.580201
70
0
0
VERTEX
8
Layer 1
10
160.452282
20
156.486304
70
0
0
VERTEX
8
Layer 1
10
161.356738
20
157.098374
70
0
0
VERTEX
8
Layer 1
10
162.464950
20
157.324990
70
0
0
SEQEND
8
Layer 1
0
POLYLINE
8
Layer 1
62
7
70
0
10
0.000000
20
0.000000
66
1
0
VERTEX
8
Layer 1
10
151.724047
20
141.858750
70
0
0
VERTEX
8
Layer 1
10
152.000763
20
147.576471
70
0
0
VERTEX
8
Layer 1
10
152.334811
20
150.148094
70
0
0
VERTEX
8
Layer 1
10
152.788785
20
152.423721
70
0
0
VERTEX
8
Layer 1
10
153.342456
20
154.289591
70
0
0
VERTEX
8
Layer 1
10
153.968143
20
155.662550
70
0
0
VERTEX
8
Layer 1
10
154.646778
20
156.510133
70
0
0
VERTEX
8
Layer 1
10
155.359291
20
156.799875
70
0
0
SEQEND
8
Layer 1
0
POLYLINE
8
Layer 1
62
7
70
0
10
0.000000
20
0.000000
66
1
0
VERTEX
8
Layer 1
10
158.994535
20
171.741000
70
0
0
VERTEX
8
Layer 1
10
158.717818
20
166.023279
70
0
0
VERTEX
8
Layer 1
10
158.383771
20
163.451656
70
0
0
VERTEX
8
Layer 1
10
157.929796
20
161.176029
70
0
0
VERTEX
8
Layer 1
10
157.376126
20
159.310159
70
0
0
VERTEX
8
Layer 1
10
156.750438
20
157.937200
70
0
0
VERTEX
8
Layer 1
10
156.071804
20
157.089617
70
0
0
VERTEX
8
Layer 1
10
155.359291
20
156.799875
70
0
0
SEQEND
8
Layer 1
0
POLYLINE
8
Layer 1
62
7
70
0
10
0.000000
20
0.000000
66
1
0
VERTEX
8
Layer 1
10
132.578700
20
161.447067
70
0
0
VERTEX
8
Layer 1
10
132.737765
20
159.955995
70
0
0
VERTEX
8
Layer 1
10
132.872615
20
155.709782
70
0
0
VERTEX
8
Layer 1
10
132.994358
20
141.858750
70
0
0
SEQEND
8
Layer 1
0
POLYLINE
8
Layer 1
62
7
70
0
10
0.000000
20
0.000000
66
1
0
VERTEX
8
Layer 1
10
132.578700
20
158.202835
70
0
0
VERTEX
8
Layer 1
10
134.596656
20
157.935152
70
0
0
VERTEX
8
Layer 1
10
136.445736
20
157.166804
70
0
0
VERTEX
8
Layer 1
10
138.035773
20
155.949842
70
0
0
VERTEX
8
Layer 1
10
139.276602
20
154.336317
70
0
0
VERTEX
8
Layer 1
10
140.053729
20
152.455108
70
0
0
VERTEX
8
Layer 1
10
140.312771
20
150.469798
70
0
0
VERTEX
8
Layer 1
10
140.053729
20
148.484489
70
0
0
VERTEX
8
Layer 1
10
139.276602
20
146.603280
70
0
0
VERTEX
8
Layer 1
10
138.035773
20
144.989755
70
0
0
VERTEX
8
Layer 1
10
136.445736
20
143.772793
70
0
0
VERTEX
8
Layer 1
10
134.596656
20
143.004445
70
0
0
VERTEX
8
Layer 1
10
132.578700
20
142.736762
70
0
0
SEQEND
8
Layer 1
0
POLYLINE
8
Layer 1
62
7
70
0
10
0.000000
20
0.000000
66
1
0
VERTEX
8
Layer 1
10
132.578700
20
150.310956
70
0
0
VERTEX
8
Layer 1
10
133.114060
20
150.200866
70
0
0
VERTEX
8
Layer 1
10
133.550879
20
149.904761
70
0
0
VERTEX
8
Layer 1
10
133.845203
20
149.466772
70
0
0
VERTEX
8
Layer 1
10
133.953079
20
148.931030
70
0
0
VERTEX
8
Layer 1
10
133.845203
20
148.395288
70
0
0
VERTEX
8
Layer 1
10
133.550879
20
147.957299
70
0
0
VERTEX
8
Layer 1
10
133.114060
20
147.661194
70
0
0
VERTEX
8
Layer 1
10
132.578700
20
147.551103
70
0
0
SEQEND
8
Layer 1
0
POLYLINE
8
Layer 1
62
7
70
0
10
0.000000
20
0.000000
66
1
0
VERTEX
8
Layer 1
10
132.578700
20
156.055305
70
0
0
VERTEX
8
Layer 1
10
133.106039
20
155.836903
70
0
0
VERTEX
8
Layer 1
10
133.324469
20
155.309635
70
0
0
VERTEX
8
Layer 1
10
133.106039
20
154.782367
70
0
0
VERTEX
8
Layer 1
10
132.578700
20
154.563966
70
0
0
SEQEND
8
Layer 1
0
POLYLINE
8
Layer 1
62
7
70
0
10
0.000000
20
0.000000
66
1
0
VERTEX
8
Layer 1
10
132.578700
20
160.227250
70
0
0
VERTEX
8
Layer 1
10
132.965718
20
160.149125
70
0
0
VERTEX
8
Layer 1
10
133.281762
20
159.936071
70
0
0
VERTEX
8
Layer 1
10
133.494844
20
159.620070
70
0
0
VERTEX
8
Layer 1
10
133.572980
20
159.233103
70
0
0
VERTEX
8
Layer 1
10
133.494844
20
158.846136
70
0
0
VERTEX
8
Layer 1
10
133.281762
20
158.530135
70
0
0
VERTEX
8
Layer 1
10
132.965718
20
158.317081
70
0
0
VERTEX
8
Layer 1
10
132.578700
20
158.238956
70
0
0
SEQEND
8
Layer 1
0
POLYLINE
8
Layer 1
62
7
70
0
10
0.000000
20
0.000000
66
1
0
VERTEX
8
Layer 1
10
132.578700
20
160.383354
70
0
0
VERTEX
8
Layer 1
10
133.755689
20
160.305224
70
0
0
VERTEX
8
Layer 1
10
134.897123
20
160.075815
70
0
0
VERTEX
8
Layer 1
10
135.990050
20
159.702603
70
0
0
VERTEX
8
Layer 1
10
137.021524
20
159.193063
70
0
0
VERTEX
8
Layer 1
10
137.978595
20
158.554670
70
0
0
VERTEX
8
Layer 1
10
138.848313
20
157.794899
70
0
0
VERTEX
8
Layer 1
10
139.617730
20
156.921226
70
0
0
VERTEX
8
Layer 1
10
140.273897
20
155.941125
70
0
0
VERTEX
8
Layer 1
10
140.794720
20
154.882893
70
0
0
VERTEX
8
Layer 1
10
141.166736
20
153.779811
70
0
0
VERTEX
8
Layer 1
10
141.389945
20
152.646828
70
0
0
VERTEX
8
Layer 1
10
141.464348
20
151.498895
70
0
0
VERTEX
8
Layer 1
10
141.389945
20
150.350962
70
0
0
VERTEX
8
Layer 1
10
141.166736
20
149.217980
70
0
0
VERTEX
8
Layer 1
10
140.794720
20
148.114897
70
0
0
VERTEX
8
Layer 1
10
140.273897
20
147.056666
70
0
0
VERTEX
8
Layer 1
10
139.617730
20
146.076565
70
0
0
VERTEX
8
Layer 1
10
138.848313
20
145.202892
70
0
0
VERTEX
8
Layer 1
10
137.978595
20
144.443121
70
0
0
VERTEX
8
Layer 1
10
137.021524
20
143.804728
70
0
0
VERTEX
8
Layer 1
10
135.990050
20
143.295188
70
0
0
VERTEX
8
Layer 1
10
134.897123
20
142.921976
70
0
0
VERTEX
8
Layer 1
10
133.755689
20
142.692567
70
0
0
VERTEX
8
Layer 1
10
132.578700
20
142.614436
70
0
0
SEQEND
8
Layer 1
0
POLYLINE
8
Layer 1
62
7
70
0
10
0.000000
20
0.000000
66
1
0
VERTEX
8
Layer 1
10
134.078081
20
141.858750
70
0
0
VERTEX
8
Layer 1
10
134.176808
20
142.602815
70
0
0
VERTEX
8
Layer 1
10
134.460191
20
143.284611
70
0
0
VERTEX
8
Layer 1
10
134.909032
20
143.870893
70
0
0
VERTEX
8
Layer 1
10
135.504134
20
144.328414
70
0
0
VERTEX
8
Layer 1
10
136.197962
20
144.614958
70
0
0
VERTEX
8
Layer 1
10
136.930186
20
144.710473
70
0
0
VERTEX
8
Layer 1
10
137.662409
20
144.614958
70
0
0
VERTEX
8
Layer 1
10
138.356238
20
144.328414
70
0
0
VERTEX
8
Layer 1
10
138.951340
20
143.870893
70
0
0
VERTEX
8
Layer 1
10
139.400181
20
143.284611
70
0
0
VERTEX
8
Layer 1
10
139.683563
20
142.602815
70
0
0
VERTEX
8
Layer 1
10
139.782290
20
141.858750
70
0
0
SEQEND
8
Layer 1
0
POLYLINE
8
Layer 1
62
7
70
0
10
0.000000
20
0.000000
66
1
0
VERTEX
8
Layer 1
10
137.496088
20
141.858750
70
0
0
VERTEX
8
Layer 1
10
137.575398
20
142.050196
70
0
0
VERTEX
8
Layer 1
10
137.766869
20
142.129495
70
0
0
VERTEX
8
Layer 1
10
137.958341
20
142.050196
70
0
0
VERTEX
8
Layer 1
10
138.037651
20
141.858750
70
0
0
SEQEND
8
Layer 1
0
POLYLINE
8
Layer 1
62
7
70
0
10
0.000000
20
0.000000
66
1
0
VERTEX
8
Layer 1
10
145.793754
20
171.741000
70
0
0
VERTEX
8
Layer 1
10
145.537484
20
169.724865
70
0
0
VERTEX
8
Layer 1
10
144.787818
20
167.804592
70
0
0
VERTEX
8
Layer 1
10
143.573470
20
166.034138
70
0
0
VERTEX
8
Layer 1
10
141.923154
20
164.467466
70
0
0
VERTEX
8
Layer 1
10
139.910419
20
163.182893
70
0
0
VERTEX
8
Layer 1
10
137.635882
20
162.237669
70
0
0
VERTEX
8
Layer 1
10
135.168868
20
161.654144
70
0
0
VERTEX
8
Layer 1
10
132.578700
20
161.454669
70
0
0
SEQEND
8
Layer 1
0
POLYLINE
8
Layer 1
62
7
70
0
10
0.000000
20
0.000000
66
1
0
VERTEX
8
Layer 1
10
132.578700
20
170.853641
70
0
0
VERTEX
8
Layer 1
10
133.905215
20
170.585865
70
0
0
VERTEX
8
Layer 1
10
134.988461
20
169.855618
70
0
0
VERTEX
8
Layer 1
10
135.718806
20
168.772517
70
0
0
VERTEX
8
Layer 1
10
135.986617
20
167.446180
70
0
0
VERTEX
8
Layer 1
10
135.718806
20
166.119842
70
0
0
VERTEX
8
Layer 1
10
134.988461
20
165.036741
70
0
0
VERTEX
8
Layer 1
10
133.905215
20
164.306494
70
0
0
VERTEX
8
Layer 1
10
132.578700
20
164.038719
70
0
0
SEQEND
8
Layer 1
0
POLYLINE
8
Layer 1
62
7
70
0
10
0.000000
20
0.000000
66
1
0
VERTEX
8
Layer 1
10
132.578700
20
164.366873
70
0
0
VERTEX
8
Layer 1
10
132.702680
20
164.241189
70
0
0
VERTEX
8
Layer 1
10
132.578700
20
164.115504
70
0
0
SEQEND
8
Layer 1
0
POLYLINE
8
Layer 1
62
7
70
0
10
0.000000
20
0.000000
66
1
0
VERTEX
8
Layer 1
10
132.578700
20
168.357445
70
0
0
VERTEX
8
Layer 1
10
132.961662
20
168.254844
70
0
0
VERTEX
8
Layer 1
10
133.242010
20
167.974534
70
0
0
VERTEX
8
Layer 1
10
133.344625
20
167.591622
70
0
0
VERTEX
8
Layer 1
10
133.242010
20
167.208711
70
0
0
VERTEX
8
Layer 1
10
132.961662
20
166.928401
70
0
0
VERTEX
8
Layer 1
10
132.578700
20
166.825800
70
0
0
SEQEND
8
Layer 1
0
POLYLINE
8
Layer 1
62
7
70
0
10
0.000000
20
0.000000
66
1
0
VERTEX
8
Layer 1
10
141.521216
20
171.741000
70
0
0
VERTEX
8
Layer 1
10
141.414712
20
171.223380
70
0
0
VERTEX
8
Layer 1
10
141.128319
20
170.801041
70
0
0
VERTEX
8
Layer 1
10
140.704715
20
170.516476
70
0
0
VERTEX
8
Layer 1
10
140.186580
20
170.412179
70
0
0
VERTEX
8
Layer 1
10
139.668444
20
170.516476
70
0
0
VERTEX
8
Layer 1
10
139.244840
20
170.801041
70
0
0
VERTEX
8
Layer 1
10
138.958447
20
171.223380
70
0
0
VERTEX
8
Layer 1
10
138.851943
20
171.741000
70
0
0
SEQEND
8
Layer 1
0
POLYLINE
8
Layer 1
62
7
70
0
10
0.000000
20
0.000000
66
1
0
VERTEX
8
Layer 1
10
146.861291
20
141.858750
70
0
0
VERTEX
8
Layer 1
10
146.972000
20
142.271866
70
0
0
VERTEX
8
Layer 1
10
147.274462
20
142.574288
70
0
0
VERTEX
8
Layer 1
10
147.687634
20
142.684982
70
0
0
VERTEX
8
Layer 1
10
148.100805
20
142.574288
70
0
0
VERTEX
8
Layer 1
10
148.403268
20
142.271866
70
0
0
VERTEX
8
Layer 1
10
148.513977
20
141.858750
70
0
0
SEQEND
8
Layer 1
0
POLYLINE
8
Layer 1
62
7
70
0
10
0.000000
20
0.000000
66
1
0
VERTEX
8
Layer 1
10
158.469923
20
171.741000
70
0
0
VERTEX
8
Layer 1
10
158.465608
20
171.733526
70
0
0
VERTEX
8
Layer 1
10
158.456977
20
171.733526
70
0
0
VERTEX
8
Layer 1
10
158.452661
20
171.741000
70
0
0
SEQEND
8
Layer 1
0
POLYLINE
8
Layer 1
62
7
70
0
10
0.000000
20
0.000000
66
1
0
VERTEX
8
Layer 1
10
158.587914
20
171.741000
70
0
0
VERTEX
8
Layer 1
10
158.467042
20
171.531672
70
0
0
VERTEX
8
Layer 1
10
158.225299
20
171.531672
70
0
0
VERTEX
8
Layer 1
10
158.104427
20
171.741000
70
0
0
SEQEND
8
Layer 1
0
POLYLINE
8
Layer 1
62
7
70
0
10
0.000000
20
0.000000
66
1
0
VERTEX
8
Layer 1
10
148.540301
20
141.858750
70
0
0
VERTEX
8
Layer 1
10
148.665248
20
142.324997
70
0
0
VERTEX
8
Layer 1
10
149.006610
20
142.666313
70
0
0
VERTEX
8
Layer 1
10
149.472919
20
142.791244
70
0
0
VERTEX
8
Layer 1
10
149.939228
20
142.666313
70
0
0
VERTEX
8
Layer 1
10
150.280590
20
142.324997
70
0
0
VERTEX
8
Layer 1
10
150.405537
20
141.858750
70
0
0
SEQEND
8
Layer 1
0
POLYLINE
8
Layer 1
62
7
70
0
10
0.000000
20
0.000000
66
1
0
VERTEX
8
Layer 1
10
158.932276
20
171.741000
70
0
0
VERTEX
8
Layer 1
10
158.797877
20
170.431473
70
0
0
VERTEX
8
Layer 1
10
158.417240
20
169.212042
70
0
0
VERTEX
8
Layer 1
10
157.816466
20
168.108755
70
0
0
VERTEX
8
Layer 1
10
157.021654
20
167.147657
70
0
0
VERTEX
8
Layer 1
10
156.058906
20
166.354795
70
0
0
VERTEX
8
Layer 1
10
154.954321
20
165.756217
70
0
0
VERTEX
8
Layer 1
10
153.734000
20
165.377969
70
0
0
VERTEX
8
Layer 1
10
152.424043
20
165.246099
70
0
0
VERTEX
8
Layer 1
10
151.114085
20
165.377969
70
0
0
VERTEX
8
Layer 1
10
149.893764
20
165.756217
70
0
0
VERTEX
8
Layer 1
10
148.789179
20
166.354795
70
0
0
VERTEX
8
Layer 1
10
147.826431
20
167.147657
70
0
0
VERTEX
8
Layer 1
10
147.031620
20
168.108755
70
0
0
VERTEX
8
Layer 1
10
146.430845
20
169.212042
70
0
0
VERTEX
8
Layer 1
10
146.050209
20
170.431473
70
0
0
VERTEX
8
Layer 1
10
145.915810
20
171.741000
70
0
0
SEQEND
8
Layer 1
0
POLYLINE
8
Layer 1
62
7
70
0
10
0.000000
20
0.000000
66
1
0
VERTEX
8
Layer 1
10
156.381209
20
171.741000
70
0
0
VERTEX
8
Layer 1
10
156.280255
20
170.760027
70
0
0
VERTEX
8
Layer 1
10
155.994889
20
169.846576
70
0
0
VERTEX
8
Layer 1
10
155.544659
20
169.020150
70
0
0
VERTEX
8
Layer 1
10
154.949114
20
168.300251
70
0
0
VERTEX
8
Layer 1
10
154.227801
20
167.706381
70
0
0
VERTEX
8
Layer 1
10
153.400270
20
167.258043
70
0
0
VERTEX
8
Layer 1
10
152.486067
20
166.974738
70
0
0
VERTEX
8
Layer 1
10
151.504742
20
166.875969
70
0
0
VERTEX
8
Layer 1
10
150.523416
20
166.974738
70
0
0
VERTEX
8
Layer 1
10
149.609213
20
167.258043
70
0
0
VERTEX
8
Layer 1
10
148.781682
20
167.706381
70
0
0
VERTEX
8
Layer 1
10
148.060370
20
168.300251
70
0
0
VERTEX
8
Layer 1
10
147.464824
20
169.020150
70
0
0
VERTEX
8
Layer 1
10
147.014595
20
169.846576
70
0
0
VERTEX
8
Layer 1
10
146.729229
20
170.760027
70
0
0
VERTEX
8
Layer 1
10
146.628274
20
171.741000
70
0
0
SEQEND
8
Layer 1
0
POLYLINE
8
Layer 1
62
7
70
0
10
0.000000
20
0.000000
66
1
0
VERTEX
8
Layer 1
10
162.464950
20
163.420682
70
0
0
VERTEX
8
Layer 1
10
161.480418
20
163.622164
70
0
0
VERTEX
8
Layer 1
10
160.676929
20
164.166033
70
0
0
VERTEX
8
Layer 1
10
160.135456
20
164.971081
70
0
0
VERTEX
8
Layer 1
10
159.936972
20
165.956095
70
0
0
VERTEX
8
Layer 1
10
160.135456
20
166.941110
70
0
0
VERTEX
8
Layer 1
10
160.676929
20
167.746157
70
0
0
VERTEX
8
Layer 1
10
161.480418
20
168.290027
70
0
0
VERTEX
8
Layer 1
10
162.464950
20
168.491509
70
0
0
SEQEND
8
Layer 1
0
POLYLINE
8
Layer 1
62
7
70
0
10
0.000000
20
0.000000
66
1
0
VERTEX
8
Layer 1
10
162.464950
20
165.116607
70
0
0
VERTEX
8
Layer 1
10
161.692462
20
165.323567
70
0
0
VERTEX
8
Layer 1
10
161.126962
20
165.888992
70
0
0
VERTEX
8
Layer 1
10
160.919974
20
166.661376
70
0
0
VERTEX
8
Layer 1
10
161.126962
20
167.433761
70
0
0
VERTEX
8
Layer 1
10
161.692462
20
167.999185
70
0
0
VERTEX
8
Layer 1
10
162.464950
20
168.206145
70
0
0
SEQEND
8
Layer 1
0
POLYLINE
8
Layer 1
62
7
70
0
10
0.000000
20
0.000000
66
1
0
VERTEX
8
Layer 1
10
162.464950
20
165.918695
70
0
0
VERTEX
8
Layer 1
10
162.170182
20
166.040775
70
0
0
VERTEX
8
Layer 1
10
162.048085
20
166.335504
70
0
0
VERTEX
8
Layer 1
10
162.170182
20
166.630233
70
0
0
VERTEX
8
Layer 1
10
162.464950
20
166.752314
70
0
0
SEQEND
8
Layer 1
0
POLYLINE
8
Layer 1
62
7
70
0
10
0.000000
20
0.000000
66
1
0
VERTEX
8
Layer 1
10
152.261617
20
141.858750
70
0
0
VERTEX
8
Layer 1
10
152.459483
20
145.984632
70
0
0
VERTEX
8
Layer 1
10
153.038299
20
149.914342
70
0
0
VERTEX
8
Layer 1
10
153.975897
20
153.537454
70
0
0
VERTEX
8
Layer 1
10
155.250104
20
156.743543
70
0
0
VERTEX
8
Layer 1
10
156.804136
20
159.372333
70
0
0
VERTEX
8
Layer 1
10
157.660298
20
160.429166
70
0
0
VERTEX
8
Layer 1
10
158.560303
20
161.306669
70
0
0
VERTEX
8
Layer 1
10
159.497462
20
161.999124
70
0
0
VERTEX
8
Layer 1
10
160.465083
20
162.500814
70
0
0
VERTEX
8
Layer 1
10
161.456476
20
162.806020
70
0
0
VERTEX
8
Layer 1
10
162.464950
20
162.909026
70
0
0
SEQEND
8
Layer 1
0
POLYLINE
8
Layer 1
62
7
70
0
10
0.000000
20
0.000000
66
1
0
VERTEX
8
Layer 1
10
162.464950
20
159.788004
70
0
0
VERTEX
8
Layer 1
10
162.433546
20
159.819405
70
0
0
VERTEX
8
Layer 1
10
162.464950
20
159.850805
70
0
0
SEQEND
8
Layer 1
0
POLYLINE
8
Layer 1
62
7
70
0
10
0.000000
20
0.000000
66
1
0
VERTEX
8
Layer 1
10
152.388693
20
141.858750
70
0
0
VERTEX
8
Layer 1
10
152.584095
20
145.596428
70
0
0
VERTEX
8
Layer 1
10
153.155703
20
149.156392
70
0
0
VERTEX
8
Layer 1
10
154.081623
20
152.438605
70
0
0
VERTEX
8
Layer 1
10
155.339961
20
155.343034
70
0
0
VERTEX
8
Layer 1
10
156.874638
20
157.724480
70
0
0
VERTEX
8
Layer 1
10
158.608933
20
159.476815
70
0
0
VERTEX
8
Layer 1
10
159.534420
20
160.104117
70
0
0
VERTEX
8
Layer 1
10
160.489990
20
160.558603
70
0
0
VERTEX
8
Layer 1
10
161.469036
20
160.835092
70
0
0
VERTEX
8
Layer 1
10
162.464950
20
160.928407
70
0
0
SEQEND
8
Layer 1
0
POLYLINE
8
Layer 1
62
7
70
0
10
0.000000
20
0.000000
66
1
0
VERTEX
8
Layer 1
10
162.464950
20
170.142515
70
0
0
VERTEX
8
Layer 1
10
162.219172
20
170.284396
70
0
0
VERTEX
8
Layer 1
10
162.219172
20
170.568158
70
0
0
VERTEX
8
Layer 1
10
162.464950
20
170.710038
70
0
0
SEQEND
8
Layer 1
0
POLYLINE
8
Layer 1
62
7
70
0
10
0.000000
20
0.000000
66
1
0
VERTEX
8
Layer 1
10
162.464950
20
170.976803
70
0
0
VERTEX
8
Layer 1
10
161.517526
20
171.200631
70
0
0
VERTEX
8
Layer 1
10
161.227080
20
171.448555
70
0
0
VERTEX
8
Layer 1
10
161.125090
20
171.741000
70
0
0
SEQEND
8
Layer 1
0
POLYLINE
8
Layer 1
62
7
70
0
10
0.000000
20
0.000000
66
1
0
VERTEX
8
Layer 1
10
173.446402
20
141.858750
70
0
0
VERTEX
8
Layer 1
10
173.684007
20
147.576471
70
0
0
VERTEX
8
Layer 1
10
174.360650
20
152.423721
70
0
0
VERTEX
8
Layer 1
10
174.836065
20
154.289591
70
0
0
VERTEX
8
Layer 1
10
175.373318
20
155.662550
70
0
0
VERTEX
8
Layer 1
10
175.956035
20
156.510133
70
0
0
VERTEX
8
Layer 1
10
176.567841
20
156.799875
70
0
0
SEQEND
8
Layer 1
0
POLYLINE
8
Layer 1
62
7
70
0
10
0.000000
20
0.000000
66
1
0
VERTEX
8
Layer 1
10
179.689304
20
171.741000
70
0
0
VERTEX
8
Layer 1
10
179.451697
20
166.023253
70
0
0
VERTEX
8
Layer 1
10
178.775048
20
161.175989
70
0
0
VERTEX
8
Layer 1
10
178.299629
20
159.310120
70
0
0
VERTEX
8
Layer 1
10
177.762372
20
157.937168
70
0
0
VERTEX
8
Layer 1
10
177.179651
20
157.089598
70
0
0
VERTEX
8
Layer 1
10
176.567841
20
156.799875
70
0
0
SEQEND
8
Layer 1
0
POLYLINE
8
Layer 1
62
7
70
0
10
0.000000
20
0.000000
66
1
0
VERTEX
8
Layer 1
10
192.351200
20
156.939987
70
0
0
VERTEX
8
Layer 1
10
191.267573
20
157.227012
70
0
0
VERTEX
8
Layer 1
10
190.235470
20
158.066647
70
0
0
VERTEX
8
Layer 1
10
189.283891
20
159.426731
70
0
0
VERTEX
8
Layer 1
10
188.441840
20
161.275103
70
0
0
VERTEX
8
Layer 1
10
187.751412
20
163.529390
70
0
0
VERTEX
8
Layer 1
10
187.243376
20
166.076898
70
0
0
VERTEX
8
Layer 1
10
186.929744
20
168.839982
70
0
0
VERTEX
8
Layer 1
10
186.822531
20
171.741000
70
0
0
SEQEND
8
Layer 1
0
POLYLINE
8
Layer 1
62
7
70
0
10
0.000000
20
0.000000
66
1
0
VERTEX
8
Layer 1
10
192.351200
20
163.292403
70
0
0
VERTEX
8
Layer 1
10
191.991094
20
163.456241
70
0
0
VERTEX
8
Layer 1
10
191.648110
20
163.935515
70
0
0
VERTEX
8
Layer 1
10
191.052059
20
165.766940
70
0
0
VERTEX
8
Layer 1
10
190.653790
20
168.507862
70
0
0
VERTEX
8
Layer 1
10
190.513937
20
171.741000
70
0
0
SEQEND
8
Layer 1
0
POLYLINE
8
Layer 1
62
7
70
0
10
0.000000
20
0.000000
66
1
0
VERTEX
8
Layer 1
10
192.351200
20
169.519291
70
0
0
VERTEX
8
Layer 1
10
192.068238
20
169.638401
70
0
0
VERTEX
8
Layer 1
10
191.951294
20
169.922235
70
0
0
VERTEX
8
Layer 1
10
192.068238
20
170.206068
70
0
0
VERTEX
8
Layer 1
10
192.351200
20
170.325179
70
0
0
SEQEND
8
Layer 1
0
POLYLINE
8
Layer 1
62
7
70
0
10
0.000000
20
0.000000
66
1
0
VERTEX
8
Layer 1
10
192.351200
20
166.750832
70
0
0
VERTEX
8
Layer 1
10
191.803570
20
166.897549
70
0
0
VERTEX
8
Layer 1
10
191.402678
20
167.298388
70
0
0
VERTEX
8
Layer 1
10
191.255941
20
167.845944
70
0
0
VERTEX
8
Layer 1
10
191.402678
20
168.393501
70
0
0
VERTEX
8
Layer 1
10
191.803570
20
168.794340
70
0
0
VERTEX
8
Layer 1
10
192.351200
20
168.941057
70
0
0
SEQEND
8
Layer 1
0
POLYLINE
8
Layer 1
62
7
70
0
10
0.000000
20
0.000000
66
1
0
VERTEX
8
Layer 1
10
192.351200
20
165.543589
70
0
0
VERTEX
8
Layer 1
10
191.185588
20
165.781865
70
0
0
VERTEX
8
Layer 1
10
190.234272
20
166.425585
70
0
0
VERTEX
8
Layer 1
10
189.593153
20
167.378588
70
0
0
VERTEX
8
Layer 1
10
189.358135
20
168.544711
70
0
0
VERTEX
8
Layer 1
10
189.593153
20
169.710834
70
0
0
VERTEX
8
Layer 1
10
190.234272
20
170.663836
70
0
0
VERTEX
8
Layer 1
10
191.185588
20
171.307556
70
0
0
VERTEX
8
Layer 1
10
192.351200
20
171.545833
70
0
0
SEQEND
8
Layer 1
0
POLYLINE
8
Layer 1
62
7
70
0
10
0.000000
20
0.000000
66
1
0
VERTEX
8
Layer 1
10
192.351200
20
158.503139
70
0
0
VERTEX
8
Layer 1
10
191.535256
20
158.667849
70
0
0
VERTEX
8
Layer 1
10
190.868948
20
159.117026
70
0
0
VERTEX
8
Layer 1
10
190.419710
20
159.783246
70
0
0
VERTEX
8
Layer 1
10
190.254979
20
160.599080
70
0
0
VERTEX
8
Layer 1
10
190.419710
20
161.414915
70
0
0
VERTEX
8
Layer 1
10
190.868948
20
162.081134
70
0
0
VERTEX
8
Layer 1
10
191.535256
20
162.530312
70
0
0
VERTEX
8
Layer 1
10
192.351200
20
162.695021
70
0
0
SEQEND
8
Layer 1
0
POLYLINE
8
Layer 1
62
7
70
0
10
0.000000
20
0.000000
66
1
0
VERTEX
8
Layer 1
10
192.351200
20
149.468420
70
0
0
VERTEX
8
Layer 1
10
191.889523
20
149.734934
70
0
0
VERTEX
8
Layer 1
10
191.889523
20
150.267962
70
0
0
VERTEX
8
Layer 1
10
192.351200
20
150.534476
70
0
0
SEQEND
8
Layer 1
0
POLYLINE
8
Layer 1
62
7
70
0
10
0.000000
20
0.000000
66
1
0
VERTEX
8
Layer 1
10
179.150730
20
141.858750
70
0
0
VERTEX
8
Layer 1
10
179.350954
20
142.836831
70
0
0
VERTEX
8
Layer 1
10
179.891411
20
143.635053
70
0
0
VERTEX
8
Layer 1
10
180.691401
20
144.172976
70
0
0
VERTEX
8
Layer 1
10
181.670225
20
144.370159
70
0
0
VERTEX
8
Layer 1
10
182.649049
20
144.172976
70
0
0
VERTEX
8
Layer 1
10
183.449039
20
143.635053
70
0
0
VERTEX
8
Layer 1
10
183.989495
20
142.836831
70
0
0
VERTEX
8
Layer 1
10
184.189719
20
141.858750
70
0
0
SEQEND
8
Layer 1
0
POLYLINE
8
Layer 1
62
7
70
0
10
0.000000
20
0.000000
66
1
0
VERTEX
8
Layer 1
10
183.171339
20
141.858750
70
0
0
VERTEX
8
Layer 1
10
183.326724
20
142.127848
70
0
0
VERTEX
8
Layer 1
10
183.637493
20
142.127848
70
0
0
VERTEX
8
Layer 1
10
183.792878
20
141.858750
70
0
0
SEQEND
8
Layer 1
0
POLYLINE
8
Layer 1
62
7
70
0
10
0.000000
20
0.000000
66
1
0
VERTEX
8
Layer 1
10
183.228745
20
171.741000
70
0
0
VERTEX
8
Layer 1
10
182.994305
20
171.506592
70
0
0
VERTEX
8
Layer 1
10
182.759866
20
171.741000
70
0
0
SEQEND
8
Layer 1
0
POLYLINE
8
Layer 1
62
7
70
0
10
0.000000
20
0.000000
66
1
0
VERTEX
8
Layer 1
10
173.531111
20
141.858750
70
0
0
VERTEX
8
Layer 1
10
173.576180
20
141.936800
70
0
0
VERTEX
8
Layer 1
10
173.666316
20
141.936800
70
0
0
VERTEX
8
Layer 1
10
173.711385
20
141.858750
70
0
0
SEQEND
8
Layer 1
0
POLYLINE
8
Layer 1
62
7
70
0
10
0.000000
20
0.000000
66
1
0
VERTEX
8
Layer 1
10
179.045172
20
141.858750
70
0
0
VERTEX
8
Layer 1
10
179.303206
20
144.704310
70
0
0
VERTEX
8
Layer 1
10
180.058033
20
147.414573
70
0
0
VERTEX
8
Layer 1
10
181.280741
20
149.913379
70
0
0
VERTEX
8
Layer 1
10
182.942417
20
152.124572
70
0
0
VERTEX
8
Layer 1
10
184.969009
20
153.937609
70
0
0
VERTEX
8
Layer 1
10
187.259204
20
155.271692
70
0
0
VERTEX
8
Layer 1
10
189.743201
20
156.095276
70
0
0
VERTEX
8
Layer 1
10
192.351200
20
156.376814
70
0
0
SEQEND
8
Layer 1
0
POLYLINE
8
Layer 1
62
7
70
0
10
0.000000
20
0.000000
66
1
0
VERTEX
8
Layer 1
10
190.747862
20
141.858750
70
0
0
VERTEX
8
Layer 1
10
190.869909
20
145.253603
70
0
0
VERTEX
8
Layer 1
10
191.217469
20
148.131621
70
0
0
VERTEX
8
Layer 1
10
191.737629
20
150.054651
70
0
0
VERTEX
8
Layer 1
10
192.036944
20
150.557897
70
0
0
VERTEX
8
Layer 1
10
192.351200
20
150.729929
70
0
0
SEQEND
8
Layer 1
0
POLYLINE
8
Layer 1
62
7
70
0
10
0.000000
20
0.000000
66
1
0
VERTEX
8
Layer 1
10
187.503220
20
141.858750
70
0
0
VERTEX
8
Layer 1
10
187.597233
20
143.932967
70
0
0
VERTEX
8
Layer 1
10
187.872250
20
145.908561
70
0
0
VERTEX
8
Layer 1
10
188.317737
20
147.730019
70
0
0
VERTEX
8
Layer 1
10
188.923160
20
149.341826
70
0
0
VERTEX
8
Layer 1
10
189.661538
20
150.663405
70
0
0
VERTEX
8
Layer 1
10
190.495958
20
151.635860
70
0
0
VERTEX
8
Layer 1
10
191.400989
20
152.236195
70
0
0
VERTEX
8
Layer 1
10
192.351200
20
152.441417
70
0
0
SEQEND
8
Layer 1
0
POLYLINE
8
Layer 1
62
7
70
0
10
0.000000
20
0.000000
66
1
0
VERTEX
8
Layer 1
10
163.995532
20
171.741000
70
0
0
VERTEX
8
Layer 1
10
163.879024
20
168.361150
70
0
0
VERTEX
8
Layer 1
10
163.547235
20
165.495851
70
0
0
VERTEX
8
Layer 1
10
163.050679
20
163.581320
70
0
0
VERTEX
8
Layer 1
10
162.764946
20
163.080298
70
0
0
VERTEX
8
Layer 1
10
162.464950
20
162.909026
70
0
0
SEQEND
8
Layer 1
0
POLYLINE
8
Layer 1
62
7
70
0
10
0.000000
20
0.000000
66
1
0
VERTEX
8
Layer 1
10
162.464950
20
170.142515
70
0
0
VERTEX
8
Layer 1
10
163.120712
20
170.055528
70
0
0
VERTEX
8
Layer 1
10
163.721595
20
169.805843
70
0
0
VERTEX
8
Layer 1
10
164.238299
20
169.410375
70
0
0
VERTEX
8
Layer 1
10
164.641523
20
168.886038
70
0
0
VERTEX
8
Layer 1
10
164.894061
20
168.274714
70
0
0
VERTEX
8
Layer 1
10
164.978240
20
167.629561
70
0
0
VERTEX
8
Layer 1
10
164.894061
20
166.984408
70
0
0
VERTEX
8
Layer 1
10
164.641523
20
166.373084
70
0
0
VERTEX
8
Layer 1
10
164.238299
20
165.848747
70
0
0
VERTEX
8
Layer 1
10
163.721595
20
165.453279
70
0
0
VERTEX
8
Layer 1
10
163.120712
20
165.203594
70
0
0
VERTEX
8
Layer 1
10
162.464950
20
165.116607
70
0
0
SEQEND
8
Layer 1
0
POLYLINE
8
Layer 1
62
7
70
0
10
0.000000
20
0.000000
66
1
0
VERTEX
8
Layer 1
10
162.464950
20
166.752314
70
0
0
VERTEX
8
Layer 1
10
162.825966
20
166.543909
70
0
0
VERTEX
8
Layer 1
10
162.825966
20
166.127099
70
0
0
VERTEX
8
Layer 1
10
162.464950
20
165.918695
70
0
0
SEQEND
8
Layer 1
0
POLYLINE
8
Layer 1
62
7
70
0
10
0.000000
20
0.000000
66
1
0
VERTEX
8
Layer 1
10
162.464950
20
168.491509
70
0
0
VERTEX
8
Layer 1
10
162.588533
20
168.420168
70
0
0
VERTEX
8
Layer 1
10
162.588533
20
168.277486
70
0
0
VERTEX
8
Layer 1
10
162.464950
20
168.206145
70
0
0
SEQEND
8
Layer 1
0
POLYLINE
8
Layer 1
62
7
70
0
10
0.000000
20
0.000000
66
1
0
VERTEX
8
Layer 1
10
162.464950
20
170.710038
70
0
0
VERTEX
8
Layer 1
10
163.416038
20
170.583876
70
0
0
VERTEX
8
Layer 1
10
164.287533
20
170.221744
70
0
0
VERTEX
8
Layer 1
10
165.036938
20
169.648175
70
0
0
VERTEX
8
Layer 1
10
165.621756
20
168.887699
70
0
0
VERTEX
8
Layer 1
10
165.988026
20
168.001062
70
0
0
VERTEX
8
Layer 1
10
166.110116
20
167.065360
70
0
0
VERTEX
8
Layer 1
10
165.988026
20
166.129658
70
0
0
VERTEX
8
Layer 1
10
165.621756
20
165.243021
70
0
0
VERTEX
8
Layer 1
10
165.036938
20
164.482546
70
0
0
VERTEX
8
Layer 1
10
164.287533
20
163.908976
70
0
0
VERTEX
8
Layer 1
10
163.416038
20
163.546844
70
0
0
VERTEX
8
Layer 1
10
162.464950
20
163.420682
70
0
0
SEQEND
8
Layer 1
0
POLYLINE
8
Layer 1
62
7
70
0
10
0.000000
20
0.000000
66
1
0
VERTEX
8
Layer 1
10
163.275465
20
171.741000
70
0
0
VERTEX
8
Layer 1
10
163.038071
20
171.200631
70
0
0
VERTEX
8
Layer 1
10
162.464950
20
170.976803
70
0
0
SEQEND
8
Layer 1
0
POLYLINE
8
Layer 1
62
7
70
0
10
0.000000
20
0.000000
66
1
0
VERTEX
8
Layer 1
10
170.208812
20
171.741000
70
0
0
VERTEX
8
Layer 1
10
170.058641
20
168.259913
70
0
0
VERTEX
8
Layer 1
10
169.619346
20
164.944340
70
0
0
VERTEX
8
Layer 1
10
168.907752
20
161.887451
70
0
0
VERTEX
8
Layer 1
10
167.940687
20
159.182411
70
0
0
VERTEX
8
Layer 1
10
166.761249
20
156.964450
70
0
0
VERTEX
8
Layer 1
10
165.428398
20
155.332412
70
0
0
VERTEX
8
Layer 1
10
163.982757
20
154.324890
70
0
0
VERTEX
8
Layer 1
10
163.230336
20
154.067381
70
0
0
VERTEX
8
Layer 1
10
162.464950
20
153.980473
70
0
0
SEQEND
8
Layer 1
0
POLYLINE
8
Layer 1
62
7
70
0
10
0.000000
20
0.000000
66
1
0
VERTEX
8
Layer 1
10
172.867517
20
171.741000
70
0
0
VERTEX
8
Layer 1
10
172.665788
20
167.796862
70
0
0
VERTEX
8
Layer 1
10
172.075669
20
164.040254
70
0
0
VERTEX
8
Layer 1
10
171.119763
20
160.576739
70
0
0
VERTEX
8
Layer 1
10
169.820676
20
157.511878
70
0
0
VERTEX
8
Layer 1
10
168.236299
20
154.998885
70
0
0
VERTEX
8
Layer 1
10
167.363419
20
153.988605
70
0
0
VERTEX
8
Layer 1
10
166.445840
20
153.149756
70
0
0
VERTEX
8
Layer 1
10
165.490382
20
152.487803
70
0
0
VERTEX
8
Layer 1
10
164.503867
20
152.008213
70
0
0
VERTEX
8
Layer 1
10
163.493116
20
151.716451
70
0
0
VERTEX
8
Layer 1
10
162.464950
20
151.617982
70
0
0
SEQEND
8
Layer 1
0
POLYLINE
8
Layer 1
62
7
70
0
10
0.000000
20
0.000000
66
1
0
VERTEX
8
Layer 1
10
172.817930
20
141.858750
70
0
0
VERTEX
8
Layer 1
10
172.986052
20
147.576471
70
0
0
VERTEX
8
Layer 1
10
173.464826
20
152.423721
70
0
0
VERTEX
8
Layer 1
10
173.801216
20
154.289591
70
0
0
VERTEX
8
Layer 1
10
174.181361
20
155.662550
70
0
0
VERTEX
8
Layer 1
10
174.593675
20
156.510133
70
0
0
VERTEX
8
Layer 1
10
175.026571
20
156.799875
70
0
0
SEQEND
8
Layer 1
0
POLYLINE
8
Layer 1
62
7
70
0
10
0.000000
20
0.000000
66
1
0
VERTEX
8
Layer 1
10
177.235213
20
171.741000
70
0
0
VERTEX
8
Layer 1
10
177.067090
20
166.023279
70
0
0
VERTEX
8
Layer 1
10
176.588317
20
161.176029
70
0
0
VERTEX
8
Layer 1
10
176.251927
20
159.310159
70
0
0
VERTEX
8
Layer 1
10
175.871782
20
157.937200
70
0
0
VERTEX
8
Layer 1
10
175.459468
20
157.089617
70
0
0
VERTEX
8
Layer 1
10
175.026571
20
156.799875
70
0
0
SEQEND
8
Layer 1
0
POLYLINE
8
Layer 1
62
7
70
0
10
0.000000
20
0.000000
66
1
0
VERTEX
8
Layer 1
10
162.995586
20
141.858750
70
0
0
VERTEX
8
Layer 1
10
163.121392
20
144.869900
70
0
0
VERTEX
8
Layer 1
10
163.482208
20
147.674496
70
0
0
VERTEX
8
Layer 1
10
164.053135
20
150.212457
70
0
0
VERTEX
8
Layer 1
10
164.809271
20
152.423700
70
0
0
VERTEX
8
Layer 1
10
165.725716
20
154.248146
70
0
0
VERTEX
8
Layer 1
10
166.777569
20
155.625711
70
0
0
VERTEX
8
Layer 1
10
167.939930
20
156.496314
70
0
0
VERTEX
8
Layer 1
10
168.554769
20
156.722730
70
0
0
VERTEX
8
Layer 1
10
169.187898
20
156.799875
70
0
0
SEQEND
8
Layer 1
0
POLYLINE
8
Layer 1
62
7
70
0
10
0.000000
20
0.000000
66
1
0
VERTEX
8
Layer 1
10
175.380233
20
171.741000
70
0
0
VERTEX
8
Layer 1
10
175.260150
20
168.812520
70
0
0
VERTEX
8
Layer 1
10
174.908870
20
166.023279
70
0
0
VERTEX
8
Layer 1
10
174.339848
20
163.451656
70
0
0
VERTEX
8
Layer 1
10
173.566540
20
161.176029
70
0
0
VERTEX
8
Layer 1
10
172.623409
20
159.310159
70
0
0
VERTEX
8
Layer 1
10
171.557602
20
157.937200
70
0
0
VERTEX
8
Layer 1
10
170.401604
20
157.089617
70
0
0
VERTEX
8
Layer 1
10
169.187898
20
156.799875
70
0
0
SEQEND
8
Layer 1
0
POLYLINE
8
Layer 1
62
7
70
0
10
0.000000
20
0.000000
66
1
0
VERTEX
8
Layer 1
10
171.154413
20
171.741000
70
0
0
VERTEX
8
Layer 1
10
171.036996
20
171.462169
70
0
0
VERTEX
8
Layer 1
10
170.757225
20
171.346934
70
0
0
VERTEX
8
Layer 1
10
170.477453
20
171.462169
70
0
0
VERTEX
8
Layer 1
10
170.360037
20
171.741000
70
0
0
SEQEND
8
Layer 1
0
POLYLINE
8
Layer 1
62
7
70
0
10
0.000000
20
0.000000
66
1
0
VERTEX
8
Layer 1
10
162.464950
20
159.442637
70
0
0
VERTEX
8
Layer 1
10
162.621362
20
159.352345
70
0
0
VERTEX
8
Layer 1
10
162.621362
20
159.171761
70
0
0
VERTEX
8
Layer 1
10
162.464950
20
159.081468
70
0
0
SEQEND
8
Layer 1
0
POLYLINE
8
Layer 1
62
7
70
0
10
0.000000
20
0.000000
66
1
0
VERTEX
8
Layer 1
10
162.464950
20
157.324990
70
0
0
VERTEX
8
Layer 1
10
163.018969
20
157.176561
70
0
0
VERTEX
8
Layer 1
10
163.424540
20
156.771045
70
0
0
VERTEX
8
Layer 1
10
163.572989
20
156.217099
70
0
0
VERTEX
8
Layer 1
10
163.424540
20
155.663154
70
0
0
VERTEX
8
Layer 1
10
163.018969
20
155.257638
70
0
0
VERTEX
8
Layer 1
10
162.464950
20
155.109209
70
0
0
SEQEND
8
Layer 1
0
POLYLINE
8
Layer 1
62
7
70
0
10
0.000000
20
0.000000
66
1
0
VERTEX
8
Layer 1
10
167.360198
20
171.741000
70
0
0
VERTEX
8
Layer 1
10
167.265268
20
169.398197
70
0
0
VERTEX
8
Layer 1
10
166.987570
20
167.166787
70
0
0
VERTEX
8
Layer 1
10
166.537739
20
165.109472
70
0
0
VERTEX
8
Layer 1
10
165.926413
20
163.288956
70
0
0
VERTEX
8
Layer 1
10
165.180836
20
161.796248
70
0
0
VERTEX
8
Layer 1
10
164.338280
20
160.697872
70
0
0
VERTEX
8
Layer 1
10
163.424425
20
160.019800
70
0
0
VERTEX
8
Layer 1
10
162.464950
20
159.788004
70
0
0
SEQEND
8
Layer 1
0
POLYLINE
8
Layer 1
62
7
70
0
10
0.000000
20
0.000000
66
1
0
VERTEX
8
Layer 1
10
167.131054
20
171.741000
70
0
0
VERTEX
8
Layer 1
10
167.040568
20
169.410506
70
0
0
VERTEX
8
Layer 1
10
166.775868
20
167.190819
70
0
0
VERTEX
8
Layer 1
10
166.347094
20
165.144314
70
0
0
VERTEX
8
Layer 1
10
165.764384
20
163.333362
70
0
0
VERTEX
8
Layer 1
10
165.053707
20
161.848497
70
0
0
VERTEX
8
Layer 1
10
164.250591
20
160.755892
70
0
0
VERTEX
8
Layer 1
10
163.379513
20
160.081383
70
0
0
VERTEX
8
Layer 1
10
162.464950
20
159.850805
70
0
0
SEQEND
8
Layer 1
0
POLYLINE
8
Layer 1
62
7
70
0
10
0.000000
20
0.000000
66
1
0
VERTEX
8
Layer 1
10
164.478542
20
171.741000
70
0
0
VERTEX
8
Layer 1
10
164.325267
20
167.603200
70
0
0
VERTEX
8
Layer 1
10
163.888775
20
164.095342
70
0
0
VERTEX
8
Layer 1
10
163.235518
20
161.751466
70
0
0
VERTEX
8
Layer 1
10
162.859617
20
161.138087
70
0
0
VERTEX
8
Layer 1
10
162.464950
20
160.928407
70
0
0
SEQEND
8
Layer 1
0
POLYLINE
8
Layer 1
62
7
70
0
10
0.000000
20
0.000000
66
1
0
VERTEX
8
Layer 1
10
192.351200
20
156.376814
70
0
0
VERTEX
8
Layer 1
10
192.615664
20
152.124572
70
0
0
VERTEX
8
Layer 1
10
192.725208
20
141.858750
70
0
0
SEQEND
8
Layer 1
0
POLYLINE
8
Layer 1
62
7
70
0
10
0.000000
20
0.000000
66
1
0
VERTEX
8
Layer 1
10
192.351200
20
150.534476
70
0
0
VERTEX
8
Layer 1
10
192.812877
20
150.267962
70
0
0
VERTEX
8
Layer 1
10
192.812877
20
149.734934
70
0
0
VERTEX
8
Layer 1
10
192.351200
20
149.468420
70
0
0
SEQEND
8
Layer 1
0
POLYLINE
8
Layer 1
62
7
70
0
10
0.000000
20
0.000000
66
1
0
VERTEX
8
Layer 1
10
192.351200
20
152.441417
70
0
0
VERTEX
8
Layer 1
10
192.956383
20
152.190776
70
0
0
VERTEX
8
Layer 1
10
193.207058
20
151.585673
70
0
0
VERTEX
8
Layer 1
10
192.956383
20
150.980571
70
0
0
VERTEX
8
Layer 1
10
192.351200
20
150.729929
70
0
0
SEQEND
8
Layer 1
0
POLYLINE
8
Layer 1
62
7
70
0
10
0.000000
20
0.000000
66
1
0
VERTEX
8
Layer 1
10
198.236161
20
171.741000
70
0
0
VERTEX
8
Layer 1
10
198.157841
20
171.150732
70
0
0
VERTEX
8
Layer 1
10
197.933033
20
170.609861
70
0
0
VERTEX
8
Layer 1
10
197.576967
20
170.144763
70
0
0
VERTEX
8
Layer 1
10
197.104871
20
169.781810
70
0
0
VERTEX
8
Layer 1
10
196.554455
20
169.554494
70
0
0
VERTEX
8
Layer 1
10
195.973581
20
169.478722
70
0
0
VERTEX
8
Layer 1
10
195.392706
20
169.554494
70
0
0
VERTEX
8
Layer 1
10
194.842291
20
169.781810
70
0
0
VERTEX
8
Layer 1
10
194.370195
20
170.144763
70
0
0
VERTEX
8
Layer 1
10
194.014129
20
170.609861
70
0
0
VERTEX
8
Layer 1
10
193.789321
20
171.150732
70
0
0
VERTEX
8
Layer 1
10
193.711000
20
171.741000
70
0
0
SEQEND
8
Layer 1
0
POLYLINE
8
Layer 1
62
7
70
0
10
0.000000
20
0.000000
66
1
0
VERTEX
8
Layer 1
10
197.273322
20
171.741000
70
0
0
VERTEX
8
Layer 1
10
197.044863
20
170.888495
70
0
0
VERTEX
8
Layer 1
10
196.420703
20
170.264418
70
0
0
VERTEX
8
Layer 1
10
195.568084
20
170.035991
70
0
0
VERTEX
8
Layer 1
10
194.715465
20
170.264418
70
0
0
VERTEX
8
Layer 1
10
194.091305
20
170.888495
70
0
0
VERTEX
8
Layer 1
10
193.862847
20
171.741000
70
0
0
SEQEND
8
Layer 1
0
POLYLINE
8
Layer 1
62
7
70
0
10
0.000000
20
0.000000
66
1
0
VERTEX
8
Layer 1
10
215.111014
20
171.741000
70
0
0
VERTEX
8
Layer 1
10
215.008859
20
170.727777
70
0
0
VERTEX
8
Layer 1
10
214.715872
20
169.784057
70
0
0
VERTEX
8
Layer 1
10
214.252275
20
168.930059
70
0
0
VERTEX
8
Layer 1
10
213.638286
20
168.185997
70
0
0
VERTEX
8
Layer 1
10
212.894126
20
167.572091
70
0
0
VERTEX
8
Layer 1
10
212.040012
20
167.108556
70
0
0
VERTEX
8
Layer 1
10
211.096167
20
166.815609
70
0
0
VERTEX
8
Layer 1
10
210.082808
20
166.713467
70
0
0
VERTEX
8
Layer 1
10
209.069449
20
166.815609
70
0
0
VERTEX
8
Layer 1
10
208.125603
20
167.108556
70
0
0
VERTEX
8
Layer 1
10
207.271490
20
167.572091
70
0
0
VERTEX
8
Layer 1
10
206.527329
20
168.185997
70
0
0
VERTEX
8
Layer 1
10
205.913340
20
168.930059
70
0
0
VERTEX
8
Layer 1
10
205.449743
20
169.784057
70
0
0
VERTEX
8
Layer 1
10
205.156757
20
170.727777
70
0
0
VERTEX
8
Layer 1
10
205.054602
20
171.741000
70
0
0
SEQEND
8
Layer 1
0
POLYLINE
8
Layer 1
62
7
70
0
10
0.000000
20
0.000000
66
1
0
VERTEX
8
Layer 1
10
222.237450
20
170.929470
70
0
0
VERTEX
8
Layer 1
10
206.300028
20
171.167161
70
0
0
VERTEX
8
Layer 1
10
201.469751
20
171.425116
70
0
0
VERTEX
8
Layer 1
10
200.156442
20
171.577448
70
0
0
VERTEX
8
Layer 1
10
199.698531
20
171.741000
70
0
0
SEQEND
8
Layer 1
0
POLYLINE
8
Layer 1
62
7
70
0
10
0.000000
20
0.000000
66
1
0
VERTEX
8
Layer 1
10
195.145325
20
141.858750
70
0
0
VERTEX
8
Layer 1
10
195.277896
20
142.896893
70
0
0
VERTEX
8
Layer 1
10
195.670703
20
143.917453
70
0
0
VERTEX
8
Layer 1
10
196.316387
20
144.913541
70
0
0
VERTEX
8
Layer 1
10
197.207590
20
145.878271
70
0
0
VERTEX
8
Layer 1
10
198.336954
20
146.804755
70
0
0
VERTEX
8
Layer 1
10
199.697120
20
147.686106
70
0
0
VERTEX
8
Layer 1
10
203.080425
20
149.285857
70
0
0
VERTEX
8
Layer 1
10
207.206726
20
150.597551
70
0
0
VERTEX
8
Layer 1
10
211.869743
20
151.562733
70
0
0
VERTEX
8
Layer 1
10
216.927357
20
152.158578
70
0
0
VERTEX
8
Layer 1
10
222.237450
20
152.362265
70
0
0
SEQEND
8
Layer 1
0
POLYLINE
8
Layer 1
62
7
70
0
10
0.000000
20
0.000000
66
1
0
VERTEX
8
Layer 1
10
198.062295
20
141.858750
70
0
0
VERTEX
8
Layer 1
10
198.238953
20
142.164689
70
0
0
VERTEX
8
Layer 1
10
198.592268
20
142.164689
70
0
0
VERTEX
8
Layer 1
10
198.768926
20
141.858750
70
0
0
SEQEND
8
Layer 1
0
POLYLINE
8
Layer 1
62
7
70
0
10
0.000000
20
0.000000
66
1
0
VERTEX
8
Layer 1
10
220.751577
20
141.858750
70
0
0
VERTEX
8
Layer 1
10
220.864683
20
144.009683
70
0
0
VERTEX
8
Layer 1
10
221.186779
20
145.833157
70
0
0
VERTEX
8
Layer 1
10
221.668831
20
147.051563
70
0
0
VERTEX
8
Layer 1
10
221.946217
20
147.370413
70
0
0
VERTEX
8
Layer 1
10
222.237450
20
147.479410
70
0
0
SEQEND
8
Layer 1
0
POLYLINE
8
Layer 1
62
7
70
0
10
0.000000
20
0.000000
66
1
0
VERTEX
8
Layer 1
10
197.613571
20
141.858750
70
0
0
VERTEX
8
Layer 1
10
197.747190
20
142.509467
70
0
0
VERTEX
8
Layer 1
10
198.107038
20
143.040450
70
0
0
VERTEX
8
Layer 1
10
198.639448
20
143.398243
70
0
0
VERTEX
8
Layer 1
10
199.290751
20
143.529386
70
0
0
VERTEX
8
Layer 1
10
199.942055
20
143.398243
70
0
0
VERTEX
8
Layer 1
10
200.474465
20
143.040450
70
0
0
VERTEX
8
Layer 1
10
200.834313
20
142.509467
70
0
0
VERTEX
8
Layer 1
10
200.967932
20
141.858750
70
0
0
SEQEND
8
Layer 1
0
POLYLINE
8
Layer 1
62
7
70
0
10
0.000000
20
0.000000
66
1
0
VERTEX
8
Layer 1
10
192.351200
20
165.543589
70
0
0
VERTEX
8
Layer 1
10
192.914072
20
165.392788
70
0
0
VERTEX
8
Layer 1
10
193.326122
20
164.980792
70
0
0
VERTEX
8
Layer 1
10
193.476943
20
164.417996
70
0
0
VERTEX
8
Layer 1
10
193.326122
20
163.855200
70
0
0
VERTEX
8
Layer 1
10
192.914072
20
163.443204
70
0
0
VERTEX
8
Layer 1
10
192.351200
20
163.292403
70
0
0
SEQEND
8
Layer 1
0
POLYLINE
8
Layer 1
62
7
70
0
10
0.000000
20
0.000000
66
1
0
VERTEX
8
Layer 1
10
192.351200
20
171.545833
70
0
0
VERTEX
8
Layer 1
10
193.241598
20
171.454132
70
0
0
VERTEX
8
Layer 1
10
194.070698
20
171.195106
70
0
0
VERTEX
8
Layer 1
10
194.820802
20
170.786494
70
0
0
VERTEX
8
Layer 1
10
195.474210
20
170.246032
70
0
0
VERTEX
8
Layer 1
10
196.013224
20
169.591456
70
0
0
VERTEX
8
Layer 1
10
196.420147
20
168.840506
70
0
0
VERTEX
8
Layer 1
10
196.677279
20
168.010917
70
0
0
VERTEX
8
Layer 1
10
196.766923
20
167.120427
70
0
0
VERTEX
8
Layer 1
10
196.677279
20
166.229937
70
0
0
VERTEX
8
Layer 1
10
196.420147
20
165.400348
70
0
0
VERTEX
8
Layer 1
10
196.013224
20
164.649398
70
0
0
VERTEX
8
Layer 1
10
195.474210
20
163.994823
70
0
0
VERTEX
8
Layer 1
10
194.820802
20
163.454361
70
0
0
VERTEX
8
Layer 1
10
194.070698
20
163.045748
70
0
0
VERTEX
8
Layer 1
10
193.241598
20
162.786723
70
0
0
VERTEX
8
Layer 1
10
192.351200
20
162.695021
70
0
0
SEQEND
8
Layer 1
0
POLYLINE
8
Layer 1
62
7
70
0
10
0.000000
20
0.000000
66
1
0
VERTEX
8
Layer 1
10
193.236000
20
171.741000
70
0
0
VERTEX
8
Layer 1
10
193.152140
20
171.595768
70
0
0
VERTEX
8
Layer 1
10
192.984418
20
171.595768
70
0
0
VERTEX
8
Layer 1
10
192.900557
20
171.741000
70
0
0
SEQEND
8
Layer 1
0
POLYLINE
8
Layer 1
62
7
70
0
10
0.000000
20
0.000000
66
1
0
VERTEX
8
Layer 1
10
193.626387
20
171.741000
70
0
0
VERTEX
8
Layer 1
10
193.529319
20
166.675090
70
0
0
VERTEX
8
Layer 1
10
193.252893
20
162.380419
70
0
0
VERTEX
8
Layer 1
10
192.839193
20
159.510811
70
0
0
VERTEX
8
Layer 1
10
192.601138
20
158.759851
70
0
0
VERTEX
8
Layer 1
10
192.351200
20
158.503139
70
0
0
SEQEND
8
Layer 1
0
POLYLINE
8
Layer 1
62
7
70
0
10
0.000000
20
0.000000
66
1
0
VERTEX
8
Layer 1
10
222.237450
20
154.137677
70
0
0
VERTEX
8
Layer 1
10
216.420911
20
154.247786
70
0
0
VERTEX
8
Layer 1
10
211.671065
20
154.548063
70
0
0
VERTEX
8
Layer 1
10
208.468630
20
154.993432
70
0
0
VERTEX
8
Layer 1
10
207.597916
20
155.256441
70
0
0
VERTEX
8
Layer 1
10
207.294325
20
155.538820
70
0
0
SEQEND
8
Layer 1
0
POLYLINE
8
Layer 1
62
7
70
0
10
0.000000
20
0.000000
66
1
0
VERTEX
8
Layer 1
10
192.351200
20
156.939987
70
0
0
VERTEX
8
Layer 1
10
198.069745
20
156.833329
70
0
0
VERTEX
8
Layer 1
10
202.917675
20
156.529593
70
0
0
VERTEX
8
Layer 1
10
206.156921
20
156.075022
70
0
0
VERTEX
8
Layer 1
10
207.004588
20
155.813449
70
0
0
VERTEX
8
Layer 1
10
207.294325
20
155.538820
70
0
0
SEQEND
8
Layer 1
0
POLYLINE
8
Layer 1
62
7
70
0
10
0.000000
20
0.000000
66
1
0
VERTEX
8
Layer 1
10
192.351200
20
170.325179
70
0
0
VERTEX
8
Layer 1
10
192.634162
20
170.206068
70
0
0
VERTEX
8
Layer 1
10
192.751106
20
169.922235
70
0
0
VERTEX
8
Layer 1
10
192.634162
20
169.638401
70
0
0
VERTEX
8
Layer 1
10
192.351200
20
169.519291
70
0
0
SEQEND
8
Layer 1
0
POLYLINE
8
Layer 1
62
7
70
0
10
0.000000
20
0.000000
66
1
0
VERTEX
8
Layer 1
10
192.351200
20
168.941057
70
0
0
VERTEX
8
Layer 1
10
192.777524
20
168.854998
70
0
0
VERTEX
8
Layer 1
10
193.125665
20
168.620306
70
0
0
VERTEX
8
Layer 1
10
193.360388
20
168.272212
70
0
0
VERTEX
8
Layer 1
10
193.446459
20
167.845944
70
0
0
VERTEX
8
Layer 1
10
193.360388
20
167.419677
70
0
0
VERTEX
8
Layer 1
10
193.125665
20
167.071583
70
0
0
VERTEX
8
Layer 1
10
192.777524
20
166.836891
70
0
0
VERTEX
8
Layer 1
10
192.351200
20
166.750832
70
0
0
SEQEND
8
Layer 1
0
POLYLINE
8
Layer 1
62
7
70
0
10
0.000000
20
0.000000
66
1
0
VERTEX
8
Layer 1
10
221.881110
20
171.741000
70
0
0
VERTEX
8
Layer 1
10
221.670950
20
169.656537
70
0
0
VERTEX
8
Layer 1
10
221.068202
20
167.715061
70
0
0
VERTEX
8
Layer 1
10
220.114462
20
165.958164
70
0
0
VERTEX
8
Layer 1
10
218.851328
20
164.427437
70
0
0
VERTEX
8
Layer 1
10
217.320396
20
163.164472
70
0
0
VERTEX
8
Layer 1
10
215.563264
20
162.210860
70
0
0
VERTEX
8
Layer 1
10
213.621528
20
161.608192
70
0
0
VERTEX
8
Layer 1
10
211.536786
20
161.398061
70
0
0
VERTEX
8
Layer 1
10
209.452044
20
161.608192
70
0
0
VERTEX
8
Layer 1
10
207.510308
20
162.210860
70
0
0
VERTEX
8
Layer 1
10
205.753176
20
163.164472
70
0
0
VERTEX
8
Layer 1
10
204.222244
20
164.427437
70
0
0
VERTEX
8
Layer 1
10
202.959110
20
165.958164
70
0
0
VERTEX
8
Layer 1
10
202.005370
20
167.715061
70
0
0
VERTEX
8
Layer 1
10
201.402621
20
169.656537
70
0
0
VERTEX
8
Layer 1
10
201.192461
20
171.741000
70
0
0
SEQEND
8
Layer 1
0
POLYLINE
8
Layer 1
62
7
70
0
10
0.000000
20
0.000000
66
1
0
VERTEX
8
Layer 1
10
222.237450
20
152.362265
70
0
0
VERTEX
8
Layer 1
10
225.454345
20
152.158578
70
0
0
VERTEX
8
Layer 1
10
228.518288
20
151.562733
70
0
0
VERTEX
8
Layer 1
10
231.343180
20
150.597551
70
0
0
VERTEX
8
Layer 1
10
233.842925
20
149.285857
70
0
0
VERTEX
8
Layer 1
10
235.892557
20
147.686106
70
0
0
VERTEX
8
Layer 1
10
237.400734
20
145.878271
70
0
0
VERTEX
8
Layer 1
10
238.331792
20
143.917453
70
0
0
VERTEX
8
Layer 1
10
238.569758
20
142.896893
70
0
0
VERTEX
8
Layer 1
10
238.650070
20
141.858750
70
0
0
SEQEND
8
Layer 1
0
POLYLINE
8
Layer 1
62
7
70
0
10
0.000000
20
0.000000
66
1
0
VERTEX
8
Layer 1
10
233.827888
20
141.858750
70
0
0
VERTEX
8
Layer 1
10
234.001219
20
142.271555
70
0
0
VERTEX
8
Layer 1
10
234.415176
20
142.442225
70
0
0
VERTEX
8
Layer 1
10
234.829134
20
142.271555
70
0
0
VERTEX
8
Layer 1
10
235.002465
20
141.858750
70
0
0
SEQEND
8
Layer 1
0
POLYLINE
8
Layer 1
62
7
70
0
10
0.000000
20
0.000000
66
1
0
VERTEX
8
Layer 1
10
222.237450
20
147.479410
70
0
0
VERTEX
8
Layer 1
10
225.404344
20
147.370413
70
0
0
VERTEX
8
Layer 1
10
228.420662
20
147.051563
70
0
0
VERTEX
8
Layer 1
10
231.201645
20
146.535073
70
0
0
VERTEX
8
Layer 1
10
233.662536
20
145.833157
70
0
0
VERTEX
8
Layer 1
10
235.680309
20
144.977095
70
0
0
VERTEX
8
Layer 1
10
237.165044
20
144.009683
70
0
0
VERTEX
8
Layer 1
10
238.081630
20
142.960407
70
0
0
VERTEX
8
Layer 1
10
238.315897
20
142.414283
70
0
0
VERTEX
8
Layer 1
10
238.394961
20
141.858750
70
0
0
SEQEND
8
Layer 1
0
POLYLINE
8
Layer 1
62
7
70
0
10
0.000000
20
0.000000
66
1
0
VERTEX
8
Layer 1
10
235.272852
20
171.741000
70
0
0
VERTEX
8
Layer 1
10
235.020066
20
168.290730
70
0
0
VERTEX
8
Layer 1
10
234.280591
20
165.004509
70
0
0
VERTEX
8
Layer 1
10
233.082751
20
161.974681
70
0
0
VERTEX
8
Layer 1
10
231.454871
20
159.293588
70
0
0
VERTEX
8
Layer 1
10
229.469498
20
157.095262
70
0
0
VERTEX
8
Layer 1
10
228.375696
20
156.211485
70
0
0
VERTEX
8
Layer 1
10
227.225882
20
155.477673
70
0
0
VERTEX
8
Layer 1
10
226.028603
20
154.898607
70
0
0
VERTEX
8
Layer 1
10
224.792406
20
154.479069
70
0
0
VERTEX
8
Layer 1
10
223.525839
20
154.223840
70
0
0
VERTEX
8
Layer 1
10
222.237450
20
154.137701
70
0
0
SEQEND
8
Layer 1
0
POLYLINE
8
Layer 1
62
7
70
0
10
0.000000
20
0.000000
66
1
0
VERTEX
8
Layer 1
10
229.729957
20
171.741000
70
0
0
VERTEX
8
Layer 1
10
229.141158
20
171.425116
70
0
0
VERTEX
8
Layer 1
10
227.535452
20
171.167161
70
0
0
VERTEX
8
Layer 1
10
222.237450
20
170.929470
70
0
0
SEQEND
8
Layer 1
0
POLYLINE
8
Layer 1
62
7
70
0
10
0.000000
20
0.000000
66
1
0
VERTEX
8
Layer 1
10
42.919950
20
127.688037
70
0
0
VERTEX
8
Layer 1
10
40.695052
20
127.962839
70
0
0
VERTEX
8
Layer 1
10
38.575941
20
128.766718
70
0
0
VERTEX
8
Layer 1
10
36.622164
20
130.068883
70
0
0
VERTEX
8
Layer 1
10
34.893267
20
131.838543
70
0
0
VERTEX
8
Layer 1
10
33.475682
20
133.996831
70
0
0
VERTEX
8
Layer 1
10
32.432584
20
136.435853
70
0
0
VERTEX
8
Layer 1
10
31.788637
20
139.081271
70
0
0
VERTEX
8
Layer 1
10
31.568507
20
141.858750
70
0
0
SEQEND
8
Layer 1
0
POLYLINE
8
Layer 1
62
7
70
0
10
0.000000
20
0.000000
66
1
0
VERTEX
8
Layer 1
10
42.919950
20
132.042694
70
0
0
VERTEX
8
Layer 1
10
41.029998
20
132.233049
70
0
0
VERTEX
8
Layer 1
10
39.229907
20
132.789897
70
0
0
VERTEX
8
Layer 1
10
37.570260
20
133.691907
70
0
0
VERTEX
8
Layer 1
10
36.101639
20
134.917750
70
0
0
VERTEX
8
Layer 1
10
34.897464
20
136.412797
70
0
0
VERTEX
8
Layer 1
10
34.011398
20
138.102308
70
0
0
VERTEX
8
Layer 1
10
33.464393
20
139.934790
70
0
0
VERTEX
8
Layer 1
10
33.277402
20
141.858750
70
0
0
SEQEND
8
Layer 1
0
POLYLINE
8
Layer 1
62
7
70
0
10
0.000000
20
0.000000
66
1
0
VERTEX
8
Layer 1
10
19.092002
20
111.976500
70
0
0
VERTEX
8
Layer 1
10
19.176317
20
112.794207
70
0
0
VERTEX
8
Layer 1
10
19.414324
20
113.555611
70
0
0
VERTEX
8
Layer 1
10
19.789731
20
114.244461
70
0
0
VERTEX
8
Layer 1
10
20.286245
20
114.844507
70
0
0
VERTEX
8
Layer 1
10
20.887574
20
115.339498
70
0
0
VERTEX
8
Layer 1
10
21.577425
20
115.713183
70
0
0
VERTEX
8
Layer 1
10
22.339505
20
115.949312
70
0
0
VERTEX
8
Layer 1
10
23.157524
20
116.031632
70
0
0
VERTEX
8
Layer 1
10
23.975542
20
115.949312
70
0
0
VERTEX
8
Layer 1
10
24.737623
20
115.713183
70
0
0
VERTEX
8
Layer 1
10
25.427474
20
115.339498
70
0
0
VERTEX
8
Layer 1
10
26.028803
20
114.844507
70
0
0
VERTEX
8
Layer 1
10
26.525317
20
114.244461
70
0
0
VERTEX
8
Layer 1
10
26.900723
20
113.555611
70
0
0
VERTEX
8
Layer 1
10
27.138731
20
112.794207
70
0
0
VERTEX
8
Layer 1
10
27.223046
20
111.976500
70
0
0
SEQEND
8
Layer 1
0
POLYLINE
8
Layer 1
62
7
70
0
10
0.000000
20
0.000000
66
1
0
VERTEX
8
Layer 1
10
33.858845
20
111.976500
70
0
0
VERTEX
8
Layer 1
10
33.986535
20
112.938844
70
0
0
VERTEX
8
Layer 1
10
34.353051
20
113.820653
70
0
0
VERTEX
8
Layer 1
10
34.933564
20
114.578927
70
0
0
VERTEX
8
Layer 1
10
35.703245
20
115.170667
70
0
0
VERTEX
8
Layer 1
10
36.600616
20
115.541272
70
0
0
VERTEX
8
Layer 1
10
37.547646
20
115.664806
70
0
0
VERTEX
8
Layer 1
10
38.494675
20
115.541272
70
0
0
VERTEX
8
Layer 1
10
39.392046
20
115.170667
70
0
0
VERTEX
8
Layer 1
10
40.161727
20
114.578927
70
0
0
VERTEX
8
Layer 1
10
40.742240
20
113.820653
70
0
0
VERTEX
8
Layer 1
10
41.108756
20
112.938844
70
0
0
VERTEX
8
Layer 1
10
41.236446
20
111.976500
70
0
0
SEQEND
8
Layer 1
0
POLYLINE
8
Layer 1
62
7
70
0
10
0.000000
20
0.000000
66
1
0
VERTEX
8
Layer 1
10
42.919950
20
113.290674
70
0
0
VERTEX
8
Layer 1
10
40.724833
20
113.430467
70
0
0
VERTEX
8
Layer 1
10
38.566896
20
113.844673
70
0
0
VERTEX
8
Layer 1
10
36.460702
20
114.525534
70
0
0
VERTEX
8
Layer 1
10
34.420815
20
115.465289
70
0
0
VERTEX
8
Layer 1
10
32.461798
20
116.656179
70
0
0
VERTEX
8
Layer 1
10
30.598214
20
118.090446
70
0
0
VERTEX
8
Layer 1
10
28.844626
20
119.760329
70
0
0
VERTEX
8
Layer 1
10
27.215597
20
121.658069
70
0
0
VERTEX
8
Layer 1
10
25.740261
20
123.753507
70
0
0
VERTEX
8
Layer 1
10
24.442066
20
126.009167
70
0
0
VERTEX
8
Layer 1
10
23.327042
20
128.406315
70
0
0
VERTEX
8
Layer 1
10
22.401224
20
130.926220
70
0
0
VERTEX
8
Layer 1
10
21.670642
20
133.550149
70
0
0
VERTEX
8
Layer 1
10
21.141330
20
136.259369
70
0
0
VERTEX
8
Layer 1
10
20.819318
20
139.035147
70
0
0
VERTEX
8
Layer 1
10
20.710641
20
141.858750
70
0
0
SEQEND
8
Layer 1
0
POLYLINE
8
Layer 1
62
7
70
0
10
0.000000
20
0.000000
66
1
0
VERTEX
8
Layer 1
10
66.770636
20
111.976500
70
0
0
VERTEX
8
Layer 1
10
66.893257
20
113.981950
70
0
0
VERTEX
8
Layer 1
10
67.244940
20
115.849833
70
0
0
VERTEX
8
Layer 1
10
67.801415
20
117.540134
70
0
0
VERTEX
8
Layer 1
10
68.538412
20
119.012838
70
0
0
VERTEX
8
Layer 1
10
69.431659
20
120.227930
70
0
0
VERTEX
8
Layer 1
10
70.456886
20
121.145395
70
0
0
VERTEX
8
Layer 1
10
71.589823
20
121.725218
70
0
0
VERTEX
8
Layer 1
10
72.806200
20
121.927385
70
0
0
SEQEND
8
Layer 1
0
POLYLINE
8
Layer 1
62
7
70
0
10
0.000000
20
0.000000
66
1
0
VERTEX
8
Layer 1
10
68.214405
20
111.976500
70
0
0
VERTEX
8
Layer 1
10
68.303450
20
112.394814
70
0
0
VERTEX
8
Layer 1
10
68.563934
20
112.793238
70
0
0
VERTEX
8
Layer 1
10
69.559310
20
113.485634
70
0
0
VERTEX
8
Layer 1
10
71.048996
20
113.948279
70
0
0
VERTEX
8
Layer 1
10
72.806200
20
114.110738
70
0
0
SEQEND
8
Layer 1
0
POLYLINE
8
Layer 1
62
7
70
0
10
0.000000
20
0.000000
66
1
0
VERTEX
8
Layer 1
10
72.806200
20
123.755677
70
0
0
VERTEX
8
Layer 1
10
71.023694
20
123.844261
70
0
0
VERTEX
8
Layer 1
10
69.271379
20
124.106736
70
0
0
VERTEX
8
Layer 1
10
67.561082
20
124.538185
70
0
0
VERTEX
8
Layer 1
10
65.904627
20
125.133691
70
0
0
VERTEX
8
Layer 1
10
64.313842
20
125.888337
70
0
0
VERTEX
8
Layer 1
10
62.800551
20
126.797205
70
0
0
VERTEX
8
Layer 1
10
61.376581
20
127.855380
70
0
0
VERTEX
8
Layer 1
10
60.053757
20
129.057944
70
0
0
VERTEX
8
Layer 1
10
58.855736
20
130.385785
70
0
0
VERTEX
8
Layer 1
10
57.801559
20
131.815156
70
0
0
VERTEX
8
Layer 1
10
56.896125
20
133.334185
70
0
0
VERTEX
8
Layer 1
10
56.144330
20
134.931004
70
0
0
VERTEX
8
Layer 1
10
55.551074
20
136.593740
70
0
0
VERTEX
8
Layer 1
10
55.121255
20
138.310523
70
0
0
VERTEX
8
Layer 1
10
54.859771
20
140.069484
70
0
0
VERTEX
8
Layer 1
10
54.771522
20
141.858750
70
0
0
SEQEND
8
Layer 1
0
POLYLINE
8
Layer 1
62
7
70
0
10
0.000000
20
0.000000
66
1
0
VERTEX
8
Layer 1
10
72.806200
20
136.616782
70
0
0
VERTEX
8
Layer 1
10
71.324117
20
136.723280
70
0
0
VERTEX
8
Layer 1
10
69.943700
20
137.028722
70
0
0
VERTEX
8
Layer 1
10
68.694521
20
137.512028
70
0
0
VERTEX
8
Layer 1
10
67.606152
20
138.152119
70
0
0
VERTEX
8
Layer 1
10
66.708166
20
138.927916
70
0
0
VERTEX
8
Layer 1
10
66.030134
20
139.818339
70
0
0
VERTEX
8
Layer 1
10
65.601629
20
140.802311
70
0
0
VERTEX
8
Layer 1
10
65.452222
20
141.858750
70
0
0
SEQEND
8
Layer 1
0
POLYLINE
8
Layer 1
62
7
70
0
10
0.000000
20
0.000000
66
1
0
VERTEX
8
Layer 1
10
72.806200
20
136.620535
70
0
0
VERTEX
8
Layer 1
10
72.137513
20
136.722116
70
0
0
VERTEX
8
Layer 1
10
71.500619
20
137.019270
70
0
0
VERTEX
8
Layer 1
10
70.913417
20
137.500617
70
0
0
VERTEX
8
Layer 1
10
70.393801
20
138.154773
70
0
0
VERTEX
8
Layer 1
10
69.654249
20
139.854172
70
0
0
VERTEX
8
Layer 1
10
69.394553
20
141.858750
70
0
0
SEQEND
8
Layer 1
0
POLYLINE
8
Layer 1
62
7
70
0
10
0.000000
20
0.000000
66
1
0
VERTEX
8
Layer 1
10
72.806200
20
137.944653
70
0
0
VERTEX
8
Layer 1
10
72.368658
20
138.242596
70
0
0
VERTEX
8
Layer 1
10
71.997728
20
139.091066
70
0
0
VERTEX
8
Layer 1
10
71.749880
20
140.360890
70
0
0
VERTEX
8
Layer 1
10
71.662848
20
141.858750
70
0
0
SEQEND
8
Layer 1
0
POLYLINE
8
Layer 1
62
7
70
0
10
0.000000
20
0.000000
66
1
0
VERTEX
8
Layer 1
10
72.806200
20
126.418018
70
0
0
VERTEX
8
Layer 1
10
71.278269
20
126.493574
70
0
0
VERTEX
8
Layer 1
10
69.776218
20
126.717448
70
0
0
VERTEX
8
Layer 1
10
66.890302
20
127.593373
70
0
0
VERTEX
8
Layer 1
10
64.229547
20
129.012242
70
0
0
VERTEX
8
Layer 1
10
63.008946
20
129.914796
70
0
0
VERTEX
8
Layer 1
10
61.875046
20
130.940503
70
0
0
VERTEX
8
Layer 1
10
60.848126
20
132.073065
70
0
0
VERTEX
8
Layer 1
10
59.944506
20
133.292224
70
0
0
VERTEX
8
Layer 1
10
58.523960
20
135.949838
70
0
0
VERTEX
8
Layer 1
10
57.646999
20
138.832346
70
0
0
VERTEX
8
Layer 1
10
57.422860
20
140.332623
70
0
0
VERTEX
8
Layer 1
10
57.347214
20
141.858750
70
0
0
SEQEND
8
Layer 1
0
POLYLINE
8
Layer 1
62
7
70
0
10
0.000000
20
0.000000
66
1
0
VERTEX
8
Layer 1
10
72.806200
20
125.000977
70
0
0
VERTEX
8
Layer 1
10
72.380343
20
125.179705
70
0
0
VERTEX
8
Layer 1
10
72.204271
20
125.606619
70
0
0
VERTEX
8
Layer 1
10
72.380343
20
126.033533
70
0
0
VERTEX
8
Layer 1
10
72.806200
20
126.212260
70
0
0
SEQEND
8
Layer 1
0
POLYLINE
8
Layer 1
62
7
70
0
10
0.000000
20
0.000000
66
1
0
VERTEX
8
Layer 1
10
72.806200
20
131.597663
70
0
0
VERTEX
8
Layer 1
10
70.780423
20
131.796649
70
0
0
VERTEX
8
Layer 1
10
68.850965
20
132.378742
70
0
0
VERTEX
8
Layer 1
10
67.072045
20
133.321647
70
0
0
VERTEX
8
Layer 1
10
65.497879
20
134.603066
70
0
0
VERTEX
8
Layer 1
10
64.207164
20
136.165894
70
0
0
VERTEX
8
Layer 1
10
63.257419
20
137.932002
70
0
0
VERTEX
8
Layer 1
10
62.671103
20
139.847563
70
0
0
VERTEX
8
Layer 1
10
62.470674
20
141.858750
70
0
0
SEQEND
8
Layer 1
0
POLYLINE
8
Layer 1
62
7
70
0
10
0.000000
20
0.000000
66
1
0
VERTEX
8
Layer 1
10
72.806200
20
130.768443
70
0
0
VERTEX
8
Layer 1
10
69.896607
20
130.983509
70
0
0
VERTEX
8
Layer 1
10
67.125355
20
131.612642
70
0
0
VERTEX
8
Layer 1
10
64.570318
20
132.631745
70
0
0
VERTEX
8
Layer 1
10
62.309367
20
134.016719
70
0
0
VERTEX
8
Layer 1
10
60.455531
20
135.705842
70
0
0
VERTEX
8
Layer 1
10
59.091427
20
137.614673
70
0
0
VERTEX
8
Layer 1
10
58.249310
20
139.685035
70
0
0
VERTEX
8
Layer 1
10
57.961437
20
141.858750
70
0
0
SEQEND
8
Layer 1
0
POLYLINE
8
Layer 1
62
7
70
0
10
0.000000
20
0.000000
66
1
0
VERTEX
8
Layer 1
10
56.641492
20
111.976500
70
0
0
VERTEX
8
Layer 1
10
56.720592
20
112.985220
70
0
0
VERTEX
8
Layer 1
10
56.954963
20
113.976854
70
0
0
VERTEX
8
Layer 1
10
57.871958
20
115.882097
70
0
0
VERTEX
8
Layer 1
10
59.357353
20
117.638692
70
0
0
VERTEX
8
Layer 1
10
61.376026
20
119.193102
70
0
0
VERTEX
8
Layer 1
10
63.838012
20
120.467619
70
0
0
VERTEX
8
Layer 1
10
66.620234
20
121.405445
70
0
0
VERTEX
8
Layer 1
10
69.637896
20
121.984402
70
0
0
VERTEX
8
Layer 1
10
72.806200
20
122.182316
70
0
0
SEQEND
8
Layer 1
0
POLYLINE
8
Layer 1
62
7
70
0
10
0.000000
20
0.000000
66
1
0
VERTEX
8
Layer 1
10
60.567422
20
111.976500
70
0
0
VERTEX
8
Layer 1
10
60.804760
20
113.946276
70
0
0
VERTEX
8
Layer 1
10
61.499043
20
115.822395
70
0
0
VERTEX
8
Layer 1
10
62.623680
20
117.552138
70
0
0
VERTEX
8
Layer 1
10
64.152077
20
119.082787
70
0
0
VERTEX
8
Layer 1
10
66.016120
20
120.337821
70
0
0
VERTEX
8
Layer 1
10
68.122622
20
121.261311
70
0
0
VERTEX
8
Layer 1
10
70.407383
20
121.831419
70
0
0
VERTEX
8
Layer 1
10
72.806200
20
122.026307
70
0
0
SEQEND
8
Layer 1
0
POLYLINE
8
Layer 1
62
7
70
0
10
0.000000
20
0.000000
66
1
0
VERTEX
8
Layer 1
10
42.919950
20
132.042694
70
0
0
VERTEX
8
Layer 1
10
43.765264
20
131.869516
70
0
0
VERTEX
8
Layer 1
10
44.455102
20
131.402425
70
0
0
VERTEX
8
Layer 1
10
44.919967
20
130.711136
70
0
0
VERTEX
8
Layer 1
10
45.090366
20
129.865366
70
0
0
VERTEX
8
Layer 1
10
44.919967
20
129.019596
70
0
0
VERTEX
8
Layer 1
10
44.455102
20
128.328306
70
0
0
VERTEX
8
Layer 1
10
43.765264
20
127.861215
70
0
0
VERTEX
8
Layer 1
10
42.919950
20
127.688037
70
0
0
SEQEND
8
Layer 1
0
POLYLINE
8
Layer 1
62
7
70
0
10
0.000000
20
0.000000
66
1
0
VERTEX
8
Layer 1
10
48.336462
20
141.858750
70
0
0
VERTEX
8
Layer 1
10
48.226418
20
136.101286
70
0
0
VERTEX
8
Layer 1
10
47.910806
20
130.738765
70
0
0
VERTEX
8
Layer 1
10
47.411407
20
125.886067
70
0
0
VERTEX
8
Layer 1
10
46.750003
20
121.658069
70
0
0
VERTEX
8
Layer 1
10
45.948373
20
118.169652
70
0
0
VERTEX
8
Layer 1
10
45.028301
20
115.535695
70
0
0
VERTEX
8
Layer 1
10
44.530655
20
114.575038
70
0
0
VERTEX
8
Layer 1
10
44.011566
20
113.871075
70
0
0
VERTEX
8
Layer 1
10
43.473757
20
113.438167
70
0
0
VERTEX
8
Layer 1
10
42.919950
20
113.290674
70
0
0
SEQEND
8
Layer 1
0
POLYLINE
8
Layer 1
62
7
70
0
10
0.000000
20
0.000000
66
1
0
VERTEX
8
Layer 1
10
72.806200
20
122.026307
70
0
0
VERTEX
8
Layer 1
10
72.849051
20
122.001571
70
0
0
VERTEX
8
Layer 1
10
72.849051
20
121.952097
70
0
0
VERTEX
8
Layer 1
10
72.806200
20
121.927361
70
0
0
SEQEND
8
Layer 1
0
POLYLINE
8
Layer 1
62
7
70
0
10
0.000000
20
0.000000
66
1
0
VERTEX
8
Layer 1
10
102.692450
20
140.921786
70
0
0
VERTEX
8
Layer 1
10
94.643301
20
140.993108
70
0
0
VERTEX
8
Layer 1
10
87.819561
20
141.196216
70
0
0
VERTEX
8
Layer 1
10
83.260085
20
141.500189
70
0
0
VERTEX
8
Layer 1
10
82.066895
20
141.675104
70
0
0
VERTEX
8
Layer 1
10
81.659009
20
141.858750
70
0
0
SEQEND
8
Layer 1
0
POLYLINE
8
Layer 1
62
7
70
0
10
0.000000
20
0.000000
66
1
0
VERTEX
8
Layer 1
10
102.692450
20
141.133783
70
0
0
VERTEX
8
Layer 1
10
96.393008
20
141.346121
70
0
0
VERTEX
8
Layer 1
10
94.461832
20
141.581317
70
0
0
VERTEX
8
Layer 1
10
93.783694
20
141.858750
70
0
0
SEQEND
8
Layer 1
0
POLYLINE
8
Layer 1
62
7
70
0
10
0.000000
20
0.000000
66
1
0
VERTEX
8
Layer 1
10
85.018343
20
141.858750
70
0
0
VERTEX
8
Layer 1
10
84.867609
20
141.709922
70
0
0
VERTEX
8
Layer 1
10
84.716875
20
141.858750
70
0
0
SEQEND
8
Layer 1
0
POLYLINE
8
Layer 1
62
7
70
0
10
0.000000
20
0.000000
66
1
0
VERTEX
8
Layer 1
10
83.722715
20
111.976500
70
0
0
VERTEX
8
Layer 1
10
83.815540
20
114.379436
70
0
0
VERTEX
8
Layer 1
10
84.090581
20
116.741672
70
0
0
VERTEX
8
Layer 1
10
84.542685
20
119.047265
70
0
0
VERTEX
8
Layer 1
10
85.166700
20
121.280275
70
0
0
VERTEX
8
Layer 1
10
85.957473
20
123.424759
70
0
0
VERTEX
8
Layer 1
10
86.909853
20
125.464774
70
0
0
VERTEX
8
Layer 1
10
88.018687
20
127.384380
70
0
0
VERTEX
8
Layer 1
10
89.278822
20
129.167635
70
0
0
VERTEX
8
Layer 1
10
90.670231
20
130.782645
70
0
0
VERTEX
8
Layer 1
10
92.168031
20
132.203745
70
0
0
VERTEX
8
Layer 1
10
93.759783
20
133.424331
70
0
0
VERTEX
8
Layer 1
10
95.433047
20
134.437800
70
0
0
VERTEX
8
Layer 1
10
97.175384
20
135.237548
70
0
0
VERTEX
8
Layer 1
10
98.974356
20
135.816972
70
0
0
VERTEX
8
Layer 1
10
100.817525
20
136.169469
70
0
0
VERTEX
8
Layer 1
10
102.692450
20
136.288436
70
0
0
SEQEND
8
Layer 1
0
POLYLINE
8
Layer 1
62
7
70
0
10
0.000000
20
0.000000
66
1
0
VERTEX
8
Layer 1
10
102.692450
20
127.344320
70
0
0
VERTEX
8
Layer 1
10
102.107926
20
127.421857
70
0
0
VERTEX
8
Layer 1
10
101.572319
20
127.644418
70
0
0
VERTEX
8
Layer 1
10
101.111747
20
127.996924
70
0
0
VERTEX
8
Layer 1
10
100.752327
20
128.464300
70
0
0
VERTEX
8
Layer 1
10
100.527223
20
129.009214
70
0
0
VERTEX
8
Layer 1
10
100.452189
20
129.584281
70
0
0
VERTEX
8
Layer 1
10
100.527223
20
130.159349
70
0
0
VERTEX
8
Layer 1
10
100.752327
20
130.704262
70
0
0
VERTEX
8
Layer 1
10
101.111747
20
131.171638
70
0
0
VERTEX
8
Layer 1
10
101.572319
20
131.524145
70
0
0
VERTEX
8
Layer 1
10
102.107926
20
131.746705
70
0
0
VERTEX
8
Layer 1
10
102.692450
20
131.824243
70
0
0
SEQEND
8
Layer 1
0
POLYLINE
8
Layer 1
62
7
70
0
10
0.000000
20
0.000000
66
1
0
VERTEX
8
Layer 1
10
102.692450
20
115.568036
70
0
0
VERTEX
8
Layer 1
10
101.679132
20
115.670173
70
0
0
VERTEX
8
Layer 1
10
100.735324
20
115.963108
70
0
0
VERTEX
8
Layer 1
10
99.881246
20
116.426625
70
0
0
VERTEX
8
Layer 1
10
99.137115
20
117.040507
70
0
0
VERTEX
8
Layer 1
10
98.523151
20
117.784538
70
0
0
VERTEX
8
Layer 1
10
98.059573
20
118.638502
70
0
0
VERTEX
8
Layer 1
10
97.766599
20
119.582183
70
0
0
VERTEX
8
Layer 1
10
97.664447
20
120.595366
70
0
0
VERTEX
8
Layer 1
10
97.766599
20
121.608548
70
0
0
VERTEX
8
Layer 1
10
98.059573
20
122.552229
70
0
0
VERTEX
8
Layer 1
10
98.523151
20
123.406194
70
0
0
VERTEX
8
Layer 1
10
99.137115
20
124.150225
70
0
0
VERTEX
8
Layer 1
10
99.881246
20
124.764107
70
0
0
VERTEX
8
Layer 1
10
100.735324
20
125.227623
70
0
0
VERTEX
8
Layer 1
10
101.679132
20
125.520558
70
0
0
VERTEX
8
Layer 1
10
102.692450
20
125.622696
70
0
0
SEQEND
8
Layer 1
0
POLYLINE
8
Layer 1
62
7
70
0
10
0.000000
20
0.000000
66
1
0
VERTEX
8
Layer 1
10
102.692450
20
119.065191
70
0
0
VERTEX
8
Layer 1
10
102.424377
20
119.176216
70
0
0
VERTEX
8
Layer 1
10
102.313337
20
119.444254
70
0
0
VERTEX
8
Layer 1
10
102.424377
20
119.712291
70
0
0
VERTEX
8
Layer 1
10
102.692450
20
119.823316
70
0
0
SEQEND
8
Layer 1
0
POLYLINE
8
Layer 1
62
7
70
0
10
0.000000
20
0.000000
66
1
0
VERTEX
8
Layer 1
10
102.692450
20
120.170858
70
0
0
VERTEX
8
Layer 1
10
102.332930
20
120.267179
70
0
0
VERTEX
8
Layer 1
10
102.069744
20
120.530330
70
0
0
VERTEX
8
Layer 1
10
101.973411
20
120.889801
70
0
0
VERTEX
8
Layer 1
10
102.069744
20
121.249273
70
0
0
VERTEX
8
Layer 1
10
102.332930
20
121.512424
70
0
0
VERTEX
8
Layer 1
10
102.692450
20
121.608744
70
0
0
SEQEND
8
Layer 1
0
POLYLINE
8
Layer 1
62
7
70
0
10
0.000000
20
0.000000
66
1
0
VERTEX
8
Layer 1
10
95.320971
20
111.976500
70
0
0
VERTEX
8
Layer 1
10
95.463920
20
116.499953
70
0
0
VERTEX
8
Layer 1
10
95.882091
20
120.808330
70
0
0
VERTEX
8
Layer 1
10
96.559466
20
124.780565
70
0
0
VERTEX
8
Layer 1
10
97.480027
20
128.295593
70
0
0
VERTEX
8
Layer 1
10
98.602749
20
131.177693
70
0
0
VERTEX
8
Layer 1
10
99.871507
20
133.298423
70
0
0
VERTEX
8
Layer 1
10
100.548565
20
134.057603
70
0
0
VERTEX
8
Layer 1
10
101.247630
20
134.607635
70
0
0
VERTEX
8
Layer 1
10
101.963870
20
134.942252
70
0
0
VERTEX
8
Layer 1
10
102.692450
20
135.055183
70
0
0
SEQEND
8
Layer 1
0
POLYLINE
8
Layer 1
62
7
70
0
10
0.000000
20
0.000000
66
1
0
VERTEX
8
Layer 1
10
83.745954
20
111.976500
70
0
0
VERTEX
8
Layer 1
10
83.857242
20
112.815234
70
0
0
VERTEX
8
Layer 1
10
84.176680
20
113.583777
70
0
0
VERTEX
8
Layer 1
10
84.682628
20
114.244652
70
0
0
VERTEX
8
Layer 1
10
85.353446
20
114.760385
70
0
0
VERTEX
8
Layer 1
10
86.135552
20
115.083386
70
0
0
VERTEX
8
Layer 1
10
86.960938
20
115.191053
70
0
0
VERTEX
8
Layer 1
10
87.786323
20
115.083386
70
0
0
VERTEX
8
Layer 1
10
88.568429
20
114.760385
70
0
0
VERTEX
8
Layer 1
10
89.239247
20
114.244652
70
0
0
VERTEX
8
Layer 1
10
89.745195
20
113.583777
70
0
0
VERTEX
8
Layer 1
10
90.064633
20
112.815234
70
0
0
VERTEX
8
Layer 1
10
90.175921
20
111.976500
70
0
0
SEQEND
8
Layer 1
0
POLYLINE
8
Layer 1
62
7
70
0
10
0.000000
20
0.000000
66
1
0
VERTEX
8
Layer 1
10
101.324449
20
111.976500
70
0
0
VERTEX
8
Layer 1
10
101.419210
20
112.205244
70
0
0
VERTEX
8
Layer 1
10
101.647985
20
112.299993
70
0
0
VERTEX
8
Layer 1
10
101.876760
20
112.205244
70
0
0
VERTEX
8
Layer 1
10
101.971522
20
111.976500
70
0
0
SEQEND
8
Layer 1
0
POLYLINE
8
Layer 1
62
7
70
0
10
0.000000
20
0.000000
66
1
0
VERTEX
8
Layer 1
10
99.087499
20
111.976500
70
0
0
VERTEX
8
Layer 1
10
99.361909
20
112.372377
70
0
0
VERTEX
8
Layer 1
10
100.143365
20
112.707985
70
0
0
VERTEX
8
Layer 1
10
101.312895
20
112.932231
70
0
0
VERTEX
8
Layer 1
10
102.692450
20
113.010976
70
0
0
SEQEND
8
Layer 1
0
POLYLINE
8
Layer 1
62
7
70
0
10
0.000000
20
0.000000
66
1
0
VERTEX
8
Layer 1
10
72.806200
20
114.110738
70
0
0
VERTEX
8
Layer 1
10
74.898181
20
113.943019
70
0
0
VERTEX
8
Layer 1
10
76.606514
20
113.485634
70
0
0
VERTEX
8
Layer 1
10
77.758305
20
112.807242
70
0
0
VERTEX
8
Layer 1
10
78.071466
20
112.406623
70
0
0
VERTEX
8
Layer 1
10
78.180656
20
111.976500
70
0
0
SEQEND
8
Layer 1
0
POLYLINE
8
Layer 1
62
7
70
0
10
0.000000
20
0.000000
66
1
0
VERTEX
8
Layer 1
10
76.363214
20
111.976500
70
0
0
VERTEX
8
Layer 1
10
76.611217
20
112.575153
70
0
0
VERTEX
8
Layer 1
10
77.209951
20
112.823124
70
0
0
VERTEX
8
Layer 1
10
77.808684
20
112.575153
70
0
0
VERTEX
8
Layer 1
10
78.056688
20
111.976500
70
0
0
SEQEND
8
Layer 1
0
POLYLINE
8
Layer 1
62
7
70
0
10
0.000000
20
0.000000
66
1
0
VERTEX
8
Layer 1
10
72.806200
20
126.418018
70
0
0
VERTEX
8
Layer 1
10
73.993171
20
126.137964
70
0
0
VERTEX
8
Layer 1
10
75.123706
20
125.318723
70
0
0
VERTEX
8
Layer 1
10
76.166036
20
123.991673
70
0
0
VERTEX
8
Layer 1
10
77.088392
20
122.188195
70
0
0
VERTEX
8
Layer 1
10
77.844666
20
119.988661
70
0
0
VERTEX
8
Layer 1
10
78.401154
20
117.503030
70
0
0
VERTEX
8
Layer 1
10
78.744696
20
114.807057
70
0
0
VERTEX
8
Layer 1
10
78.862135
20
111.976500
70
0
0
SEQEND
8
Layer 1
0
POLYLINE
8
Layer 1
62
7
70
0
10
0.000000
20
0.000000
66
1
0
VERTEX
8
Layer 1
10
80.029085
20
141.858750
70
0
0
VERTEX
8
Layer 1
10
79.889017
20
141.091582
70
0
0
VERTEX
8
Layer 1
10
79.479276
20
140.360890
70
0
0
VERTEX
8
Layer 1
10
78.815555
20
139.687207
70
0
0
VERTEX
8
Layer 1
10
77.913551
20
139.091066
70
0
0
VERTEX
8
Layer 1
10
76.813460
20
138.602268
70
0
0
VERTEX
8
Layer 1
10
75.570278
20
138.242596
70
0
0
VERTEX
8
Layer 1
10
74.221895
20
138.020557
70
0
0
VERTEX
8
Layer 1
10
72.806200
20
137.944653
70
0
0
SEQEND
8
Layer 1
0
POLYLINE
8
Layer 1
62
7
70
0
10
0.000000
20
0.000000
66
1
0
VERTEX
8
Layer 1
10
79.516500
20
141.858750
70
0
0
VERTEX
8
Layer 1
10
79.330622
20
140.951223
70
0
0
VERTEX
8
Layer 1
10
78.829085
20
140.210598
70
0
0
VERTEX
8
Layer 1
10
78.086761
20
139.711499
70
0
0
VERTEX
8
Layer 1
10
77.178523
20
139.528549
70
0
0
VERTEX
8
Layer 1
10
76.270284
20
139.711499
70
0
0
VERTEX
8
Layer 1
10
75.527960
20
140.210598
70
0
0
VERTEX
8
Layer 1
10
75.026423
20
140.951223
70
0
0
VERTEX
8
Layer 1
10
74.840545
20
141.858750
70
0
0
SEQEND
8
Layer 1
0
POLYLINE
8
Layer 1
62
7
70
0
10
0.000000
20
0.000000
66
1
0
VERTEX
8
Layer 1
10
87.749325
20
135.159126
70
0
0
VERTEX
8
Layer 1
10
88.052930
20
136.043998
70
0
0
VERTEX
8
Layer 1
10
88.923653
20
136.868170
70
0
0
VERTEX
8
Layer 1
10
90.301404
20
137.613986
70
0
0
VERTEX
8
Layer 1
10
92.126094
20
138.263792
70
0
0
VERTEX
8
Layer 1
10
94.337633
20
138.799930
70
0
0
VERTEX
8
Layer 1
10
96.875931
20
139.204745
70
0
0
VERTEX
8
Layer 1
10
99.680900
20
139.460582
70
0
0
VERTEX
8
Layer 1
10
102.692450
20
139.549784
70
0
0
SEQEND
8
Layer 1
0
POLYLINE
8
Layer 1
62
7
70
0
10
0.000000
20
0.000000
66
1
0
VERTEX
8
Layer 1
10
87.749325
20
135.159126
70
0
0
VERTEX
8
Layer 1
10
87.459544
20
134.298546
70
0
0
VERTEX
8
Layer 1
10
86.611847
20
133.478884
70
0
0
VERTEX
8
Layer 1
10
85.238705
20
132.723173
70
0
0
VERTEX
8
Layer 1
10
83.372585
20
132.054444
70
0
0
VERTEX
8
Layer 1
10
81.096653
20
131.506129
70
0
0
VERTEX
8
Layer 1
10
78.524686
20
131.102664
70
0
0
VERTEX
8
Layer 1
10
75.735072
20
130.853588
70
0
0
VERTEX
8
Layer 1
10
72.806200
20
130.768443
70
0
0
SEQEND
8
Layer 1
0
POLYLINE
8
Layer 1
62
7
70
0
10
0.000000
20
0.000000
66
1
0
VERTEX
8
Layer 1
10
72.806200
20
136.616782
70
0
0
VERTEX
8
Layer 1
10
73.461076
20
136.529912
70
0
0
VERTEX
8
Layer 1
10
74.061148
20
136.280565
70
0
0
VERTEX
8
Layer 1
10
74.577154
20
135.885631
70
0
0
VERTEX
8
Layer 1
10
74.979833
20
135.362002
70
0
0
VERTEX
8
Layer 1
10
75.232030
20
134.751504
70
0
0
VERTEX
8
Layer 1
10
75.316095
20
134.107223
70
0
0
VERTEX
8
Layer 1
10
75.232030
20
133.462941
70
0
0
VERTEX
8
Layer 1
10
74.979833
20
132.852443
70
0
0
VERTEX
8
Layer 1
10
74.577154
20
132.328815
70
0
0
VERTEX
8
Layer 1
10
74.061148
20
131.933881
70
0
0
VERTEX
8
Layer 1
10
73.461076
20
131.684533
70
0
0
VERTEX
8
Layer 1
10
72.806200
20
131.597663
70
0
0
SEQEND
8
Layer 1
0
POLYLINE
8
Layer 1
62
7
70
0
10
0.000000
20
0.000000
66
1
0
VERTEX
8
Layer 1
10
80.921728
20
141.858750
70
0
0
VERTEX
8
Layer 1
10
80.764349
20
140.832053
70
0
0
VERTEX
8
Layer 1
10
80.303970
20
139.854172
70
0
0
VERTEX
8
Layer 1
10
79.558224
20
138.952586
70
0
0
VERTEX
8
Layer 1
10
78.544745
20
138.154773
70
0
0
VERTEX
8
Layer 1
10
77.308699
20
137.500617
70
0
0
VERTEX
8
Layer 1
10
75.911878
20
137.019270
70
0
0
VERTEX
8
Layer 1
10
74.396854
20
136.722116
70
0
0
VERTEX
8
Layer 1
10
72.806200
20
136.620535
70
0
0
SEQEND
8
Layer 1
0
POLYLINE
8
Layer 1
62
7
70
0
10
0.000000
20
0.000000
66
1
0
VERTEX
8
Layer 1
10
72.806200
20
125.000977
70
0
0
VERTEX
8
Layer 1
10
73.246539
20
124.818607
70
0
0
VERTEX
8
Layer 1
10
73.428934
20
124.378327
70
0
0
VERTEX
8
Layer 1
10
73.246539
20
123.938047
70
0
0
VERTEX
8
Layer 1
10
72.806200
20
123.755677
70
0
0
SEQEND
8
Layer 1
0
POLYLINE
8
Layer 1
62
7
70
0
10
0.000000
20
0.000000
66
1
0
VERTEX
8
Layer 1
10
72.806200
20
126.212260
70
0
0
VERTEX
8
Layer 1
10
73.813821
20
125.942305
70
0
0
VERTEX
8
Layer 1
10
74.551451
20
125.204774
70
0
0
VERTEX
8
Layer 1
10
74.821442
20
124.197288
70
0
0
VERTEX
8
Layer 1
10
74.551451
20
123.189802
70
0
0
VERTEX
8
Layer 1
10
73.813821
20
122.452271
70
0
0
VERTEX
8
Layer 1
10
72.806200
20
122.182316
70
0
0
SEQEND
8
Layer 1
0
POLYLINE
8
Layer 1
62
7
70
0
10
0.000000
20
0.000000
66
1
0
VERTEX
8
Layer 1
10
132.578700
20
123.087151
70
0
0
VERTEX
8
Layer 1
10
130.793218
20
123.179007
70
0
0
VERTEX
8
Layer 1
10
129.037979
20
123.451175
70
0
0
VERTEX
8
Layer 1
10
127.324827
20
123.898557
70
0
0
VERTEX
8
Layer 1
10
125.665608
20
124.516054
70
0
0
VERTEX
8
Layer 1
10
124.072168
20
125.298568
70
0
0
VERTEX
8
Layer 1
10
122.556351
20
126.241000
70
0
0
VERTEX
8
Layer 1
10
121.130004
20
127.338252
70
0
0
VERTEX
8
Layer 1
10
119.804972
20
128.585225
70
0
0
VERTEX
8
Layer 1
10
118.604952
20
129.962102
70
0
0
VERTEX
8
Layer 1
10
117.549015
20
131.444257
70
0
0
VERTEX
8
Layer 1
10
116.642069
20
133.019383
70
0
0
VERTEX
8
Layer 1
10
115.889020
20
134.675170
70
0
0
VERTEX
8
Layer 1
10
115.294774
20
136.399309
70
0
0
VERTEX
8
Layer 1
10
114.864237
20
138.179491
70
0
0
VERTEX
8
Layer 1
10
114.602317
20
140.003408
70
0
0
VERTEX
8
Layer 1
10
114.513920
20
141.858750
70
0
0
SEQEND
8
Layer 1
0
POLYLINE
8
Layer 1
62
7
70
0
10
0.000000
20
0.000000
66
1
0
VERTEX
8
Layer 1
10
132.578700
20
139.091152
70
0
0
VERTEX
8
Layer 1
10
132.315352
20
139.901762
70
0
0
VERTEX
8
Layer 1
10
132.206270
20
141.858750
70
0
0
SEQEND
8
Layer 1
0
POLYLINE
8
Layer 1
62
7
70
0
10
0.000000
20
0.000000
66
1
0
VERTEX
8
Layer 1
10
132.578700
20
140.439032
70
0
0
VERTEX
8
Layer 1
10
132.258140
20
140.524915
70
0
0
VERTEX
8
Layer 1
10
132.023474
20
140.759549
70
0
0
VERTEX
8
Layer 1
10
131.937580
20
141.080066
70
0
0
VERTEX
8
Layer 1
10
132.023474
20
141.400583
70
0
0
VERTEX
8
Layer 1
10
132.258140
20
141.635218
70
0
0
VERTEX
8
Layer 1
10
132.578700
20
141.721100
70
0
0
SEQEND
8
Layer 1
0
POLYLINE
8
Layer 1
62
7
70
0
10
0.000000
20
0.000000
66
1
0
VERTEX
8
Layer 1
10
132.578700
20
133.096653
70
0
0
VERTEX
8
Layer 1
10
129.923928
20
133.266570
70
0
0
VERTEX
8
Layer 1
10
127.395382
20
133.763628
70
0
0
VERTEX
8
Layer 1
10
125.064114
20
134.568788
70
0
0
VERTEX
8
Layer 1
10
123.001176
20
135.663012
70
0
0
VERTEX
8
Layer 1
10
121.309699
20
136.997534
70
0
0
VERTEX
8
Layer 1
10
120.065062
20
138.505641
70
0
0
VERTEX
8
Layer 1
10
119.296698
20
140.141367
70
0
0
VERTEX
8
Layer 1
10
119.034036
20
141.858750
70
0
0
SEQEND
8
Layer 1
0
POLYLINE
8
Layer 1
62
7
70
0
10
0.000000
20
0.000000
66
1
0
VERTEX
8
Layer 1
10
132.578700
20
130.315834
70
0
0
VERTEX
8
Layer 1
10
129.288255
20
130.539678
70
0
0
VERTEX
8
Layer 1
10
126.154260
20
131.194487
70
0
0
VERTEX
8
Layer 1
10
123.264780
20
132.255180
70
0
0
VERTEX
8
Layer 1
10
120.707882
20
133.696676
70
0
0
VERTEX
8
Layer 1
10
118.611388
20
135.454735
70
0
0
VERTEX
8
Layer 1
10
117.068729
20
137.441467
70
0
0
VERTEX
8
Layer 1
10
116.516487
20
138.501664
70
0
0
VERTEX
8
Layer 1
10
116.116383
20
139.596323
70
0
0
VERTEX
8
Layer 1
10
115.872977
20
140.717875
70
0
0
VERTEX
8
Layer 1
10
115.790828
20
141.858750
70
0
0
SEQEND
8
Layer 1
0
POLYLINE
8
Layer 1
62
7
70
0
10
0.000000
20
0.000000
66
1
0
VERTEX
8
Layer 1
10
132.578700
20
125.447442
70
0
0
VERTEX
8
Layer 1
10
130.838584
20
125.532172
70
0
0
VERTEX
8
Layer 1
10
129.148735
20
125.780862
70
0
0
VERTEX
8
Layer 1
10
127.517706
20
126.185262
70
0
0
VERTEX
8
Layer 1
10
125.954053
20
126.737124
70
0
0
VERTEX
8
Layer 1
10
124.466331
20
127.428198
70
0
0
VERTEX
8
Layer 1
10
123.063095
20
128.250236
70
0
0
VERTEX
8
Layer 1
10
121.752899
20
129.194987
70
0
0
VERTEX
8
Layer 1
10
120.544298
20
130.254203
70
0
0
VERTEX
8
Layer 1
10
119.445846
20
131.419634
70
0
0
VERTEX
8
Layer 1
10
118.466099
20
132.683032
70
0
0
VERTEX
8
Layer 1
10
117.613612
20
134.036146
70
0
0
VERTEX
8
Layer 1
10
116.896939
20
135.470728
70
0
0
VERTEX
8
Layer 1
10
116.324635
20
136.978529
70
0
0
VERTEX
8
Layer 1
10
115.905255
20
138.551299
70
0
0
VERTEX
8
Layer 1
10
115.647353
20
140.180789
70
0
0
VERTEX
8
Layer 1
10
115.559485
20
141.858750
70
0
0
SEQEND
8
Layer 1
0
POLYLINE
8
Layer 1
62
7
70
0
10
0.000000
20
0.000000
66
1
0
VERTEX
8
Layer 1
10
132.578700
20
123.434861
70
0
0
VERTEX
8
Layer 1
10
132.424673
20
123.590786
70
0
0
VERTEX
8
Layer 1
10
132.578700
20
123.746712
70
0
0
SEQEND
8
Layer 1
0
POLYLINE
8
Layer 1
62
7
70
0
10
0.000000
20
0.000000
66
1
0
VERTEX
8
Layer 1
10
132.578700
20
135.662749
70
0
0
VERTEX
8
Layer 1
10
132.354912
20
135.755433
70
0
0
VERTEX
8
Layer 1
10
132.262217
20
135.979190
70
0
0
VERTEX
8
Layer 1
10
132.354912
20
136.202948
70
0
0
VERTEX
8
Layer 1
10
132.578700
20
136.295631
70
0
0
SEQEND
8
Layer 1
0
POLYLINE
8
Layer 1
62
7
70
0
10
0.000000
20
0.000000
66
1
0
VERTEX
8
Layer 1
10
130.119253
20
141.858750
70
0
0
VERTEX
8
Layer 1
10
129.998850
20
140.951323
70
0
0
VERTEX
8
Layer 1
10
129.653250
20
140.119836
70
0
0
VERTEX
8
Layer 1
10
129.105865
20
139.404834
70
0
0
VERTEX
8
Layer 1
10
128.380106
20
138.846863
70
0
0
VERTEX
8
Layer 1
10
127.533945
20
138.497407
70
0
0
VERTEX
8
Layer 1
10
126.640960
20
138.380922
70
0
0
VERTEX
8
Layer 1
10
125.747974
20
138.497407
70
0
0
VERTEX
8
Layer 1
10
124.901813
20
138.846863
70
0
0
VERTEX
8
Layer 1
10
124.176055
20
139.404834
70
0
0
VERTEX
8
Layer 1
10
123.628669
20
140.119836
70
0
0
VERTEX
8
Layer 1
10
123.283069
20
140.951323
70
0
0
VERTEX
8
Layer 1
10
123.162666
20
141.858750
70
0
0
SEQEND
8
Layer 1
0
POLYLINE
8
Layer 1
62
7
70
0
10
0.000000
20
0.000000
66
1
0
VERTEX
8
Layer 1
10
129.590984
20
141.858750
70
0
0
VERTEX
8
Layer 1
10
129.366891
20
141.022537
70
0
0
VERTEX
8
Layer 1
10
128.754659
20
140.410387
70
0
0
VERTEX
8
Layer 1
10
127.918334
20
140.186324
70
0
0
VERTEX
8
Layer 1
10
127.082009
20
140.410387
70
0
0
VERTEX
8
Layer 1
10
126.469777
20
141.022537
70
0
0
VERTEX
8
Layer 1
10
126.245684
20
141.858750
70
0
0
SEQEND
8
Layer 1
0
POLYLINE
8
Layer 1
62
7
70
0
10
0.000000
20
0.000000
66
1
0
VERTEX
8
Layer 1
10
132.578700
20
133.293852
70
0
0
VERTEX
8
Layer 1
10
132.269695
20
133.467860
70
0
0
VERTEX
8
Layer 1
10
131.981886
20
133.966924
70
0
0
VERTEX
8
Layer 1
10
131.494521
20
135.802452
70
0
0
VERTEX
8
Layer 1
10
131.165931
20
138.524905
70
0
0
VERTEX
8
Layer 1
10
131.045440
20
141.858750
70
0
0
SEQEND
8
Layer 1
0
POLYLINE
8
Layer 1
62
7
70
0
10
0.000000
20
0.000000
66
1
0
VERTEX
8
Layer 1
10
102.692450
20
120.170858
70
0
0
VERTEX
8
Layer 1
10
104.631471
20
120.011951
70
0
0
VERTEX
8
Layer 1
10
106.478298
20
119.547100
70
0
0
VERTEX
8
Layer 1
10
108.181035
20
118.794110
70
0
0
VERTEX
8
Layer 1
10
109.687786
20
117.770786
70
0
0
VERTEX
8
Layer 1
10
110.923226
20
116.522734
70
0
0
VERTEX
8
Layer 1
10
111.832297
20
115.112345
70
0
0
VERTEX
8
Layer 1
10
112.393503
20
113.582605
70
0
0
VERTEX
8
Layer 1
10
112.585349
20
111.976500
70
0
0
SEQEND
8
Layer 1
0
POLYLINE
8
Layer 1
62
7
70
0
10
0.000000
20
0.000000
66
1
0
VERTEX
8
Layer 1
10
102.692450
20
119.823316
70
0
0
VERTEX
8
Layer 1
10
102.960523
20
119.712291
70
0
0
VERTEX
8
Layer 1
10
103.071563
20
119.444254
70
0
0
VERTEX
8
Layer 1
10
102.960523
20
119.176216
70
0
0
VERTEX
8
Layer 1
10
102.692450
20
119.065191
70
0
0
SEQEND
8
Layer 1
0
POLYLINE
8
Layer 1
62
7
70
0
10
0.000000
20
0.000000
66
1
0
VERTEX
8
Layer 1
10
102.692450
20
113.010976
70
0
0
VERTEX
8
Layer 1
10
103.074655
20
112.932231
70
0
0
VERTEX
8
Layer 1
10
103.398673
20
112.707985
70
0
0
VERTEX
8
Layer 1
10
103.615175
20
112.372377
70
0
0
VERTEX
8
Layer 1
10
103.691201
20
111.976500
70
0
0
SEQEND
8
Layer 1
0
POLYLINE
8
Layer 1
62
7
70
0
10
0.000000
20
0.000000
66
1
0
VERTEX
8
Layer 1
10
102.692450
20
115.568036
70
0
0
VERTEX
8
Layer 1
10
104.997210
20
115.294646
70
0
0
VERTEX
8
Layer 1
10
106.033808
20
114.964616
70
0
0
VERTEX
8
Layer 1
10
106.951092
20
114.516099
70
0
0
VERTEX
8
Layer 1
10
107.703207
20
113.969086
70
0
0
VERTEX
8
Layer 1
10
108.256634
20
113.350921
70
0
0
VERTEX
8
Layer 1
10
108.598287
20
112.680446
70
0
0
VERTEX
8
Layer 1
10
108.715079
20
111.976500
70
0
0
SEQEND
8
Layer 1
0
POLYLINE
8
Layer 1
62
7
70
0
10
0.000000
20
0.000000
66
1
0
VERTEX
8
Layer 1
10
115.596496
20
111.976500
70
0
0
VERTEX
8
Layer 1
10
115.807256
20
113.564915
70
0
0
VERTEX
8
Layer 1
10
116.412216
20
115.020402
70
0
0
VERTEX
8
Layer 1
10
117.370393
20
116.271985
70
0
0
VERTEX
8
Layer 1
10
118.640805
20
117.248692
70
0
0
VERTEX
8
Layer 1
10
120.121977
20
117.860400
70
0
0
VERTEX
8
Layer 1
10
121.685114
20
118.064303
70
0
0
VERTEX
8
Layer 1
10
123.248251
20
117.860400
70
0
0
VERTEX
8
Layer 1
10
124.729423
20
117.248692
70
0
0
VERTEX
8
Layer 1
10
125.999835
20
116.271985
70
0
0
VERTEX
8
Layer 1
10
126.958012
20
115.020402
70
0
0
VERTEX
8
Layer 1
10
127.562972
20
113.564915
70
0
0
VERTEX
8
Layer 1
10
127.773732
20
111.976500
70
0
0
SEQEND
8
Layer 1
0
POLYLINE
8
Layer 1
62
7
70
0
10
0.000000
20
0.000000
66
1
0
VERTEX
8
Layer 1
10
118.464954
20
111.976500
70
0
0
VERTEX
8
Layer 1
10
118.625744
20
113.188305
70
0
0
VERTEX
8
Layer 1
10
119.087269
20
114.298697
70
0
0
VERTEX
8
Layer 1
10
119.818263
20
115.253533
70
0
0
VERTEX
8
Layer 1
10
120.787463
20
115.998664
70
0
0
VERTEX
8
Layer 1
10
121.917451
20
116.465337
70
0
0
VERTEX
8
Layer 1
10
123.109971
20
116.620895
70
0
0
VERTEX
8
Layer 1
10
124.302490
20
116.465337
70
0
0
VERTEX
8
Layer 1
10
125.432479
20
115.998664
70
0
0
VERTEX
8
Layer 1
10
126.401679
20
115.253533
70
0
0
VERTEX
8
Layer 1
10
127.132673
20
114.298697
70
0
0
VERTEX
8
Layer 1
10
127.594198
20
113.188305
70
0
0
VERTEX
8
Layer 1
10
127.754988
20
111.976500
70
0
0
SEQEND
8
Layer 1
0
POLYLINE
8
Layer 1
62
7
70
0
10
0.000000
20
0.000000
66
1
0
VERTEX
8
Layer 1
10
119.596926
20
111.976500
70
0
0
VERTEX
8
Layer 1
10
119.781176
20
112.421260
70
0
0
VERTEX
8
Layer 1
10
120.225996
20
112.605485
70
0
0
VERTEX
8
Layer 1
10
120.670815
20
112.421260
70
0
0
VERTEX
8
Layer 1
10
120.855065
20
111.976500
70
0
0
SEQEND
8
Layer 1
0
POLYLINE
8
Layer 1
62
7
70
0
10
0.000000
20
0.000000
66
1
0
VERTEX
8
Layer 1
10
132.578700
20
116.066758
70
0
0
VERTEX
8
Layer 1
10
129.649828
20
116.294453
70
0
0
VERTEX
8
Layer 1
10
126.860214
20
116.960529
70
0
0
VERTEX
8
Layer 1
10
124.288247
20
118.039473
70
0
0
VERTEX
8
Layer 1
10
122.012315
20
119.505772
70
0
0
VERTEX
8
Layer 1
10
120.146195
20
121.294079
70
0
0
VERTEX
8
Layer 1
10
118.773053
20
123.314996
70
0
0
VERTEX
8
Layer 1
10
117.925356
20
125.506929
70
0
0
VERTEX
8
Layer 1
10
117.635575
20
127.808283
70
0
0
SEQEND
8
Layer 1
0
POLYLINE
8
Layer 1
62
7
70
0
10
0.000000
20
0.000000
66
1
0
VERTEX
8
Layer 1
10
102.692450
20
139.549784
70
0
0
VERTEX
8
Layer 1
10
105.704007
20
139.311239
70
0
0
VERTEX
8
Layer 1
10
108.508981
20
138.627080
70
0
0
VERTEX
8
Layer 1
10
111.047284
20
137.544521
70
0
0
VERTEX
8
Layer 1
10
113.258824
20
136.110780
70
0
0
VERTEX
8
Layer 1
10
115.083513
20
134.373070
70
0
0
VERTEX
8
Layer 1
10
116.461261
20
132.378607
70
0
0
VERTEX
8
Layer 1
10
117.331978
20
130.174606
70
0
0
VERTEX
8
Layer 1
10
117.558422
20
129.008784
70
0
0
VERTEX
8
Layer 1
10
117.635575
20
127.808283
70
0
0
SEQEND
8
Layer 1
0
POLYLINE
8
Layer 1
62
7
70
0
10
0.000000
20
0.000000
66
1
0
VERTEX
8
Layer 1
10
104.745062
20
141.858750
70
0
0
VERTEX
8
Layer 1
10
104.588816
20
141.500189
70
0
0
VERTEX
8
Layer 1
10
104.143866
20
141.196216
70
0
0
VERTEX
8
Layer 1
10
103.477950
20
140.993108
70
0
0
VERTEX
8
Layer 1
10
102.692450
20
140.921786
70
0
0
SEQEND
8
Layer 1
0
POLYLINE
8
Layer 1
62
7
70
0
10
0.000000
20
0.000000
66
1
0
VERTEX
8
Layer 1
10
104.381406
20
141.858750
70
0
0
VERTEX
8
Layer 1
10
104.322177
20
141.756177
70
0
0
VERTEX
8
Layer 1
10
104.203720
20
141.756177
70
0
0
VERTEX
8
Layer 1
10
104.144491
20
141.858750
70
0
0
SEQEND
8
Layer 1
0
POLYLINE
8
Layer 1
62
7
70
0
10
0.000000
20
0.000000
66
1
0
VERTEX
8
Layer 1
10
104.686915
20
141.858750
70
0
0
VERTEX
8
Layer 1
10
104.535095
20
141.581317
70
0
0
VERTEX
8
Layer 1
10
104.102750
20
141.346121
70
0
0
VERTEX
8
Layer 1
10
102.692450
20
141.133783
70
0
0
SEQEND
8
Layer 1
0
POLYLINE
8
Layer 1
62
7
70
0
10
0.000000
20
0.000000
66
1
0
VERTEX
8
Layer 1
10
111.452779
20
141.858750
70
0
0
VERTEX
8
Layer 1
10
111.354966
20
141.383755
70
0
0
VERTEX
8
Layer 1
10
111.092102
20
140.996210
70
0
0
VERTEX
8
Layer 1
10
110.703347
20
140.735096
70
0
0
VERTEX
8
Layer 1
10
110.227861
20
140.639395
70
0
0
VERTEX
8
Layer 1
10
109.752376
20
140.735096
70
0
0
VERTEX
8
Layer 1
10
109.363621
20
140.996210
70
0
0
VERTEX
8
Layer 1
10
109.100757
20
141.383755
70
0
0
VERTEX
8
Layer 1
10
109.002944
20
141.858750
70
0
0
SEQEND
8
Layer 1
0
POLYLINE
8
Layer 1
62
7
70
0
10
0.000000
20
0.000000
66
1
0
VERTEX
8
Layer 1
10
113.088107
20
141.858750
70
0
0
VERTEX
8
Layer 1
10
112.800786
20
140.452018
70
0
0
VERTEX
8
Layer 1
10
112.023919
20
139.303852
70
0
0
VERTEX
8
Layer 1
10
110.873608
20
138.530041
70
0
0
VERTEX
8
Layer 1
10
109.465953
20
138.246374
70
0
0
VERTEX
8
Layer 1
10
108.058299
20
138.530041
70
0
0
VERTEX
8
Layer 1
10
106.907988
20
139.303852
70
0
0
VERTEX
8
Layer 1
10
106.131121
20
140.452018
70
0
0
VERTEX
8
Layer 1
10
105.843800
20
141.858750
70
0
0
SEQEND
8
Layer 1
0
POLYLINE
8
Layer 1
62
7
70
0
10
0.000000
20
0.000000
66
1
0
VERTEX
8
Layer 1
10
132.578700
20
115.890955
70
0
0
VERTEX
8
Layer 1
10
129.649828
20
116.088732
70
0
0
VERTEX
8
Layer 1
10
126.860214
20
116.667288
70
0
0
VERTEX
8
Layer 1
10
124.288247
20
117.604463
70
0
0
VERTEX
8
Layer 1
10
122.012315
20
118.878097
70
0
0
VERTEX
8
Layer 1
10
120.146195
20
120.431429
70
0
0
VERTEX
8
Layer 1
10
118.773053
20
122.186807
70
0
0
VERTEX
8
Layer 1
10
117.925356
20
124.090729
70
0
0
VERTEX
8
Layer 1
10
117.635575
20
126.089695
70
0
0
SEQEND
8
Layer 1
0
POLYLINE
8
Layer 1
62
7
70
0
10
0.000000
20
0.000000
66
1
0
VERTEX
8
Layer 1
10
102.692450
20
136.288436
70
0
0
VERTEX
8
Layer 1
10
105.621322
20
136.090659
70
0
0
VERTEX
8
Layer 1
10
108.410936
20
135.512103
70
0
0
VERTEX
8
Layer 1
10
110.982903
20
134.574928
70
0
0
VERTEX
8
Layer 1
10
113.258835
20
133.301294
70
0
0
VERTEX
8
Layer 1
10
115.124955
20
131.747962
70
0
0
VERTEX
8
Layer 1
10
116.498097
20
129.992584
70
0
0
VERTEX
8
Layer 1
10
117.345794
20
128.088662
70
0
0
VERTEX
8
Layer 1
10
117.635575
20
126.089695
70
0
0
SEQEND
8
Layer 1
0
POLYLINE
8
Layer 1
62
7
70
0
10
0.000000
20
0.000000
66
1
0
VERTEX
8
Layer 1
10
102.692450
20
127.344320
70
0
0
VERTEX
8
Layer 1
10
104.978311
20
127.046303
70
0
0
VERTEX
8
Layer 1
10
107.155486
20
126.174514
70
0
0
VERTEX
8
Layer 1
10
109.162797
20
124.762345
70
0
0
VERTEX
8
Layer 1
10
110.939065
20
122.843189
70
0
0
VERTEX
8
Layer 1
10
112.395493
20
120.502574
70
0
0
VERTEX
8
Layer 1
10
113.467172
20
117.857510
70
0
0
VERTEX
8
Layer 1
10
114.128764
20
114.988613
70
0
0
VERTEX
8
Layer 1
10
114.354925
20
111.976500
70
0
0
SEQEND
8
Layer 1
0
POLYLINE
8
Layer 1
62
7
70
0
10
0.000000
20
0.000000
66
1
0
VERTEX
8
Layer 1
10
102.692450
20
125.622720
70
0
0
VERTEX
8
Layer 1
10
103.473765
20
125.465000
70
0
0
VERTEX
8
Layer 1
10
104.111794
20
125.034886
70
0
0
VERTEX
8
Layer 1
10
104.541966
20
124.396942
70
0
0
VERTEX
8
Layer 1
10
104.699706
20
123.615732
70
0
0
VERTEX
8
Layer 1
10
104.541966
20
122.834522
70
0
0
VERTEX
8
Layer 1
10
104.111794
20
122.196578
70
0
0
VERTEX
8
Layer 1
10
103.473765
20
121.766464
70
0
0
VERTEX
8
Layer 1
10
102.692450
20
121.608744
70
0
0
SEQEND
8
Layer 1
0
POLYLINE
8
Layer 1
62
7
70
0
10
0.000000
20
0.000000
66
1
0
VERTEX
8
Layer 1
10
102.692450
20
135.055207
70
0
0
VERTEX
8
Layer 1
10
103.500299
20
134.838774
70
0
0
VERTEX
8
Layer 1
10
104.091686
20
134.247466
70
0
0
VERTEX
8
Layer 1
10
104.308148
20
133.439725
70
0
0
VERTEX
8
Layer 1
10
104.091686
20
132.631984
70
0
0
VERTEX
8
Layer 1
10
103.500299
20
132.040676
70
0
0
VERTEX
8
Layer 1
10
102.692450
20
131.824243
70
0
0
SEQEND
8
Layer 1
0
POLYLINE
8
Layer 1
62
7
70
0
10
0.000000
20
0.000000
66
1
0
VERTEX
8
Layer 1
10
132.578700
20
123.434885
70
0
0
VERTEX
8
Layer 1
10
134.150024
20
123.212681
70
0
0
VERTEX
8
Layer 1
10
135.646636
20
122.562667
70
0
0
VERTEX
8
Layer 1
10
137.026482
20
121.509741
70
0
0
VERTEX
8
Layer 1
10
138.247506
20
120.078801
70
0
0
VERTEX
8
Layer 1
10
139.248669
20
118.333618
70
0
0
VERTEX
8
Layer 1
10
139.985352
20
116.361434
70
0
0
VERTEX
8
Layer 1
10
140.440137
20
114.222359
70
0
0
VERTEX
8
Layer 1
10
140.595603
20
111.976500
70
0
0
SEQEND
8
Layer 1
0
POLYLINE
8
Layer 1
62
7
70
0
10
0.000000
20
0.000000
66
1
0
VERTEX
8
Layer 1
10
132.578700
20
116.066758
70
0
0
VERTEX
8
Layer 1
10
132.654835
20
116.022808
70
0
0
VERTEX
8
Layer 1
10
132.654835
20
115.934906
70
0
0
VERTEX
8
Layer 1
10
132.578700
20
115.890955
70
0
0
SEQEND
8
Layer 1
0
POLYLINE
8
Layer 1
62
7
70
0
10
0.000000
20
0.000000
66
1
0
VERTEX
8
Layer 1
10
132.578700
20
123.087151
70
0
0
VERTEX
8
Layer 1
10
133.103849
20
122.871690
70
0
0
VERTEX
8
Layer 1
10
133.604029
20
122.241403
70
0
0
VERTEX
8
Layer 1
10
134.065185
20
121.220431
70
0
0
VERTEX
8
Layer 1
10
134.473261
20
119.832917
70
0
0
VERTEX
8
Layer 1
10
135.054064
20
116.228362
70
0
0
VERTEX
8
Layer 1
10
135.258014
20
111.976500
70
0
0
SEQEND
8
Layer 1
0
POLYLINE
8
Layer 1
62
7
70
0
10
0.000000
20
0.000000
66
1
0
VERTEX
8
Layer 1
10
142.391217
20
126.917625
70
0
0
VERTEX
8
Layer 1
10
140.761831
20
127.207367
70
0
0
VERTEX
8
Layer 1
10
139.209917
20
128.054950
70
0
0
VERTEX
8
Layer 1
10
137.779085
20
129.427909
70
0
0
VERTEX
8
Layer 1
10
136.512942
20
131.293779
70
0
0
VERTEX
8
Layer 1
10
135.474786
20
133.569406
70
0
0
VERTEX
8
Layer 1
10
134.710881
20
136.141029
70
0
0
VERTEX
8
Layer 1
10
134.239292
20
138.930270
70
0
0
VERTEX
8
Layer 1
10
134.078081
20
141.858750
70
0
0
SEQEND
8
Layer 1
0
POLYLINE
8
Layer 1
62
7
70
0
10
0.000000
20
0.000000
66
1
0
VERTEX
8
Layer 1
10
142.391217
20
126.917625
70
0
0
VERTEX
8
Layer 1
10
144.020606
20
126.627890
70
0
0
VERTEX
8
Layer 1
10
145.572523
20
125.780312
70
0
0
VERTEX
8
Layer 1
10
147.003360
20
124.407355
70
0
0
VERTEX
8
Layer 1
10
148.269506
20
122.541486
70
0
0
VERTEX
8
Layer 1
10
149.307667
20
120.265857
70
0
0
VERTEX
8
Layer 1
10
150.071574
20
117.694231
70
0
0
VERTEX
8
Layer 1
10
150.543165
20
114.904986
70
0
0
VERTEX
8
Layer 1
10
150.704376
20
111.976500
70
0
0
SEQEND
8
Layer 1
0
POLYLINE
8
Layer 1
62
7
70
0
10
0.000000
20
0.000000
66
1
0
VERTEX
8
Layer 1
10
162.464950
20
121.804796
70
0
0
VERTEX
8
Layer 1
10
159.997085
20
121.902927
70
0
0
VERTEX
8
Layer 1
10
157.571020
20
122.193687
70
0
0
VERTEX
8
Layer 1
10
155.203127
20
122.671632
70
0
0
VERTEX
8
Layer 1
10
152.909780
20
123.331312
70
0
0
VERTEX
8
Layer 1
10
150.707351
20
124.167283
70
0
0
VERTEX
8
Layer 1
10
148.612213
20
125.174096
70
0
0
VERTEX
8
Layer 1
10
146.640738
20
126.346305
70
0
0
VERTEX
8
Layer 1
10
144.809298
20
127.678463
70
0
0
VERTEX
8
Layer 1
10
143.150649
20
129.149399
70
0
0
VERTEX
8
Layer 1
10
141.691150
20
130.732806
70
0
0
VERTEX
8
Layer 1
10
140.437583
20
132.415534
70
0
0
VERTEX
8
Layer 1
10
139.396729
20
134.184434
70
0
0
VERTEX
8
Layer 1
10
138.575371
20
136.026355
70
0
0
VERTEX
8
Layer 1
10
137.980291
20
137.928148
70
0
0
VERTEX
8
Layer 1
10
137.618269
20
139.876663
70
0
0
VERTEX
8
Layer 1
10
137.496088
20
141.858750
70
0
0
SEQEND
8
Layer 1
0
POLYLINE
8
Layer 1
62
7
70
0
10
0.000000
20
0.000000
66
1
0
VERTEX
8
Layer 1
10
162.464950
20
125.777557
70
0
0
VERTEX
8
Layer 1
10
161.703856
20
126.089408
70
0
0
VERTEX
8
Layer 1
10
160.978949
20
127.001665
70
0
0
VERTEX
8
Layer 1
10
160.310599
20
128.479387
70
0
0
VERTEX
8
Layer 1
10
159.719178
20
130.487630
70
0
0
VERTEX
8
Layer 1
10
159.234249
20
132.936896
70
0
0
VERTEX
8
Layer 1
10
158.877426
20
135.704744
70
0
0
VERTEX
8
Layer 1
10
158.657144
20
138.706815
70
0
0
VERTEX
8
Layer 1
10
158.581841
20
141.858750
70
0
0
SEQEND
8
Layer 1
0
POLYLINE
8
Layer 1
62
7
70
0
10
0.000000
20
0.000000
66
1
0
VERTEX
8
Layer 1
10
162.464950
20
129.162308
70
0
0
VERTEX
8
Layer 1
10
162.382428
20
129.244819
70
0
0
VERTEX
8
Layer 1
10
162.464950
20
129.327330
70
0
0
SEQEND
8
Layer 1
0
POLYLINE
8
Layer 1
62
7
70
0
10
0.000000
20
0.000000
66
1
0
VERTEX
8
Layer 1
10
162.464950
20
126.828217
70
0
0
VERTEX
8
Layer 1
10
160.995504
20
126.976330
70
0
0
VERTEX
8
Layer 1
10
159.626856
20
127.401125
70
0
0
VERTEX
8
Layer 1
10
158.388328
20
128.073286
70
0
0
VERTEX
8
Layer 1
10
157.309239
20
128.963497
70
0
0
VERTEX
8
Layer 1
10
156.418909
20
130.042442
70
0
0
VERTEX
8
Layer 1
10
155.746658
20
131.280804
70
0
0
VERTEX
8
Layer 1
10
155.321807
20
132.649268
70
0
0
VERTEX
8
Layer 1
10
155.173674
20
134.118518
70
0
0
VERTEX
8
Layer 1
10
155.321807
20
135.587768
70
0
0
VERTEX
8
Layer 1
10
155.746658
20
136.956232
70
0
0
VERTEX
8
Layer 1
10
156.418909
20
138.194594
70
0
0
VERTEX
8
Layer 1
10
157.309239
20
139.273539
70
0
0
VERTEX
8
Layer 1
10
158.388328
20
140.163750
70
0
0
VERTEX
8
Layer 1
10
159.626856
20
140.835911
70
0
0
VERTEX
8
Layer 1
10
160.995504
20
141.260706
70
0
0
VERTEX
8
Layer 1
10
162.464950
20
141.408819
70
0
0
SEQEND
8
Layer 1
0
POLYLINE
8
Layer 1
62
7
70
0
10
0.000000
20
0.000000
66
1
0
VERTEX
8
Layer 1
10
162.464950
20
130.134270
70
0
0
VERTEX
8
Layer 1
10
162.025622
20
130.251972
70
0
0
VERTEX
8
Layer 1
10
161.704012
20
130.573539
70
0
0
VERTEX
8
Layer 1
10
161.586294
20
131.012808
70
0
0
VERTEX
8
Layer 1
10
161.704012
20
131.452077
70
0
0
VERTEX
8
Layer 1
10
162.025622
20
131.773644
70
0
0
VERTEX
8
Layer 1
10
162.464950
20
131.891346
70
0
0
SEQEND
8
Layer 1
0
POLYLINE
8
Layer 1
62
7
70
0
10
0.000000
20
0.000000
66
1
0
VERTEX
8
Layer 1
10
152.261617
20
141.858750
70
0
0
VERTEX
8
Layer 1
10
152.182892
20
141.668716
70
0
0
VERTEX
8
Layer 1
10
151.992832
20
141.590001
70
0
0
VERTEX
8
Layer 1
10
151.802772
20
141.668716
70
0
0
VERTEX
8
Layer 1
10
151.724047
20
141.858750
70
0
0
SEQEND
8
Layer 1
0
POLYLINE
8
Layer 1
62
7
70
0
10
0.000000
20
0.000000
66
1
0
VERTEX
8
Layer 1
10
162.464950
20
125.594439
70
0
0
VERTEX
8
Layer 1
10
161.873392
20
125.674026
70
0
0
VERTEX
8
Layer 1
10
161.291855
20
125.909841
70
0
0
VERTEX
8
Layer 1
10
160.174536
20
126.832486
70
0
0
VERTEX
8
Layer 1
10
159.144391
20
128.327034
70
0
0
VERTEX
8
Layer 1
10
158.232817
20
130.358145
70
0
0
VERTEX
8
Layer 1
10
157.485384
20
132.835302
70
0
0
VERTEX
8
Layer 1
10
156.935402
20
135.634668
70
0
0
VERTEX
8
Layer 1
10
156.595875
20
138.670923
70
0
0
VERTEX
8
Layer 1
10
156.479810
20
141.858750
70
0
0
SEQEND
8
Layer 1
0
POLYLINE
8
Layer 1
62
7
70
0
10
0.000000
20
0.000000
66
1
0
VERTEX
8
Layer 1
10
162.464950
20
122.864158
70
0
0
VERTEX
8
Layer 1
10
160.050612
20
122.957104
70
0
0
VERTEX
8
Layer 1
10
157.677167
20
123.232506
70
0
0
VERTEX
8
Layer 1
10
155.360633
20
123.685202
70
0
0
VERTEX
8
Layer 1
10
153.117027
20
124.310035
70
0
0
VERTEX
8
Layer 1
10
150.962368
20
125.101845
70
0
0
VERTEX
8
Layer 1
10
148.912672
20
126.055472
70
0
0
VERTEX
8
Layer 1
10
146.983957
20
127.165759
70
0
0
VERTEX
8
Layer 1
10
145.192241
20
128.427545
70
0
0
VERTEX
8
Layer 1
10
143.569567
20
129.820778
70
0
0
VERTEX
8
Layer 1
10
142.141724
20
131.320541
70
0
0
VERTEX
8
Layer 1
10
140.915346
20
132.914378
70
0
0
VERTEX
8
Layer 1
10
139.897068
20
134.589834
70
0
0
VERTEX
8
Layer 1
10
139.093525
20
136.334455
70
0
0
VERTEX
8
Layer 1
10
138.511351
20
138.135784
70
0
0
VERTEX
8
Layer 1
10
138.157182
20
139.981368
70
0
0
VERTEX
8
Layer 1
10
138.037651
20
141.858750
70
0
0
SEQEND
8
Layer 1
0
POLYLINE
8
Layer 1
62
7
70
0
10
0.000000
20
0.000000
66
1
0
VERTEX
8
Layer 1
10
146.861291
20
141.858750
70
0
0
VERTEX
8
Layer 1
10
146.580496
20
140.484151
70
0
0
VERTEX
8
Layer 1
10
145.821349
20
139.362220
70
0
0
VERTEX
8
Layer 1
10
144.697298
20
138.606093
70
0
0
VERTEX
8
Layer 1
10
143.321791
20
138.328909
70
0
0
VERTEX
8
Layer 1
10
141.946283
20
138.606093
70
0
0
VERTEX
8
Layer 1
10
140.822232
20
139.362220
70
0
0
VERTEX
8
Layer 1
10
140.063085
20
140.484151
70
0
0
VERTEX
8
Layer 1
10
139.782290
20
141.858750
70
0
0
SEQEND
8
Layer 1
0
POLYLINE
8
Layer 1
62
7
70
0
10
0.000000
20
0.000000
66
1
0
VERTEX
8
Layer 1
10
152.388693
20
141.858750
70
0
0
VERTEX
8
Layer 1
10
152.310770
20
141.472835
70
0
0
VERTEX
8
Layer 1
10
152.098267
20
141.157692
70
0
0
VERTEX
8
Layer 1
10
151.783082
20
140.945218
70
0
0
VERTEX
8
Layer 1
10
151.397115
20
140.867305
70
0
0
VERTEX
8
Layer 1
10
151.011148
20
140.945218
70
0
0
VERTEX
8
Layer 1
10
150.695964
20
141.157692
70
0
0
VERTEX
8
Layer 1
10
150.483460
20
141.472835
70
0
0
VERTEX
8
Layer 1
10
150.405537
20
141.858750
70
0
0
SEQEND
8
Layer 1
0
POLYLINE
8
Layer 1
62
7
70
0
10
0.000000
20
0.000000
66
1
0
VERTEX
8
Layer 1
10
152.712828
20
141.858750
70
0
0
VERTEX
8
Layer 1
10
152.546850
20
141.049055
70
0
0
VERTEX
8
Layer 1
10
152.099284
20
140.388295
70
0
0
VERTEX
8
Layer 1
10
151.436924
20
139.943029
70
0
0
VERTEX
8
Layer 1
10
150.626564
20
139.779815
70
0
0
VERTEX
8
Layer 1
10
149.816204
20
139.943029
70
0
0
VERTEX
8
Layer 1
10
149.153844
20
140.388295
70
0
0
VERTEX
8
Layer 1
10
148.706278
20
141.049055
70
0
0
VERTEX
8
Layer 1
10
148.540301
20
141.858750
70
0
0
SEQEND
8
Layer 1
0
POLYLINE
8
Layer 1
62
7
70
0
10
0.000000
20
0.000000
66
1
0
VERTEX
8
Layer 1
10
156.318472
20
141.858750
70
0
0
VERTEX
8
Layer 1
10
156.237509
20
141.073913
70
0
0
VERTEX
8
Layer 1
10
156.009038
20
140.343120
70
0
0
VERTEX
8
Layer 1
10
155.172122
20
139.106050
70
0
0
VERTEX
8
Layer 1
10
153.932818
20
138.272311
70
0
0
VERTEX
8
Layer 1
10
153.201364
20
138.045680
70
0
0
VERTEX
8
Layer 1
10
152.416224
20
137.966671
70
0
0
VERTEX
8
Layer 1
10
151.631085
20
138.045680
70
0
0
VERTEX
8
Layer 1
10
150.899631
20
138.272311
70
0
0
VERTEX
8
Layer 1
10
149.660327
20
139.106050
70
0
0
VERTEX
8
Layer 1
10
148.823411
20
140.343120
70
0
0
VERTEX
8
Layer 1
10
148.594940
20
141.073913
70
0
0
VERTEX
8
Layer 1
10
148.513977
20
141.858750
70
0
0
SEQEND
8
Layer 1
0
POLYLINE
8
Layer 1
62
7
70
0
10
0.000000
20
0.000000
66
1
0
VERTEX
8
Layer 1
10
151.982838
20
111.976500
70
0
0
VERTEX
8
Layer 1
10
152.064329
20
112.280588
70
0
0
VERTEX
8
Layer 1
10
152.286966
20
112.503195
70
0
0
VERTEX
8
Layer 1
10
152.591095
20
112.584676
70
0
0
VERTEX
8
Layer 1
10
152.895223
20
112.503195
70
0
0
VERTEX
8
Layer 1
10
153.117861
20
112.280588
70
0
0
VERTEX
8
Layer 1
10
153.199352
20
111.976500
70
0
0
SEQEND
8
Layer 1
0
POLYLINE
8
Layer 1
62
7
70
0
10
0.000000
20
0.000000
66
1
0
VERTEX
8
Layer 1
10
156.788595
20
111.976500
70
0
0
VERTEX
8
Layer 1
10
156.884483
20
112.699167
70
0
0
VERTEX
8
Layer 1
10
157.159716
20
113.361357
70
0
0
VERTEX
8
Layer 1
10
157.595649
20
113.930779
70
0
0
VERTEX
8
Layer 1
10
158.173637
20
114.375143
70
0
0
VERTEX
8
Layer 1
10
158.847513
20
114.653446
70
0
0
VERTEX
8
Layer 1
10
159.558680
20
114.746214
70
0
0
VERTEX
8
Layer 1
10
160.269846
20
114.653446
70
0
0
VERTEX
8
Layer 1
10
160.943722
20
114.375143
70
0
0
VERTEX
8
Layer 1
10
161.521710
20
113.930779
70
0
0
VERTEX
8
Layer 1
10
161.957643
20
113.361357
70
0
0
VERTEX
8
Layer 1
10
162.232877
20
112.699167
70
0
0
VERTEX
8
Layer 1
10
162.328764
20
111.976500
70
0
0
SEQEND
8
Layer 1
0
POLYLINE
8
Layer 1
62
7
70
0
10
0.000000
20
0.000000
66
1
0
VERTEX
8
Layer 1
10
132.578700
20
141.721100
70
0
0
VERTEX
8
Layer 1
10
134.000708
20
141.567532
70
0
0
VERTEX
8
Layer 1
10
135.381639
20
141.116796
70
0
0
VERTEX
8
Layer 1
10
136.714502
20
140.383842
70
0
0
VERTEX
8
Layer 1
10
137.992306
20
139.383622
70
0
0
VERTEX
8
Layer 1
10
139.208060
20
138.131088
70
0
0
VERTEX
8
Layer 1
10
140.354773
20
136.641190
70
0
0
VERTEX
8
Layer 1
10
141.425455
20
134.928880
70
0
0
VERTEX
8
Layer 1
10
142.413113
20
133.009109
70
0
0
VERTEX
8
Layer 1
10
143.310759
20
130.896828
70
0
0
VERTEX
8
Layer 1
10
144.111400
20
128.606989
70
0
0
VERTEX
8
Layer 1
10
145.393704
20
123.554441
70
0
0
VERTEX
8
Layer 1
10
146.204101
20
117.971074
70
0
0
VERTEX
8
Layer 1
10
146.486661
20
111.976500
70
0
0
SEQEND
8
Layer 1
0
POLYLINE
8
Layer 1
62
7
70
0
10
0.000000
20
0.000000
66
1
0
VERTEX
8
Layer 1
10
132.578700
20
133.096653
70
0
0
VERTEX
8
Layer 1
10
133.519354
20
132.999832
70
0
0
VERTEX
8
Layer 1
10
134.395257
20
132.726233
70
0
0
VERTEX
8
Layer 1
10
135.187708
20
132.294595
70
0
0
VERTEX
8
Layer 1
10
135.878009
20
131.723658
70
0
0
VERTEX
8
Layer 1
10
136.447460
20
131.032160
70
0
0
VERTEX
8
Layer 1
10
136.877362
20
130.238841
70
0
0
VERTEX
8
Layer 1
10
137.149016
20
129.362439
70
0
0
VERTEX
8
Layer 1
10
137.243723
20
128.421694
70
0
0
VERTEX
8
Layer 1
10
137.149016
20
127.480949
70
0
0
VERTEX
8
Layer 1
10
136.877362
20
126.604548
70
0
0
VERTEX
8
Layer 1
10
136.447460
20
125.811228
70
0
0
VERTEX
8
Layer 1
10
135.878009
20
125.119731
70
0
0
VERTEX
8
Layer 1
10
135.187708
20
124.548793
70
0
0
VERTEX
8
Layer 1
10
134.395257
20
124.117156
70
0
0
VERTEX
8
Layer 1
10
133.519354
20
123.843557
70
0
0
VERTEX
8
Layer 1
10
132.578700
20
123.746736
70
0
0
SEQEND
8
Layer 1
0
POLYLINE
8
Layer 1
62
7
70
0
10
0.000000
20
0.000000
66
1
0
VERTEX
8
Layer 1
10
132.578700
20
130.315834
70
0
0
VERTEX
8
Layer 1
10
133.526326
20
130.124543
70
0
0
VERTEX
8
Layer 1
10
134.300167
20
129.602875
70
0
0
VERTEX
8
Layer 1
10
134.821905
20
128.829137
70
0
0
VERTEX
8
Layer 1
10
135.013222
20
127.881638
70
0
0
VERTEX
8
Layer 1
10
134.821905
20
126.934139
70
0
0
VERTEX
8
Layer 1
10
134.300167
20
126.160402
70
0
0
VERTEX
8
Layer 1
10
133.526326
20
125.638733
70
0
0
VERTEX
8
Layer 1
10
132.578700
20
125.447442
70
0
0
SEQEND
8
Layer 1
0
POLYLINE
8
Layer 1
62
7
70
0
10
0.000000
20
0.000000
66
1
0
VERTEX
8
Layer 1
10
132.578700
20
136.295607
70
0
0
VERTEX
8
Layer 1
10
133.624875
20
136.176606
70
0
0
VERTEX
8
Layer 1
10
134.653331
20
135.824005
70
0
0
VERTEX
8
Layer 1
10
135.657125
20
135.244410
70
0
0
VERTEX
8
Layer 1
10
136.629319
20
134.444426
70
0
0
VERTEX
8
Layer 1
10
137.562971
20
133.430658
70
0
0
VERTEX
8
Layer 1
10
138.451140
20
132.209712
70
0
0
VERTEX
8
Layer 1
10
140.063268
20
129.172706
70
0
0
VERTEX
8
Layer 1
10
141.385110
20
125.468753
70
0
0
VERTEX
8
Layer 1
10
142.357759
20
121.283019
70
0
0
VERTEX
8
Layer 1
10
142.958215
20
116.743078
70
0
0
VERTEX
8
Layer 1
10
143.163477
20
111.976500
70
0
0
SEQEND
8
Layer 1
0
POLYLINE
8
Layer 1
62
7
70
0
10
0.000000
20
0.000000
66
1
0
VERTEX
8
Layer 1
10
132.578700
20
140.439032
70
0
0
VERTEX
8
Layer 1
10
133.052723
20
140.240227
70
0
0
VERTEX
8
Layer 1
10
133.248728
20
139.765092
70
0
0
VERTEX
8
Layer 1
10
133.052723
20
139.289957
70
0
0
VERTEX
8
Layer 1
10
132.578700
20
139.091152
70
0
0
SEQEND
8
Layer 1
0
POLYLINE
8
Layer 1
62
7
70
0
10
0.000000
20
0.000000
66
1
0
VERTEX
8
Layer 1
10
132.578700
20
135.662725
70
0
0
VERTEX
8
Layer 1
10
133.504858
20
135.546821
70
0
0
VERTEX
8
Layer 1
10
134.415328
20
135.203396
70
0
0
VERTEX
8
Layer 1
10
135.303967
20
134.638884
70
0
0
VERTEX
8
Layer 1
10
136.164630
20
133.859719
70
0
0
VERTEX
8
Layer 1
10
136.991173
20
132.872333
70
0
0
VERTEX
8
Layer 1
10
137.777451
20
131.683161
70
0
0
VERTEX
8
Layer 1
10
139.204635
20
128.725190
70
0
0
VERTEX
8
Layer 1
10
140.374835
20
125.117630
70
0
0
VERTEX
8
Layer 1
10
141.235901
20
121.040826
70
0
0
VERTEX
8
Layer 1
10
141.767472
20
116.619032
70
0
0
VERTEX
8
Layer 1
10
141.949187
20
111.976500
70
0
0
SEQEND
8
Layer 1
0
POLYLINE
8
Layer 1
62
7
70
0
10
0.000000
20
0.000000
66
1
0
VERTEX
8
Layer 1
10
132.578700
20
133.293852
70
0
0
VERTEX
8
Layer 1
10
133.475839
20
133.189539
70
0
0
VERTEX
8
Layer 1
10
134.357782
20
132.880460
70
0
0
VERTEX
8
Layer 1
10
135.218577
20
132.372405
70
0
0
VERTEX
8
Layer 1
10
136.052273
20
131.671165
70
0
0
VERTEX
8
Layer 1
10
137.614560
20
129.712286
70
0
0
VERTEX
8
Layer 1
10
138.997027
20
127.050144
70
0
0
VERTEX
8
Layer 1
10
140.130561
20
123.803378
70
0
0
VERTEX
8
Layer 1
10
140.964648
20
120.134297
70
0
0
VERTEX
8
Layer 1
10
141.479563
20
116.154729
70
0
0
VERTEX
8
Layer 1
10
141.655584
20
111.976500
70
0
0
SEQEND
8
Layer 1
0
POLYLINE
8
Layer 1
62
7
70
0
10
0.000000
20
0.000000
66
1
0
VERTEX
8
Layer 1
10
140.266591
20
126.917625
70
0
0
VERTEX
8
Layer 1
10
138.841224
20
127.207367
70
0
0
VERTEX
8
Layer 1
10
137.483628
20
128.054950
70
0
0
VERTEX
8
Layer 1
10
136.231952
20
129.427909
70
0
0
VERTEX
8
Layer 1
10
135.124346
20
131.293779
70
0
0
VERTEX
8
Layer 1
10
134.216179
20
133.569406
70
0
0
VERTEX
8
Layer 1
10
133.547924
20
136.141029
70
0
0
VERTEX
8
Layer 1
10
133.135383
20
138.930270
70
0
0
VERTEX
8
Layer 1
10
132.994358
20
141.858750
70
0
0
SEQEND
8
Layer 1
0
POLYLINE
8
Layer 1
62
7
70
0
10
0.000000
20
0.000000
66
1
0
VERTEX
8
Layer 1
10
140.266591
20
126.917625
70
0
0
VERTEX
8
Layer 1
10
141.691959
20
126.627883
70
0
0
VERTEX
8
Layer 1
10
143.049554
20
125.780300
70
0
0
VERTEX
8
Layer 1
10
144.301230
20
124.407341
70
0
0
VERTEX
8
Layer 1
10
145.408837
20
122.541471
70
0
0
VERTEX
8
Layer 1
10
146.317004
20
120.265844
70
0
0
VERTEX
8
Layer 1
10
146.985259
20
117.694221
70
0
0
VERTEX
8
Layer 1
10
147.397799
20
114.904980
70
0
0
VERTEX
8
Layer 1
10
147.538824
20
111.976500
70
0
0
SEQEND
8
Layer 1
0
POLYLINE
8
Layer 1
62
7
70
0
10
0.000000
20
0.000000
66
1
0
VERTEX
8
Layer 1
10
162.464950
20
126.828217
70
0
0
VERTEX
8
Layer 1
10
163.456098
20
126.562676
70
0
0
VERTEX
8
Layer 1
10
164.181668
20
125.837202
70
0
0
VERTEX
8
Layer 1
10
164.447245
20
124.846187
70
0
0
VERTEX
8
Layer 1
10
164.181668
20
123.855172
70
0
0
VERTEX
8
Layer 1
10
163.456098
20
123.129699
70
0
0
VERTEX
8
Layer 1
10
162.464950
20
122.864158
70
0
0
SEQEND
8
Layer 1
0
POLYLINE
8
Layer 1
62
7
70
0
10
0.000000
20
0.000000
66
1
0
VERTEX
8
Layer 1
10
162.464950
20
125.777557
70
0
0
VERTEX
8
Layer 1
10
162.544253
20
125.731778
70
0
0
VERTEX
8
Layer 1
10
162.544253
20
125.640219
70
0
0
VERTEX
8
Layer 1
10
162.464950
20
125.594439
70
0
0
SEQEND
8
Layer 1
0
POLYLINE
8
Layer 1
62
7
70
0
10
0.000000
20
0.000000
66
1
0
VERTEX
8
Layer 1
10
181.556908
20
111.976500
70
0
0
VERTEX
8
Layer 1
10
181.817020
20
112.426967
70
0
0
VERTEX
8
Layer 1
10
182.337244
20
112.426967
70
0
0
VERTEX
8
Layer 1
10
182.597356
20
111.976500
70
0
0
SEQEND
8
Layer 1
0
POLYLINE
8
Layer 1
62
7
70
0
10
0.000000
20
0.000000
66
1
0
VERTEX
8
Layer 1
10
173.813955
20
111.976500
70
0
0
VERTEX
8
Layer 1
10
173.893306
20
112.164271
70
0
0
VERTEX
8
Layer 1
10
174.081843
20
112.241834
70
0
0
VERTEX
8
Layer 1
10
174.270380
20
112.164271
70
0
0
VERTEX
8
Layer 1
10
174.349731
20
111.976500
70
0
0
SEQEND
8
Layer 1
0
POLYLINE
8
Layer 1
62
7
70
0
10
0.000000
20
0.000000
66
1
0
VERTEX
8
Layer 1
10
162.464950
20
141.408819
70
0
0
VERTEX
8
Layer 1
10
163.763494
20
141.322619
70
0
0
VERTEX
8
Layer 1
10
165.022810
20
141.069518
70
0
0
VERTEX
8
Layer 1
10
166.228611
20
140.657762
70
0
0
VERTEX
8
Layer 1
10
167.366612
20
140.095598
70
0
0
VERTEX
8
Layer 1
10
168.422525
20
139.391275
70
0
0
VERTEX
8
Layer 1
10
169.382064
20
138.553038
70
0
0
VERTEX
8
Layer 1
10
170.230944
20
137.589135
70
0
0
VERTEX
8
Layer 1
10
170.954877
20
136.507813
70
0
0
VERTEX
8
Layer 1
10
171.529488
20
135.340291
70
0
0
VERTEX
8
Layer 1
10
171.939925
20
134.123287
70
0
0
VERTEX
8
Layer 1
10
172.186186
20
132.873294
70
0
0
VERTEX
8
Layer 1
10
172.268274
20
131.606807
70
0
0
VERTEX
8
Layer 1
10
172.186186
20
130.340320
70
0
0
VERTEX
8
Layer 1
10
171.939925
20
129.090328
70
0
0
VERTEX
8
Layer 1
10
171.529488
20
127.873323
70
0
0
VERTEX
8
Layer 1
10
170.954877
20
126.705802
70
0
0
VERTEX
8
Layer 1
10
170.230944
20
125.624480
70
0
0
VERTEX
8
Layer 1
10
169.382064
20
124.660577
70
0
0
VERTEX
8
Layer 1
10
168.422525
20
123.822340
70
0
0
VERTEX
8
Layer 1
10
167.366612
20
123.118016
70
0
0
VERTEX
8
Layer 1
10
166.228611
20
122.555853
70
0
0
VERTEX
8
Layer 1
10
165.022810
20
122.144097
70
0
0
VERTEX
8
Layer 1
10
163.763494
20
121.890996
70
0
0
VERTEX
8
Layer 1
10
162.464950
20
121.804796
70
0
0
SEQEND
8
Layer 1
0
POLYLINE
8
Layer 1
62
7
70
0
10
0.000000
20
0.000000
66
1
0
VERTEX
8
Layer 1
10
162.464950
20
131.891346
70
0
0
VERTEX
8
Layer 1
10
162.904278
20
131.773644
70
0
0
VERTEX
8
Layer 1
10
163.225888
20
131.452077
70
0
0
VERTEX
8
Layer 1
10
163.343606
20
131.012808
70
0
0
VERTEX
8
Layer 1
10
163.225888
20
130.573539
70
0
0
VERTEX
8
Layer 1
10
162.904278
20
130.251972
70
0
0
VERTEX
8
Layer 1
10
162.464950
20
130.134270
70
0
0
SEQEND
8
Layer 1
0
POLYLINE
8
Layer 1
62
7
70
0
10
0.000000
20
0.000000
66
1
0
VERTEX
8
Layer 1
10
162.464950
20
129.327330
70
0
0
VERTEX
8
Layer 1
10
162.547472
20
129.244819
70
0
0
VERTEX
8
Layer 1
10
162.464950
20
129.162308
70
0
0
SEQEND
8
Layer 1
0
POLYLINE
8
Layer 1
62
7
70
0
10
0.000000
20
0.000000
66
1
0
VERTEX
8
Layer 1
10
187.165912
20
111.976500
70
0
0
VERTEX
8
Layer 1
10
187.271258
20
117.503555
70
0
0
VERTEX
8
Layer 1
10
187.573397
20
122.651472
70
0
0
VERTEX
8
Layer 1
10
188.051478
20
127.309970
70
0
0
VERTEX
8
Layer 1
10
188.684647
20
131.368766
70
0
0
VERTEX
8
Layer 1
10
189.452056
20
134.717579
70
0
0
VERTEX
8
Layer 1
10
190.332852
20
137.246128
70
0
0
VERTEX
8
Layer 1
10
191.306184
20
138.844131
70
0
0
VERTEX
8
Layer 1
10
191.821034
20
139.259714
70
0
0
VERTEX
8
Layer 1
10
192.351200
20
139.401305
70
0
0
SEQEND
8
Layer 1
0
POLYLINE
8
Layer 1
62
7
70
0
10
0.000000
20
0.000000
66
1
0
VERTEX
8
Layer 1
10
187.869338
20
111.976500
70
0
0
VERTEX
8
Layer 1
10
188.023229
20
112.128464
70
0
0
VERTEX
8
Layer 1
10
188.177119
20
111.976500
70
0
0
SEQEND
8
Layer 1
0
POLYLINE
8
Layer 1
62
7
70
0
10
0.000000
20
0.000000
66
1
0
VERTEX
8
Layer 1
10
192.351200
20
122.550083
70
0
0
VERTEX
8
Layer 1
10
191.199626
20
122.702840
70
0
0
VERTEX
8
Layer 1
10
190.144423
20
123.141308
70
0
0
VERTEX
8
Layer 1
10
189.237046
20
123.835784
70
0
0
VERTEX
8
Layer 1
10
188.528950
20
124.756565
70
0
0
VERTEX
8
Layer 1
10
188.085472
20
125.830102
70
0
0
VERTEX
8
Layer 1
10
187.937646
20
126.963046
70
0
0
VERTEX
8
Layer 1
10
188.085472
20
128.095990
70
0
0
VERTEX
8
Layer 1
10
188.528950
20
129.169527
70
0
0
VERTEX
8
Layer 1
10
189.237046
20
130.090308
70
0
0
VERTEX
8
Layer 1
10
190.144423
20
130.784784
70
0
0
VERTEX
8
Layer 1
10
191.199626
20
131.223252
70
0
0
VERTEX
8
Layer 1
10
192.351200
20
131.376009
70
0
0
SEQEND
8
Layer 1
0
POLYLINE
8
Layer 1
62
7
70
0
10
0.000000
20
0.000000
66
1
0
VERTEX
8
Layer 1
10
192.351200
20
122.535740
70
0
0
VERTEX
8
Layer 1
10
190.375646
20
122.797798
70
0
0
VERTEX
8
Layer 1
10
188.565419
20
123.550001
70
0
0
VERTEX
8
Layer 1
10
187.008792
20
124.741392
70
0
0
VERTEX
8
Layer 1
10
185.794035
20
126.321014
70
0
0
VERTEX
8
Layer 1
10
185.033237
20
128.162694
70
0
0
VERTEX
8
Layer 1
10
184.779638
20
130.106288
70
0
0
VERTEX
8
Layer 1
10
185.033237
20
132.049882
70
0
0
VERTEX
8
Layer 1
10
185.794035
20
133.891562
70
0
0
VERTEX
8
Layer 1
10
187.008792
20
135.471184
70
0
0
VERTEX
8
Layer 1
10
188.565419
20
136.662576
70
0
0
VERTEX
8
Layer 1
10
190.375646
20
137.414779
70
0
0
VERTEX
8
Layer 1
10
192.351200
20
137.676837
70
0
0
SEQEND
8
Layer 1
0
POLYLINE
8
Layer 1
62
7
70
0
10
0.000000
20
0.000000
66
1
0
VERTEX
8
Layer 1
10
190.962446
20
111.976500
70
0
0
VERTEX
8
Layer 1
10
191.071581
20
122.301010
70
0
0
VERTEX
8
Layer 1
10
191.369202
20
130.732112
70
0
0
VERTEX
8
Layer 1
10
191.810634
20
136.416519
70
0
0
VERTEX
8
Layer 1
10
192.071318
20
137.962059
70
0
0
VERTEX
8
Layer 1
10
192.351200
20
138.500941
70
0
0
SEQEND
8
Layer 1
0
POLYLINE
8
Layer 1
62
7
70
0
10
0.000000
20
0.000000
66
1
0
VERTEX
8
Layer 1
10
190.747862
20
141.858750
70
0
0
VERTEX
8
Layer 1
10
190.465949
20
139.062599
70
0
0
VERTEX
8
Layer 1
10
189.657407
20
136.458254
70
0
0
VERTEX
8
Layer 1
10
188.378036
20
134.101508
70
0
0
VERTEX
8
Layer 1
10
186.683636
20
132.048152
70
0
0
VERTEX
8
Layer 1
10
184.630005
20
130.353979
70
0
0
VERTEX
8
Layer 1
10
182.272943
20
129.074779
70
0
0
VERTEX
8
Layer 1
10
179.668250
20
128.266346
70
0
0
VERTEX
8
Layer 1
10
176.871724
20
127.984470
70
0
0
VERTEX
8
Layer 1
10
174.075199
20
128.266346
70
0
0
VERTEX
8
Layer 1
10
171.470505
20
129.074779
70
0
0
VERTEX
8
Layer 1
10
169.113444
20
130.353979
70
0
0
VERTEX
8
Layer 1
10
167.059813
20
132.048152
70
0
0
VERTEX
8
Layer 1
10
165.365413
20
134.101508
70
0
0
VERTEX
8
Layer 1
10
164.086042
20
136.458254
70
0
0
VERTEX
8
Layer 1
10
163.277500
20
139.062599
70
0
0
VERTEX
8
Layer 1
10
162.995586
20
141.858750
70
0
0
SEQEND
8
Layer 1
0
POLYLINE
8
Layer 1
62
7
70
0
10
0.000000
20
0.000000
66
1
0
VERTEX
8
Layer 1
10
173.711385
20
141.858750
70
0
0
VERTEX
8
Layer 1
10
173.666316
20
141.780700
70
0
0
VERTEX
8
Layer 1
10
173.576180
20
141.780700
70
0
0
VERTEX
8
Layer 1
10
173.531111
20
141.858750
70
0
0
SEQEND
8
Layer 1
0
POLYLINE
8
Layer 1
62
7
70
0
10
0.000000
20
0.000000
66
1
0
VERTEX
8
Layer 1
10
183.792854
20
141.858750
70
0
0
VERTEX
8
Layer 1
10
183.602902
20
140.427163
70
0
0
VERTEX
8
Layer 1
10
183.057672
20
139.115380
70
0
0
VERTEX
8
Layer 1
10
182.194098
20
137.987368
70
0
0
VERTEX
8
Layer 1
10
181.049117
20
137.107094
70
0
0
VERTEX
8
Layer 1
10
179.714184
20
136.555781
70
0
0
VERTEX
8
Layer 1
10
178.305380
20
136.372010
70
0
0
VERTEX
8
Layer 1
10
176.896575
20
136.555781
70
0
0
VERTEX
8
Layer 1
10
175.561643
20
137.107094
70
0
0
VERTEX
8
Layer 1
10
174.416662
20
137.987368
70
0
0
VERTEX
8
Layer 1
10
173.553088
20
139.115380
70
0
0
VERTEX
8
Layer 1
10
173.007857
20
140.427163
70
0
0
VERTEX
8
Layer 1
10
172.817906
20
141.858750
70
0
0
SEQEND
8
Layer 1
0
POLYLINE
8
Layer 1
62
7
70
0
10
0.000000
20
0.000000
66
1
0
VERTEX
8
Layer 1
10
187.503220
20
141.858750
70
0
0
VERTEX
8
Layer 1
10
187.281257
20
141.030486
70
0
0
VERTEX
8
Layer 1
10
186.674845
20
140.424154
70
0
0
VERTEX
8
Layer 1
10
185.846470
20
140.202221
70
0
0
VERTEX
8
Layer 1
10
185.018095
20
140.424154
70
0
0
VERTEX
8
Layer 1
10
184.411682
20
141.030486
70
0
0
VERTEX
8
Layer 1
10
184.189719
20
141.858750
70
0
0
SEQEND
8
Layer 1
0
POLYLINE
8
Layer 1
62
7
70
0
10
0.000000
20
0.000000
66
1
0
VERTEX
8
Layer 1
10
179.150706
20
141.858750
70
0
0
VERTEX
8
Layer 1
10
179.124323
20
141.813058
70
0
0
VERTEX
8
Layer 1
10
179.071556
20
141.813058
70
0
0
VERTEX
8
Layer 1
10
179.045172
20
141.858750
70
0
0
SEQEND
8
Layer 1
0
POLYLINE
8
Layer 1
62
7
70
0
10
0.000000
20
0.000000
66
1
0
VERTEX
8
Layer 1
10
183.171339
20
141.858750
70
0
0
VERTEX
8
Layer 1
10
183.003023
20
140.590216
70
0
0
VERTEX
8
Layer 1
10
182.519892
20
139.427841
70
0
0
VERTEX
8
Layer 1
10
181.754677
20
138.428306
70
0
0
VERTEX
8
Layer 1
10
180.740105
20
137.648292
70
0
0
VERTEX
8
Layer 1
10
179.557217
20
137.159772
70
0
0
VERTEX
8
Layer 1
10
178.308870
20
136.996932
70
0
0
VERTEX
8
Layer 1
10
177.060524
20
137.159772
70
0
0
VERTEX
8
Layer 1
10
175.877636
20
137.648292
70
0
0
VERTEX
8
Layer 1
10
174.863064
20
138.428306
70
0
0
VERTEX
8
Layer 1
10
174.097849
20
139.427841
70
0
0
VERTEX
8
Layer 1
10
173.614718
20
140.590216
70
0
0
VERTEX
8
Layer 1
10
173.446402
20
141.858750
70
0
0
SEQEND
8
Layer 1
0
POLYLINE
8
Layer 1
62
7
70
0
10
0.000000
20
0.000000
66
1
0
VERTEX
8
Layer 1
10
172.546921
20
111.976500
70
0
0
VERTEX
8
Layer 1
10
172.673587
20
112.449160
70
0
0
VERTEX
8
Layer 1
10
173.019644
20
112.795170
70
0
0
VERTEX
8
Layer 1
10
173.492367
20
112.921819
70
0
0
VERTEX
8
Layer 1
10
173.965089
20
112.795170
70
0
0
VERTEX
8
Layer 1
10
174.311146
20
112.449160
70
0
0
VERTEX
8
Layer 1
10
174.437812
20
111.976500
70
0
0
SEQEND
8
Layer 1
0
POLYLINE
8
Layer 1
62
7
70
0
10
0.000000
20
0.000000
66
1
0
VERTEX
8
Layer 1
10
175.179613
20
111.976500
70
0
0
VERTEX
8
Layer 1
10
175.362868
20
113.357623
70
0
0
VERTEX
8
Layer 1
10
175.888879
20
114.623165
70
0
0
VERTEX
8
Layer 1
10
176.722012
20
115.711414
70
0
0
VERTEX
8
Layer 1
10
177.826632
20
116.560658
70
0
0
VERTEX
8
Layer 1
10
179.114508
20
117.092537
70
0
0
VERTEX
8
Layer 1
10
180.473651
20
117.269830
70
0
0
VERTEX
8
Layer 1
10
181.832795
20
117.092537
70
0
0
VERTEX
8
Layer 1
10
183.120670
20
116.560658
70
0
0
VERTEX
8
Layer 1
10
184.225290
20
115.711414
70
0
0
VERTEX
8
Layer 1
10
185.058423
20
114.623165
70
0
0
VERTEX
8
Layer 1
10
185.584434
20
113.357623
70
0
0
VERTEX
8
Layer 1
10
185.767689
20
111.976500
70
0
0
SEQEND
8
Layer 1
0
POLYLINE
8
Layer 1
62
7
70
0
10
0.000000
20
0.000000
66
1
0
VERTEX
8
Layer 1
10
175.665324
20
111.976500
70
0
0
VERTEX
8
Layer 1
10
175.899571
20
112.850604
70
0
0
VERTEX
8
Layer 1
10
176.539545
20
113.490492
70
0
0
VERTEX
8
Layer 1
10
177.413765
20
113.724707
70
0
0
VERTEX
8
Layer 1
10
178.287986
20
113.490492
70
0
0
VERTEX
8
Layer 1
10
178.927960
20
112.850604
70
0
0
VERTEX
8
Layer 1
10
179.162207
20
111.976500
70
0
0
SEQEND
8
Layer 1
0
POLYLINE
8
Layer 1
62
7
70
0
10
0.000000
20
0.000000
66
1
0
VERTEX
8
Layer 1
10
192.351200
20
122.535740
70
0
0
VERTEX
8
Layer 1
10
197.801696
20
122.330972
70
0
0
VERTEX
8
Layer 1
10
202.993038
20
121.731965
70
0
0
VERTEX
8
Layer 1
10
207.779349
20
120.761663
70
0
0
VERTEX
8
Layer 1
10
212.014752
20
119.443010
70
0
0
VERTEX
8
Layer 1
10
215.487514
20
117.834772
70
0
0
VERTEX
8
Layer 1
10
216.883644
20
116.948745
70
0
0
VERTEX
8
Layer 1
10
218.042869
20
116.017346
70
0
0
VERTEX
8
Layer 1
10
218.957637
20
115.047498
70
0
0
VERTEX
8
Layer 1
10
219.620393
20
114.046125
70
0
0
VERTEX
8
Layer 1
10
220.023586
20
113.020151
70
0
0
VERTEX
8
Layer 1
10
220.159662
20
111.976500
70
0
0
SEQEND
8
Layer 1
0
POLYLINE
8
Layer 1
62
7
70
0
10
0.000000
20
0.000000
66
1
0
VERTEX
8
Layer 1
10
216.780197
20
111.976500
70
0
0
VERTEX
8
Layer 1
10
216.974160
20
112.700284
70
0
0
VERTEX
8
Layer 1
10
217.504078
20
113.230131
70
0
0
VERTEX
8
Layer 1
10
218.227959
20
113.424068
70
0
0
VERTEX
8
Layer 1
10
218.951839
20
113.230131
70
0
0
VERTEX
8
Layer 1
10
219.481757
20
112.700284
70
0
0
VERTEX
8
Layer 1
10
219.675720
20
111.976500
70
0
0
SEQEND
8
Layer 1
0
POLYLINE
8
Layer 1
62
7
70
0
10
0.000000
20
0.000000
66
1
0
VERTEX
8
Layer 1
10
197.703086
20
111.976500
70
0
0
VERTEX
8
Layer 1
10
197.794568
20
112.665962
70
0
0
VERTEX
8
Layer 1
10
198.057155
20
113.297726
70
0
0
VERTEX
8
Layer 1
10
198.473058
20
113.840984
70
0
0
VERTEX
8
Layer 1
10
199.024489
20
114.264930
70
0
0
VERTEX
8
Layer 1
10
199.667402
20
114.530446
70
0
0
VERTEX
8
Layer 1
10
200.345891
20
114.618952
70
0
0
VERTEX
8
Layer 1
10
201.024381
20
114.530446
70
0
0
VERTEX
8
Layer 1
10
201.667294
20
114.264930
70
0
0
VERTEX
8
Layer 1
10
202.218725
20
113.840984
70
0
0
VERTEX
8
Layer 1
10
202.634628
20
113.297726
70
0
0
VERTEX
8
Layer 1
10
202.897215
20
112.665962
70
0
0
VERTEX
8
Layer 1
10
202.988697
20
111.976500
70
0
0
SEQEND
8
Layer 1
0
POLYLINE
8
Layer 1
62
7
70
0
10
0.000000
20
0.000000
66
1
0
VERTEX
8
Layer 1
10
222.237450
20
116.065874
70
0
0
VERTEX
8
Layer 1
10
219.308578
20
116.292138
70
0
0
VERTEX
8
Layer 1
10
216.518964
20
116.954027
70
0
0
VERTEX
8
Layer 1
10
213.946997
20
118.026189
70
0
0
VERTEX
8
Layer 1
10
211.671065
20
119.483272
70
0
0
VERTEX
8
Layer 1
10
209.804945
20
121.260340
70
0
0
VERTEX
8
Layer 1
10
208.431803
20
123.268556
70
0
0
VERTEX
8
Layer 1
10
207.584106
20
125.446711
70
0
0
VERTEX
8
Layer 1
10
207.294325
20
127.733602
70
0
0
SEQEND
8
Layer 1
0
POLYLINE
8
Layer 1
62
7
70
0
10
0.000000
20
0.000000
66
1
0
VERTEX
8
Layer 1
10
192.351200
20
139.401305
70
0
0
VERTEX
8
Layer 1
10
195.362757
20
139.164259
70
0
0
VERTEX
8
Layer 1
10
198.167731
20
138.484400
70
0
0
VERTEX
8
Layer 1
10
200.706034
20
137.408646
70
0
0
VERTEX
8
Layer 1
10
202.917574
20
135.983916
70
0
0
VERTEX
8
Layer 1
10
204.742263
20
134.257128
70
0
0
VERTEX
8
Layer 1
10
206.120011
20
132.275200
70
0
0
VERTEX
8
Layer 1
10
206.990728
20
130.085052
70
0
0
VERTEX
8
Layer 1
10
207.217172
20
128.926557
70
0
0
VERTEX
8
Layer 1
10
207.294325
20
127.733602
70
0
0
SEQEND
8
Layer 1
0
POLYLINE
8
Layer 1
62
7
70
0
10
0.000000
20
0.000000
66
1
0
VERTEX
8
Layer 1
10
222.237450
20
141.069715
70
0
0
VERTEX
8
Layer 1
10
204.825755
20
141.300818
70
0
0
VERTEX
8
Layer 1
10
199.487974
20
141.556799
70
0
0
VERTEX
8
Layer 1
10
198.091107
20
141.704098
70
0
0
VERTEX
8
Layer 1
10
197.613595
20
141.858750
70
0
0
SEQEND
8
Layer 1
0
POLYLINE
8
Layer 1
62
7
70
0
10
0.000000
20
0.000000
66
1
0
VERTEX
8
Layer 1
10
220.751577
20
141.858750
70
0
0
VERTEX
8
Layer 1
10
220.651812
20
140.356245
70
0
0
VERTEX
8
Layer 1
10
220.358877
20
138.899129
70
0
0
VERTEX
8
Layer 1
10
219.882320
20
137.503934
70
0
0
VERTEX
8
Layer 1
10
219.231684
20
136.187189
70
0
0
VERTEX
8
Layer 1
10
218.416514
20
134.965424
70
0
0
VERTEX
8
Layer 1
10
217.446357
20
133.855171
70
0
0
VERTEX
8
Layer 1
10
216.330756
20
132.872958
70
0
0
VERTEX
8
Layer 1
10
215.079257
20
132.035317
70
0
0
VERTEX
8
Layer 1
10
213.727992
20
131.370453
70
0
0
VERTEX
8
Layer 1
10
212.319457
20
130.895550
70
0
0
VERTEX
8
Layer 1
10
210.872741
20
130.610608
70
0
0
VERTEX
8
Layer 1
10
209.406936
20
130.515627
70
0
0
VERTEX
8
Layer 1
10
207.941131
20
130.610608
70
0
0
VERTEX
8
Layer 1
10
206.494416
20
130.895550
70
0
0
VERTEX
8
Layer 1
10
205.085881
20
131.370453
70
0
0
VERTEX
8
Layer 1
10
203.734616
20
132.035317
70
0
0
VERTEX
8
Layer 1
10
202.483116
20
132.872958
70
0
0
VERTEX
8
Layer 1
10
201.367516
20
133.855171
70
0
0
VERTEX
8
Layer 1
10
200.397358
20
134.965424
70
0
0
VERTEX
8
Layer 1
10
199.582189
20
136.187189
70
0
0
VERTEX
8
Layer 1
10
198.931553
20
137.503934
70
0
0
VERTEX
8
Layer 1
10
198.454995
20
138.899129
70
0
0
VERTEX
8
Layer 1
10
198.162061
20
140.356245
70
0
0
VERTEX
8
Layer 1
10
198.062295
20
141.858750
70
0
0
SEQEND
8
Layer 1
0
POLYLINE
8
Layer 1
62
7
70
0
10
0.000000
20
0.000000
66
1
0
VERTEX
8
Layer 1
10
200.967956
20
141.858750
70
0
0
VERTEX
8
Layer 1
10
200.880079
20
141.432470
70
0
0
VERTEX
8
Layer 1
10
200.644109
20
141.084687
70
0
0
VERTEX
8
Layer 1
10
200.295183
20
140.850373
70
0
0
VERTEX
8
Layer 1
10
199.868441
20
140.764497
70
0
0
VERTEX
8
Layer 1
10
199.441698
20
140.850373
70
0
0
VERTEX
8
Layer 1
10
199.092772
20
141.084687
70
0
0
VERTEX
8
Layer 1
10
198.856802
20
141.432470
70
0
0
VERTEX
8
Layer 1
10
198.768926
20
141.858750
70
0
0
SEQEND
8
Layer 1
0
POLYLINE
8
Layer 1
62
7
70
0
10
0.000000
20
0.000000
66
1
0
VERTEX
8
Layer 1
10
195.145325
20
141.858750
70
0
0
VERTEX
8
Layer 1
10
194.983208
20
141.253802
70
0
0
VERTEX
8
Layer 1
10
194.540296
20
140.810949
70
0
0
VERTEX
8
Layer 1
10
193.935267
20
140.648854
70
0
0
VERTEX
8
Layer 1
10
193.330238
20
140.810949
70
0
0
VERTEX
8
Layer 1
10
192.887326
20
141.253802
70
0
0
VERTEX
8
Layer 1
10
192.725208
20
141.858750
70
0
0
SEQEND
8
Layer 1
0
POLYLINE
8
Layer 1
62
7
70
0
10
0.000000
20
0.000000
66
1
0
VERTEX
8
Layer 1
10
222.237450
20
123.075102
70
0
0
VERTEX
8
Layer 1
10
221.476267
20
123.151826
70
0
0
VERTEX
8
Layer 1
10
220.767299
20
123.371872
70
0
0
VERTEX
8
Layer 1
10
219.566758
20
124.181191
70
0
0
VERTEX
8
Layer 1
10
218.757331
20
125.381571
70
0
0
VERTEX
8
Layer 1
10
218.537255
20
126.090445
70
0
0
VERTEX
8
Layer 1
10
218.460522
20
126.851525
70
0
0
VERTEX
8
Layer 1
10
218.537255
20
127.612606
70
0
0
VERTEX
8
Layer 1
10
218.757331
20
128.321480
70
0
0
VERTEX
8
Layer 1
10
219.566758
20
129.521860
70
0
0
VERTEX
8
Layer 1
10
220.767299
20
130.331178
70
0
0
VERTEX
8
Layer 1
10
221.476267
20
130.551225
70
0
0
VERTEX
8
Layer 1
10
222.237450
20
130.627949
70
0
0
SEQEND
8
Layer 1
0
POLYLINE
8
Layer 1
62
7
70
0
10
0.000000
20
0.000000
66
1
0
VERTEX
8
Layer 1
10
192.351200
20
131.376009
70
0
0
VERTEX
8
Layer 1
10
193.502774
20
131.223252
70
0
0
VERTEX
8
Layer 1
10
194.557977
20
130.784784
70
0
0
VERTEX
8
Layer 1
10
195.465354
20
130.090308
70
0
0
VERTEX
8
Layer 1
10
196.173450
20
129.169527
70
0
0
VERTEX
8
Layer 1
10
196.616928
20
128.095990
70
0
0
VERTEX
8
Layer 1
10
196.764754
20
126.963046
70
0
0
VERTEX
8
Layer 1
10
196.616928
20
125.830102
70
0
0
VERTEX
8
Layer 1
10
196.173450
20
124.756565
70
0
0
VERTEX
8
Layer 1
10
195.465354
20
123.835784
70
0
0
VERTEX
8
Layer 1
10
194.557977
20
123.141308
70
0
0
VERTEX
8
Layer 1
10
193.502774
20
122.702840
70
0
0
VERTEX
8
Layer 1
10
192.351200
20
122.550083
70
0
0
SEQEND
8
Layer 1
0
POLYLINE
8
Layer 1
62
7
70
0
10
0.000000
20
0.000000
66
1
0
VERTEX
8
Layer 1
10
192.351200
20
138.500941
70
0
0
VERTEX
8
Layer 1
10
192.708096
20
138.294915
70
0
0
VERTEX
8
Layer 1
10
192.708096
20
137.882863
70
0
0
VERTEX
8
Layer 1
10
192.351200
20
137.676837
70
0
0
SEQEND
8
Layer 1
0
POLYLINE
8
Layer 1
62
7
70
0
10
0.000000
20
0.000000
66
1
0
VERTEX
8
Layer 1
10
235.002465
20
141.858750
70
0
0
VERTEX
8
Layer 1
10
234.829134
20
141.445945
70
0
0
VERTEX
8
Layer 1
10
234.415176
20
141.275275
70
0
0
VERTEX
8
Layer 1
10
234.001219
20
141.445945
70
0
0
VERTEX
8
Layer 1
10
233.827888
20
141.858750
70
0
0
SEQEND
8
Layer 1
0
POLYLINE
8
Layer 1
62
7
70
0
10
0.000000
20
0.000000
66
1
0
VERTEX
8
Layer 1
10
238.394961
20
141.858750
70
0
0
VERTEX
8
Layer 1
10
238.066698
20
141.699732
70
0
0
VERTEX
8
Layer 1
10
237.125224
20
141.551622
70
0
0
VERTEX
8
Layer 1
10
233.662536
20
141.300818
70
0
0
VERTEX
8
Layer 1
10
222.237450
20
141.069715
70
0
0
SEQEND
8
Layer 1
0
POLYLINE
8
Layer 1
62
7
70
0
10
0.000000
20
0.000000
66
1
0
VERTEX
8
Layer 1
10
222.237450
20
123.075102
70
0
0
VERTEX
8
Layer 1
10
227.202700
20
122.859875
70
0
0
VERTEX
8
Layer 1
10
231.931867
20
122.230272
70
0
0
VERTEX
8
Layer 1
10
236.292063
20
121.210407
70
0
0
VERTEX
8
Layer 1
10
240.150397
20
119.824397
70
0
0
VERTEX
8
Layer 1
10
241.833218
20
119.010326
70
0
0
VERTEX
8
Layer 1
10
243.313986
20
118.134010
70
0
0
VERTEX
8
Layer 1
10
244.585822
20
117.202726
70
0
0
VERTEX
8
Layer 1
10
245.641844
20
116.223751
70
0
0
VERTEX
8
Layer 1
10
246.475171
20
115.204364
70
0
0
VERTEX
8
Layer 1
10
247.078924
20
114.151841
70
0
0
VERTEX
8
Layer 1
10
247.446222
20
113.073460
70
0
0
VERTEX
8
Layer 1
10
247.570183
20
111.976500
70
0
0
SEQEND
8
Layer 1
0
POLYLINE
8
Layer 1
62
7
70
0
10
0.000000
20
0.000000
66
1
0
VERTEX
8
Layer 1
10
222.237450
20
116.065874
70
0
0
VERTEX
8
Layer 1
10
224.700679
20
115.986572
70
0
0
VERTEX
8
Layer 1
10
227.046789
20
115.754589
70
0
0
VERTEX
8
Layer 1
10
229.209854
20
115.378811
70
0
0
VERTEX
8
Layer 1
10
231.123949
20
114.868124
70
0
0
VERTEX
8
Layer 1
10
232.693385
20
114.245287
70
0
0
VERTEX
8
Layer 1
10
233.848220
20
113.541436
70
0
0
VERTEX
8
Layer 1
10
234.561147
20
112.778023
70
0
0
VERTEX
8
Layer 1
10
234.804857
20
111.976500
70
0
0
SEQEND
8
Layer 1
0
POLYLINE
8
Layer 1
62
7
70
0
10
0.000000
20
0.000000
66
1
0
VERTEX
8
Layer 1
10
238.650070
20
141.858750
70
0
0
VERTEX
8
Layer 1
10
238.569758
20
140.748723
70
0
0
VERTEX
8
Layer 1
10
238.331792
20
139.657498
70
0
0
VERTEX
8
Layer 1
10
237.400734
20
137.560908
70
0
0
VERTEX
8
Layer 1
10
235.892557
20
135.627896
70
0
0
VERTEX
8
Layer 1
10
233.842925
20
133.917374
70
0
0
VERTEX
8
Layer 1
10
231.343180
20
132.514855
70
0
0
VERTEX
8
Layer 1
10
228.518288
20
131.482842
70
0
0
VERTEX
8
Layer 1
10
225.454345
20
130.845739
70
0
0
VERTEX
8
Layer 1
10
222.237450
20
130.627949
70
0
0
SEQEND
8
Layer 1
0
POLYLINE
8
Layer 1
62
7
70
0
10
0.000000
20
0.000000
66
1
0
VERTEX
8
Layer 1
10
26.401509
20
82.094250
70
0
0
VERTEX
8
Layer 1
10
26.540169
20
82.231083
70
0
0
VERTEX
8
Layer 1
10
26.678829
20
82.094250
70
0
0
SEQEND
8
Layer 1
0
POLYLINE
8
Layer 1
62
7
70
0
10
0.000000
20
0.000000
66
1
0
VERTEX
8
Layer 1
10
42.919950
20
84.879873
70
0
0
VERTEX
8
Layer 1
10
41.368504
20
85.012466
70
0
0
VERTEX
8
Layer 1
10
39.843336
20
85.405338
70
0
0
VERTEX
8
Layer 1
10
38.354739
20
86.051130
70
0
0
VERTEX
8
Layer 1
10
36.913005
20
86.942481
70
0
0
VERTEX
8
Layer 1
10
35.528428
20
88.072033
70
0
0
VERTEX
8
Layer 1
10
34.211300
20
89.432425
70
0
0
VERTEX
8
Layer 1
10
32.971914
20
91.016298
70
0
0
VERTEX
8
Layer 1
10
31.820563
20
92.816292
70
0
0
VERTEX
8
Layer 1
10
30.777838
20
94.803800
70
0
0
VERTEX
8
Layer 1
10
29.860310
20
96.943278
70
0
0
VERTEX
8
Layer 1
10
29.072244
20
99.216957
70
0
0
VERTEX
8
Layer 1
10
28.417902
20
101.607070
70
0
0
VERTEX
8
Layer 1
10
27.901547
20
104.095848
70
0
0
VERTEX
8
Layer 1
10
27.527444
20
106.665525
70
0
0
VERTEX
8
Layer 1
10
27.299856
20
109.298331
70
0
0
VERTEX
8
Layer 1
10
27.223046
20
111.976500
70
0
0
SEQEND
8
Layer 1
0
POLYLINE
8
Layer 1
62
7
70
0
10
0.000000
20
0.000000
66
1
0
VERTEX
8
Layer 1
10
42.919950
20
91.394562
70
0
0
VERTEX
8
Layer 1
10
41.587786
20
91.663478
70
0
0
VERTEX
8
Layer 1
10
40.499927
20
92.396835
70
0
0
VERTEX
8
Layer 1
10
39.766472
20
93.484548
70
0
0
VERTEX
8
Layer 1
10
39.497520
20
94.816534
70
0
0
VERTEX
8
Layer 1
10
39.766472
20
96.148520
70
0
0
VERTEX
8
Layer 1
10
40.499927
20
97.236234
70
0
0
VERTEX
8
Layer 1
10
41.587786
20
97.969590
70
0
0
VERTEX
8
Layer 1
10
42.919950
20
98.238506
70
0
0
SEQEND
8
Layer 1
0
POLYLINE
8
Layer 1
62
7
70
0
10
0.000000
20
0.000000
66
1
0
VERTEX
8
Layer 1
10
41.236446
20
111.976500
70
0
0
VERTEX
8
Layer 1
10
41.108756
20
111.014156
70
0
0
VERTEX
8
Layer 1
10
40.742240
20
110.132347
70
0
0
VERTEX
8
Layer 1
10
40.161727
20
109.374073
70
0
0
VERTEX
8
Layer 1
10
39.392046
20
108.782333
70
0
0
VERTEX
8
Layer 1
10
38.494675
20
108.411728
70
0
0
VERTEX
8
Layer 1
10
37.547646
20
108.288194
70
0
0
VERTEX
8
Layer 1
10
36.600616
20
108.411728
70
0
0
VERTEX
8
Layer 1
10
35.703245
20
108.782333
70
0
0
VERTEX
8
Layer 1
10
34.933564
20
109.374073
70
0
0
VERTEX
8
Layer 1
10
34.353051
20
110.132347
70
0
0
VERTEX
8
Layer 1
10
33.986535
20
111.014156
70
0
0
VERTEX
8
Layer 1
10
33.858845
20
111.976500
70
0
0
SEQEND
8
Layer 1
0
POLYLINE
8
Layer 1
62
7
70
0
10
0.000000
20
0.000000
66
1
0
VERTEX
8
Layer 1
10
30.190296
20
82.094250
70
0
0
VERTEX
8
Layer 1
10
30.437153
20
82.636455
70
0
0
VERTEX
8
Layer 1
10
31.159284
20
83.152879
70
0
0
VERTEX
8
Layer 1
10
32.329028
20
83.629012
70
0
0
VERTEX
8
Layer 1
10
33.918726
20
84.050342
70
0
0
VERTEX
8
Layer 1
10
38.048522
20
84.650007
70
0
0
VERTEX
8
Layer 1
10
42.919950
20
84.860581
70
0
0
SEQEND
8
Layer 1
0
POLYLINE
8
Layer 1
62
7
70
0
10
0.000000
20
0.000000
66
1
0
VERTEX
8
Layer 1
10
32.419452
20
82.094250
70
0
0
VERTEX
8
Layer 1
10
32.569792
20
83.227301
70
0
0
VERTEX
8
Layer 1
10
33.001323
20
84.265530
70
0
0
VERTEX
8
Layer 1
10
33.684811
20
85.158311
70
0
0
VERTEX
8
Layer 1
10
34.591023
20
85.855018
70
0
0
VERTEX
8
Layer 1
10
35.647575
20
86.291362
70
0
0
VERTEX
8
Layer 1
10
36.762594
20
86.436810
70
0
0
VERTEX
8
Layer 1
10
37.877612
20
86.291362
70
0
0
VERTEX
8
Layer 1
10
38.934164
20
85.855018
70
0
0
VERTEX
8
Layer 1
10
39.840376
20
85.158311
70
0
0
VERTEX
8
Layer 1
10
40.523864
20
84.265530
70
0
0
VERTEX
8
Layer 1
10
40.955395
20
83.227301
70
0
0
VERTEX
8
Layer 1
10
41.105735
20
82.094250
70
0
0
SEQEND
8
Layer 1
0
POLYLINE
8
Layer 1
62
7
70
0
10
0.000000
20
0.000000
66
1
0
VERTEX
8
Layer 1
10
17.473362
20
82.094250
70
0
0
VERTEX
8
Layer 1
10
17.710406
20
92.659221
70
0
0
VERTEX
8
Layer 1
10
17.972969
20
95.898050
70
0
0
VERTEX
8
Layer 1
10
18.124054
20
96.745633
70
0
0
VERTEX
8
Layer 1
10
18.282682
20
97.035375
70
0
0
SEQEND
8
Layer 1
0
POLYLINE
8
Layer 1
62
7
70
0
10
0.000000
20
0.000000
66
1
0
VERTEX
8
Layer 1
10
19.092002
20
111.976500
70
0
0
VERTEX
8
Layer 1
10
18.854957
20
101.411529
70
0
0
VERTEX
8
Layer 1
10
18.592395
20
98.172700
70
0
0
VERTEX
8
Layer 1
10
18.441310
20
97.325117
70
0
0
VERTEX
8
Layer 1
10
18.282682
20
97.035375
70
0
0
SEQEND
8
Layer 1
0
POLYLINE
8
Layer 1
62
7
70
0
10
0.000000
20
0.000000
66
1
0
VERTEX
8
Layer 1
10
60.567422
20
111.976500
70
0
0
VERTEX
8
Layer 1
10
60.411195
20
111.214724
70
0
0
VERTEX
8
Layer 1
10
59.990067
20
110.593082
70
0
0
VERTEX
8
Layer 1
10
59.366875
20
110.174182
70
0
0
VERTEX
8
Layer 1
10
58.604457
20
110.020636
70
0
0
VERTEX
8
Layer 1
10
57.842039
20
110.174182
70
0
0
VERTEX
8
Layer 1
10
57.218847
20
110.593082
70
0
0
VERTEX
8
Layer 1
10
56.797719
20
111.214724
70
0
0
VERTEX
8
Layer 1
10
56.641492
20
111.976500
70
0
0
SEQEND
8
Layer 1
0
POLYLINE
8
Layer 1
62
7
70
0
10
0.000000
20
0.000000
66
1
0
VERTEX
8
Layer 1
10
68.214405
20
111.976500
70
0
0
VERTEX
8
Layer 1
10
68.117691
20
111.615606
70
0
0
VERTEX
8
Layer 1
10
67.853463
20
111.351413
70
0
0
VERTEX
8
Layer 1
10
67.492520
20
111.254712
70
0
0
VERTEX
8
Layer 1
10
67.131578
20
111.351413
70
0
0
VERTEX
8
Layer 1
10
66.867350
20
111.615606
70
0
0
VERTEX
8
Layer 1
10
66.770636
20
111.976500
70
0
0
SEQEND
8
Layer 1
0
POLYLINE
8
Layer 1
62
7
70
0
10
0.000000
20
0.000000
66
1
0
VERTEX
8
Layer 1
10
42.919950
20
98.238506
70
0
0
VERTEX
8
Layer 1
10
44.460977
20
98.159507
70
0
0
VERTEX
8
Layer 1
10
45.975903
20
97.925432
70
0
0
VERTEX
8
Layer 1
10
47.454503
20
97.540668
70
0
0
VERTEX
8
Layer 1
10
48.886555
20
97.009598
70
0
0
VERTEX
8
Layer 1
10
50.261834
20
96.336607
70
0
0
VERTEX
8
Layer 1
10
51.570116
20
95.526081
70
0
0
VERTEX
8
Layer 1
10
52.801179
20
94.582405
70
0
0
VERTEX
8
Layer 1
10
53.944798
20
93.509963
70
0
0
VERTEX
8
Layer 1
10
54.980520
20
92.325799
70
0
0
VERTEX
8
Layer 1
10
55.891886
20
91.051091
70
0
0
VERTEX
8
Layer 1
10
56.674660
20
89.696426
70
0
0
VERTEX
8
Layer 1
10
57.324608
20
88.272389
70
0
0
VERTEX
8
Layer 1
10
58.209085
20
85.258546
70
0
0
VERTEX
8
Layer 1
10
58.435145
20
83.689911
70
0
0
VERTEX
8
Layer 1
10
58.511439
20
82.094250
70
0
0
SEQEND
8
Layer 1
0
POLYLINE
8
Layer 1
62
7
70
0
10
0.000000
20
0.000000
66
1
0
VERTEX
8
Layer 1
10
42.919950
20
91.394539
70
0
0
VERTEX
8
Layer 1
10
44.185194
20
91.136025
70
0
0
VERTEX
8
Layer 1
10
45.217850
20
90.437371
70
0
0
VERTEX
8
Layer 1
10
45.913797
20
89.402965
70
0
0
VERTEX
8
Layer 1
10
46.168917
20
88.137194
70
0
0
VERTEX
8
Layer 1
10
45.913797
20
86.871423
70
0
0
VERTEX
8
Layer 1
10
45.217850
20
85.837017
70
0
0
VERTEX
8
Layer 1
10
44.185194
20
85.138363
70
0
0
VERTEX
8
Layer 1
10
42.919950
20
84.879849
70
0
0
SEQEND
8
Layer 1
0
POLYLINE
8
Layer 1
62
7
70
0
10
0.000000
20
0.000000
66
1
0
VERTEX
8
Layer 1
10
42.919950
20
84.860581
70
0
0
VERTEX
8
Layer 1
10
45.179493
20
84.650007
70
0
0
VERTEX
8
Layer 1
10
47.095041
20
84.050342
70
0
0
VERTEX
8
Layer 1
10
47.832401
20
83.629012
70
0
0
VERTEX
8
Layer 1
10
48.374970
20
83.152879
70
0
0
VERTEX
8
Layer 1
10
48.709920
20
82.636455
70
0
0
VERTEX
8
Layer 1
10
48.824421
20
82.094250
70
0
0
SEQEND
8
Layer 1
0
POLYLINE
8
Layer 1
62
7
70
0
10
0.000000
20
0.000000
66
1
0
VERTEX
8
Layer 1
10
72.806200
20
84.860964
70
0
0
VERTEX
8
Layer 1
10
72.050875
20
84.961158
70
0
0
VERTEX
8
Layer 1
10
71.358761
20
85.248752
70
0
0
VERTEX
8
Layer 1
10
70.763607
20
85.704263
70
0
0
VERTEX
8
Layer 1
10
70.299162
20
86.308209
70
0
0
VERTEX
8
Layer 1
10
70.008282
20
87.012349
70
0
0
VERTEX
8
Layer 1
10
69.911322
20
87.755454
70
0
0
VERTEX
8
Layer 1
10
70.008282
20
88.498559
70
0
0
VERTEX
8
Layer 1
10
70.299162
20
89.202699
70
0
0
VERTEX
8
Layer 1
10
70.763607
20
89.806645
70
0
0
VERTEX
8
Layer 1
10
71.358761
20
90.262156
70
0
0
VERTEX
8
Layer 1
10
72.050875
20
90.549750
70
0
0
VERTEX
8
Layer 1
10
72.806200
20
90.649945
70
0
0
SEQEND
8
Layer 1
0
POLYLINE
8
Layer 1
62
7
70
0
10
0.000000
20
0.000000
66
1
0
VERTEX
8
Layer 1
10
72.806200
20
91.355309
70
0
0
VERTEX
8
Layer 1
10
71.206955
20
91.519124
70
0
0
VERTEX
8
Layer 1
10
69.717708
20
91.983619
70
0
0
VERTEX
8
Layer 1
10
68.370278
20
92.716925
70
0
0
VERTEX
8
Layer 1
10
67.196484
20
93.687172
70
0
0
VERTEX
8
Layer 1
10
66.228144
20
94.862491
70
0
0
VERTEX
8
Layer 1
10
65.497078
20
96.211011
70
0
0
VERTEX
8
Layer 1
10
65.035104
20
97.700862
70
0
0
VERTEX
8
Layer 1
10
64.874042
20
99.300175
70
0
0
VERTEX
8
Layer 1
10
65.035104
20
100.899487
70
0
0
VERTEX
8
Layer 1
10
65.497078
20
102.389338
70
0
0
VERTEX
8
Layer 1
10
66.228144
20
103.737858
70
0
0
VERTEX
8
Layer 1
10
67.196484
20
104.913177
70
0
0
VERTEX
8
Layer 1
10
68.370278
20
105.883424
70
0
0
VERTEX
8
Layer 1
10
69.717708
20
106.616730
70
0
0
VERTEX
8
Layer 1
10
71.206955
20
107.081226
70
0
0
VERTEX
8
Layer 1
10
72.806200
20
107.245040
70
0
0
SEQEND
8
Layer 1
0
POLYLINE
8
Layer 1
62
7
70
0
10
0.000000
20
0.000000
66
1
0
VERTEX
8
Layer 1
10
65.837898
20
82.094250
70
0
0
VERTEX
8
Layer 1
10
65.973029
20
87.548847
70
0
0
VERTEX
8
Layer 1
10
66.368328
20
92.744095
70
0
0
VERTEX
8
Layer 1
10
67.008655
20
97.534008
70
0
0
VERTEX
8
Layer 1
10
67.878866
20
101.772598
70
0
0
VERTEX
8
Layer 1
10
68.940183
20
105.247973
70
0
0
VERTEX
8
Layer 1
10
70.139546
20
107.805251
70
0
0
VERTEX
8
Layer 1
10
70.779573
20
108.720707
70
0
0
VERTEX
8
Layer 1
10
71.440403
20
109.383962
70
0
0
VERTEX
8
Layer 1
10
72.117469
20
109.787459
70
0
0
VERTEX
8
Layer 1
10
72.806200
20
109.923637
70
0
0
SEQEND
8
Layer 1
0
POLYLINE
8
Layer 1
62
7
70
0
10
0.000000
20
0.000000
66
1
0
VERTEX
8
Layer 1
10
67.717002
20
82.094250
70
0
0
VERTEX
8
Layer 1
10
67.820396
20
87.417669
70
0
0
VERTEX
8
Layer 1
10
68.116936
20
92.375918
70
0
0
VERTEX
8
Layer 1
10
68.586157
20
96.862780
70
0
0
VERTEX
8
Layer 1
10
69.207594
20
100.772037
70
0
0
VERTEX
8
Layer 1
10
69.960781
20
103.997468
70
0
0
VERTEX
8
Layer 1
10
70.825254
20
106.432856
70
0
0
VERTEX
8
Layer 1
10
71.780549
20
107.971983
70
0
0
VERTEX
8
Layer 1
10
72.285859
20
108.372255
70
0
0
VERTEX
8
Layer 1
10
72.806200
20
108.508629
70
0
0
SEQEND
8
Layer 1
0
POLYLINE
8
Layer 1
62
7
70
0
10
0.000000
20
0.000000
66
1
0
VERTEX
8
Layer 1
10
83.745954
20
111.976500
70
0
0
VERTEX
8
Layer 1
10
83.734334
20
111.964882
70
0
0
VERTEX
8
Layer 1
10
83.722715
20
111.976500
70
0
0
SEQEND
8
Layer 1
0
POLYLINE
8
Layer 1
62
7
70
0
10
0.000000
20
0.000000
66
1
0
VERTEX
8
Layer 1
10
78.180656
20
111.976500
70
0
0
VERTEX
8
Layer 1
10
78.071466
20
107.678455
70
0
0
VERTEX
8
Layer 1
10
77.758305
20
103.675242
70
0
0
VERTEX
8
Layer 1
10
77.262784
20
100.052620
70
0
0
VERTEX
8
Layer 1
10
76.606514
20
96.896348
70
0
0
VERTEX
8
Layer 1
10
75.811110
20
94.292185
70
0
0
VERTEX
8
Layer 1
10
74.898181
20
92.325891
70
0
0
VERTEX
8
Layer 1
10
73.889340
20
91.083224
70
0
0
VERTEX
8
Layer 1
10
73.355707
20
90.760051
70
0
0
VERTEX
8
Layer 1
10
72.806200
20
90.649945
70
0
0
SEQEND
8
Layer 1
0
POLYLINE
8
Layer 1
62
7
70
0
10
0.000000
20
0.000000
66
1
0
VERTEX
8
Layer 1
10
78.056688
20
111.976500
70
0
0
VERTEX
8
Layer 1
10
77.954869
20
111.296793
70
0
0
VERTEX
8
Layer 1
10
77.657019
20
110.649403
70
0
0
VERTEX
8
Layer 1
10
77.174544
20
110.052523
70
0
0
VERTEX
8
Layer 1
10
76.518856
20
109.524345
70
0
0
VERTEX
8
Layer 1
10
74.815475
20
108.772605
70
0
0
VERTEX
8
Layer 1
10
72.806200
20
108.508629
70
0
0
SEQEND
8
Layer 1
0
POLYLINE
8
Layer 1
62
7
70
0
10
0.000000
20
0.000000
66
1
0
VERTEX
8
Layer 1
10
76.363214
20
111.976500
70
0
0
VERTEX
8
Layer 1
10
76.092452
20
111.190903
70
0
0
VERTEX
8
Layer 1
10
75.321388
20
110.524907
70
0
0
VERTEX
8
Layer 1
10
74.167410
20
110.079902
70
0
0
VERTEX
8
Layer 1
10
72.806200
20
109.923637
70
0
0
SEQEND
8
Layer 1
0
POLYLINE
8
Layer 1
62
7
70
0
10
0.000000
20
0.000000
66
1
0
VERTEX
8
Layer 1
10
72.806200
20
107.245040
70
0
0
VERTEX
8
Layer 1
10
74.405445
20
107.081226
70
0
0
VERTEX
8
Layer 1
10
75.894692
20
106.616730
70
0
0
VERTEX
8
Layer 1
10
77.242122
20
105.883424
70
0
0
VERTEX
8
Layer 1
10
78.415916
20
104.913177
70
0
0
VERTEX
8
Layer 1
10
79.384256
20
103.737858
70
0
0
VERTEX
8
Layer 1
10
80.115322
20
102.389338
70
0
0
VERTEX
8
Layer 1
10
80.577296
20
100.899487
70
0
0
VERTEX
8
Layer 1
10
80.738358
20
99.300175
70
0
0
VERTEX
8
Layer 1
10
80.577296
20
97.700862
70
0
0
VERTEX
8
Layer 1
10
80.115322
20
96.211011
70
0
0
VERTEX
8
Layer 1
10
79.384256
20
94.862491
70
0
0
VERTEX
8
Layer 1
10
78.415916
20
93.687172
70
0
0
VERTEX
8
Layer 1
10
77.242122
20
92.716925
70
0
0
VERTEX
8
Layer 1
10
75.894692
20
91.983619
70
0
0
VERTEX
8
Layer 1
10
74.405445
20
91.519124
70
0
0
VERTEX
8
Layer 1
10
72.806200
20
91.355309
70
0
0
SEQEND
8
Layer 1
0
POLYLINE
8
Layer 1
62
7
70
0
10
0.000000
20
0.000000
66
1
0
VERTEX
8
Layer 1
10
72.806200
20
84.860964
70
0
0
VERTEX
8
Layer 1
10
76.523802
20
84.650360
70
0
0
VERTEX
8
Layer 1
10
79.675432
20
84.050612
70
0
0
VERTEX
8
Layer 1
10
80.888601
20
83.629224
70
0
0
VERTEX
8
Layer 1
10
81.781284
20
83.153026
70
0
0
VERTEX
8
Layer 1
10
82.332374
20
82.636530
70
0
0
VERTEX
8
Layer 1
10
82.520761
20
82.094250
70
0
0
SEQEND
8
Layer 1
0
POLYLINE
8
Layer 1
62
7
70
0
10
0.000000
20
0.000000
66
1
0
VERTEX
8
Layer 1
10
102.692450
20
90.242422
70
0
0
VERTEX
8
Layer 1
10
100.757073
20
90.440379
70
0
0
VERTEX
8
Layer 1
10
98.954782
20
91.002263
70
0
0
VERTEX
8
Layer 1
10
97.324092
20
91.889502
70
0
0
VERTEX
8
Layer 1
10
95.903520
20
93.063523
70
0
0
VERTEX
8
Layer 1
10
94.731584
20
94.485754
70
0
0
VERTEX
8
Layer 1
10
93.846799
20
96.117623
70
0
0
VERTEX
8
Layer 1
10
93.287682
20
97.920557
70
0
0
VERTEX
8
Layer 1
10
93.092751
20
99.855984
70
0
0
VERTEX
8
Layer 1
10
93.287682
20
101.791412
70
0
0
VERTEX
8
Layer 1
10
93.846799
20
103.594346
70
0
0
VERTEX
8
Layer 1
10
94.731584
20
105.226215
70
0
0
VERTEX
8
Layer 1
10
95.903520
20
106.648446
70
0
0
VERTEX
8
Layer 1
10
97.324092
20
107.822467
70
0
0
VERTEX
8
Layer 1
10
98.954782
20
108.709706
70
0
0
VERTEX
8
Layer 1
10
100.757073
20
109.271589
70
0
0
VERTEX
8
Layer 1
10
102.692450
20
109.469547
70
0
0
SEQEND
8
Layer 1
0
POLYLINE
8
Layer 1
62
7
70
0
10
0.000000
20
0.000000
66
1
0
VERTEX
8
Layer 1
10
102.692450
20
94.890953
70
0
0
VERTEX
8
Layer 1
10
101.620221
20
95.033185
70
0
0
VERTEX
8
Layer 1
10
100.637722
20
95.441442
70
0
0
VERTEX
8
Layer 1
10
99.792865
20
96.088068
70
0
0
VERTEX
8
Layer 1
10
99.133558
20
96.945406
70
0
0
VERTEX
8
Layer 1
10
98.720636
20
97.944975
70
0
0
VERTEX
8
Layer 1
10
98.582995
20
98.999858
70
0
0
VERTEX
8
Layer 1
10
98.720636
20
100.054741
70
0
0
VERTEX
8
Layer 1
10
99.133558
20
101.054311
70
0
0
VERTEX
8
Layer 1
10
99.792865
20
101.911648
70
0
0
VERTEX
8
Layer 1
10
100.637722
20
102.558274
70
0
0
VERTEX
8
Layer 1
10
101.620221
20
102.966531
70
0
0
VERTEX
8
Layer 1
10
102.692450
20
103.108763
70
0
0
SEQEND
8
Layer 1
0
POLYLINE
8
Layer 1
62
7
70
0
10
0.000000
20
0.000000
66
1
0
VERTEX
8
Layer 1
10
102.692450
20
96.178758
70
0
0
VERTEX
8
Layer 1
10
102.104368
20
96.425085
70
0
0
VERTEX
8
Layer 1
10
101.861157
20
97.014398
70
0
0
VERTEX
8
Layer 1
10
102.104368
20
97.603710
70
0
0
VERTEX
8
Layer 1
10
102.692450
20
97.850037
70
0
0
SEQEND
8
Layer 1
0
POLYLINE
8
Layer 1
62
7
70
0
10
0.000000
20
0.000000
66
1
0
VERTEX
8
Layer 1
10
102.692450
20
90.724722
70
0
0
VERTEX
8
Layer 1
10
100.815838
20
90.913875
70
0
0
VERTEX
8
Layer 1
10
99.067956
20
91.456376
70
0
0
VERTEX
8
Layer 1
10
97.486247
20
92.314784
70
0
0
VERTEX
8
Layer 1
10
96.108155
20
93.451661
70
0
0
VERTEX
8
Layer 1
10
94.971126
20
94.829568
70
0
0
VERTEX
8
Layer 1
10
94.112603
20
96.411065
70
0
0
VERTEX
8
Layer 1
10
93.570030
20
98.158714
70
0
0
VERTEX
8
Layer 1
10
93.380851
20
100.035075
70
0
0
VERTEX
8
Layer 1
10
93.570030
20
101.911436
70
0
0
VERTEX
8
Layer 1
10
94.112603
20
103.659084
70
0
0
VERTEX
8
Layer 1
10
94.971126
20
105.240581
70
0
0
VERTEX
8
Layer 1
10
96.108155
20
106.618488
70
0
0
VERTEX
8
Layer 1
10
97.486247
20
107.755365
70
0
0
VERTEX
8
Layer 1
10
99.067956
20
108.613774
70
0
0
VERTEX
8
Layer 1
10
100.815838
20
109.156274
70
0
0
VERTEX
8
Layer 1
10
102.692450
20
109.345428
70
0
0
SEQEND
8
Layer 1
0
POLYLINE
8
Layer 1
62
7
70
0
10
0.000000
20
0.000000
66
1
0
VERTEX
8
Layer 1
10
102.692450
20
91.106880
70
0
0
VERTEX
8
Layer 1
10
101.207741
20
91.256531
70
0
0
VERTEX
8
Layer 1
10
99.824878
20
91.685739
70
0
0
VERTEX
8
Layer 1
10
98.573486
20
92.364881
70
0
0
VERTEX
8
Layer 1
10
97.483189
20
93.264338
70
0
0
VERTEX
8
Layer 1
10
96.583611
20
94.354489
70
0
0
VERTEX
8
Layer 1
10
95.904378
20
95.605714
70
0
0
VERTEX
8
Layer 1
10
95.475113
20
96.988392
70
0
0
VERTEX
8
Layer 1
10
95.325442
20
98.472902
70
0
0
VERTEX
8
Layer 1
10
95.475113
20
99.957413
70
0
0
VERTEX
8
Layer 1
10
95.904378
20
101.340091
70
0
0
VERTEX
8
Layer 1
10
96.583611
20
102.591316
70
0
0
VERTEX
8
Layer 1
10
97.483189
20
103.681467
70
0
0
VERTEX
8
Layer 1
10
98.573486
20
104.580924
70
0
0
VERTEX
8
Layer 1
10
99.824878
20
105.260066
70
0
0
VERTEX
8
Layer 1
10
101.207741
20
105.689273
70
0
0
VERTEX
8
Layer 1
10
102.692450
20
105.838925
70
0
0
SEQEND
8
Layer 1
0
POLYLINE
8
Layer 1
62
7
70
0
10
0.000000
20
0.000000
66
1
0
VERTEX
8
Layer 1
10
101.971522
20
111.976500
70
0
0
VERTEX
8
Layer 1
10
101.876760
20
111.747756
70
0
0
VERTEX
8
Layer 1
10
101.647985
20
111.653007
70
0
0
VERTEX
8
Layer 1
10
101.419210
20
111.747756
70
0
0
VERTEX
8
Layer 1
10
101.324449
20
111.976500
70
0
0
SEQEND
8
Layer 1
0
POLYLINE
8
Layer 1
62
7
70
0
10
0.000000
20
0.000000
66
1
0
VERTEX
8
Layer 1
10
90.483558
20
82.094250
70
0
0
VERTEX
8
Layer 1
10
90.720316
20
87.601044
70
0
0
VERTEX
8
Layer 1
10
91.412905
20
92.846008
70
0
0
VERTEX
8
Layer 1
10
92.534795
20
97.681757
70
0
0
VERTEX
8
Layer 1
10
94.059460
20
101.960908
70
0
0
VERTEX
8
Layer 1
10
94.954969
20
103.827269
70
0
0
VERTEX
8
Layer 1
10
95.918951
20
105.469541
70
0
0
VERTEX
8
Layer 1
10
96.943399
20
106.880091
70
0
0
VERTEX
8
Layer 1
10
98.020309
20
108.051290
70
0
0
VERTEX
8
Layer 1
10
99.141675
20
108.975506
70
0
0
VERTEX
8
Layer 1
10
100.299491
20
109.645109
70
0
0
VERTEX
8
Layer 1
10
101.485751
20
110.052466
70
0
0
VERTEX
8
Layer 1
10
102.692450
20
110.189948
70
0
0
SEQEND
8
Layer 1
0
POLYLINE
8
Layer 1
62
7
70
0
10
0.000000
20
0.000000
66
1
0
VERTEX
8
Layer 1
10
99.167403
20
82.094250
70
0
0
VERTEX
8
Layer 1
10
99.435731
20
82.628541
70
0
0
VERTEX
8
Layer 1
10
100.199865
20
83.081492
70
0
0
VERTEX
8
Layer 1
10
101.343473
20
83.384143
70
0
0
VERTEX
8
Layer 1
10
102.692450
20
83.490420
70
0
0
SEQEND
8
Layer 1
0
POLYLINE
8
Layer 1
62
7
70
0
10
0.000000
20
0.000000
66
1
0
VERTEX
8
Layer 1
10
84.698465
20
82.094250
70
0
0
VERTEX
8
Layer 1
10
84.801462
20
85.022739
70
0
0
VERTEX
8
Layer 1
10
85.102761
20
87.811987
70
0
0
VERTEX
8
Layer 1
10
85.590821
20
90.383615
70
0
0
VERTEX
8
Layer 1
10
86.254100
20
92.659245
70
0
0
VERTEX
8
Layer 1
10
87.063039
20
94.525114
70
0
0
VERTEX
8
Layer 1
10
87.977198
20
95.898069
70
0
0
VERTEX
8
Layer 1
10
88.968716
20
96.745644
70
0
0
VERTEX
8
Layer 1
10
90.009730
20
97.035375
70
0
0
SEQEND
8
Layer 1
0
POLYLINE
8
Layer 1
62
7
70
0
10
0.000000
20
0.000000
66
1
0
VERTEX
8
Layer 1
10
95.320971
20
111.976500
70
0
0
VERTEX
8
Layer 1
10
95.217974
20
109.048020
70
0
0
VERTEX
8
Layer 1
10
94.916676
20
106.258779
70
0
0
VERTEX
8
Layer 1
10
94.428620
20
103.687156
70
0
0
VERTEX
8
Layer 1
10
93.765344
20
101.411529
70
0
0
VERTEX
8
Layer 1
10
92.956409
20
99.545659
70
0
0
VERTEX
8
Layer 1
10
92.042254
20
98.172700
70
0
0
VERTEX
8
Layer 1
10
91.050740
20
97.325117
70
0
0
VERTEX
8
Layer 1
10
90.009730
20
97.035375
70
0
0
SEQEND
8
Layer 1
0
POLYLINE
8
Layer 1
62
7
70
0
10
0.000000
20
0.000000
66
1
0
VERTEX
8
Layer 1
10
90.175921
20
111.976500
70
0
0
VERTEX
8
Layer 1
10
89.980105
20
110.500714
70
0
0
VERTEX
8
Layer 1
10
89.418041
20
109.148432
70
0
0
VERTEX
8
Layer 1
10
88.527806
20
107.985594
70
0
0
VERTEX
8
Layer 1
10
87.347474
20
107.078142
70
0
0
VERTEX
8
Layer 1
10
85.971327
20
106.509808
70
0
0
VERTEX
8
Layer 1
10
84.519028
20
106.320364
70
0
0
VERTEX
8
Layer 1
10
83.066728
20
106.509808
70
0
0
VERTEX
8
Layer 1
10
81.690581
20
107.078142
70
0
0
VERTEX
8
Layer 1
10
80.510250
20
107.985594
70
0
0
VERTEX
8
Layer 1
10
79.620015
20
109.148432
70
0
0
VERTEX
8
Layer 1
10
79.057951
20
110.500714
70
0
0
VERTEX
8
Layer 1
10
78.862135
20
111.976500
70
0
0
SEQEND
8
Layer 1
0
POLYLINE
8
Layer 1
62
7
70
0
10
0.000000
20
0.000000
66
1
0
VERTEX
8
Layer 1
10
86.260535
20
82.094250
70
0
0
VERTEX
8
Layer 1
10
86.384908
20
85.022730
70
0
0
VERTEX
8
Layer 1
10
86.748734
20
87.811971
70
0
0
VERTEX
8
Layer 1
10
87.338078
20
90.383594
70
0
0
VERTEX
8
Layer 1
10
88.139004
20
92.659221
70
0
0
VERTEX
8
Layer 1
10
89.115820
20
94.525091
70
0
0
VERTEX
8
Layer 1
10
90.219691
20
95.898050
70
0
0
VERTEX
8
Layer 1
10
91.416976
20
96.745633
70
0
0
VERTEX
8
Layer 1
10
92.674029
20
97.035375
70
0
0
SEQEND
8
Layer 1
0
POLYLINE
8
Layer 1
62
7
70
0
10
0.000000
20
0.000000
66
1
0
VERTEX
8
Layer 1
10
99.087499
20
111.976500
70
0
0
VERTEX
8
Layer 1
10
98.957200
20
108.965350
70
0
0
VERTEX
8
Layer 1
10
98.583497
20
106.160753
70
0
0
VERTEX
8
Layer 1
10
97.992180
20
103.622793
70
0
0
VERTEX
8
Layer 1
10
97.209038
20
101.411549
70
0
0
VERTEX
8
Layer 1
10
96.259863
20
99.587104
70
0
0
VERTEX
8
Layer 1
10
95.170443
20
98.209539
70
0
0
VERTEX
8
Layer 1
10
93.966568
20
97.338935
70
0
0
VERTEX
8
Layer 1
10
93.329770
20
97.112520
70
0
0
VERTEX
8
Layer 1
10
92.674029
20
97.035375
70
0
0
SEQEND
8
Layer 1
0
POLYLINE
8
Layer 1
62
7
70
0
10
0.000000
20
0.000000
66
1
0
VERTEX
8
Layer 1
10
132.578700
20
104.718078
70
0
0
VERTEX
8
Layer 1
10
131.864960
20
104.812756
70
0
0
VERTEX
8
Layer 1
10
131.210950
20
105.084516
70
0
0
VERTEX
8
Layer 1
10
130.648562
20
105.514949
70
0
0
VERTEX
8
Layer 1
10
130.209687
20
106.085645
70
0
0
VERTEX
8
Layer 1
10
129.934821
20
106.751018
70
0
0
VERTEX
8
Layer 1
10
129.843200
20
107.453212
70
0
0
VERTEX
8
Layer 1
10
129.934821
20
108.155405
70
0
0
VERTEX
8
Layer 1
10
130.209687
20
108.820779
70
0
0
VERTEX
8
Layer 1
10
130.648562
20
109.391475
70
0
0
VERTEX
8
Layer 1
10
131.210950
20
109.821908
70
0
0
VERTEX
8
Layer 1
10
131.864960
20
110.093668
70
0
0
VERTEX
8
Layer 1
10
132.578700
20
110.188346
70
0
0
SEQEND
8
Layer 1
0
POLYLINE
8
Layer 1
62
7
70
0
10
0.000000
20
0.000000
66
1
0
VERTEX
8
Layer 1
10
132.578700
20
106.532743
70
0
0
VERTEX
8
Layer 1
10
132.334935
20
106.635482
70
0
0
VERTEX
8
Layer 1
10
132.234208
20
106.880058
70
0
0
VERTEX
8
Layer 1
10
132.334935
20
107.124635
70
0
0
VERTEX
8
Layer 1
10
132.578700
20
107.227374
70
0
0
SEQEND
8
Layer 1
0
POLYLINE
8
Layer 1
62
7
70
0
10
0.000000
20
0.000000
66
1
0
VERTEX
8
Layer 1
10
132.541856
20
82.094250
70
0
0
VERTEX
8
Layer 1
10
132.552648
20
90.218544
70
0
0
VERTEX
8
Layer 1
10
132.578700
20
93.583736
70
0
0
SEQEND
8
Layer 1
0
POLYLINE
8
Layer 1
62
7
70
0
10
0.000000
20
0.000000
66
1
0
VERTEX
8
Layer 1
10
114.354925
20
111.976500
70
0
0
VERTEX
8
Layer 1
10
114.128764
20
111.485134
70
0
0
VERTEX
8
Layer 1
10
113.467172
20
111.017130
70
0
0
VERTEX
8
Layer 1
10
112.395493
20
110.585641
70
0
0
VERTEX
8
Layer 1
10
110.939065
20
110.203816
70
0
0
VERTEX
8
Layer 1
10
107.155486
20
109.660377
70
0
0
VERTEX
8
Layer 1
10
102.692450
20
109.469547
70
0
0
SEQEND
8
Layer 1
0
POLYLINE
8
Layer 1
62
7
70
0
10
0.000000
20
0.000000
66
1
0
VERTEX
8
Layer 1
10
112.585349
20
111.976500
70
0
0
VERTEX
8
Layer 1
10
112.393503
20
111.626333
70
0
0
VERTEX
8
Layer 1
10
111.832297
20
111.292816
70
0
0
VERTEX
8
Layer 1
10
109.687786
20
110.713217
70
0
0
VERTEX
8
Layer 1
10
106.478298
20
110.325941
70
0
0
VERTEX
8
Layer 1
10
102.692450
20
110.189948
70
0
0
SEQEND
8
Layer 1
0
POLYLINE
8
Layer 1
62
7
70
0
10
0.000000
20
0.000000
66
1
0
VERTEX
8
Layer 1
10
108.715079
20
111.976500
70
0
0
VERTEX
8
Layer 1
10
108.628127
20
111.321178
70
0
0
VERTEX
8
Layer 1
10
108.378543
20
110.720698
70
0
0
VERTEX
8
Layer 1
10
107.983235
20
110.204341
70
0
0
VERTEX
8
Layer 1
10
107.459110
20
109.801388
70
0
0
VERTEX
8
Layer 1
10
106.848033
20
109.549020
70
0
0
VERTEX
8
Layer 1
10
106.203140
20
109.464897
70
0
0
VERTEX
8
Layer 1
10
105.558247
20
109.549020
70
0
0
VERTEX
8
Layer 1
10
104.947170
20
109.801388
70
0
0
VERTEX
8
Layer 1
10
104.423045
20
110.204341
70
0
0
VERTEX
8
Layer 1
10
104.027737
20
110.720698
70
0
0
VERTEX
8
Layer 1
10
103.778153
20
111.321178
70
0
0
VERTEX
8
Layer 1
10
103.691201
20
111.976500
70
0
0
SEQEND
8
Layer 1
0
POLYLINE
8
Layer 1
62
7
70
0
10
0.000000
20
0.000000
66
1
0
VERTEX
8
Layer 1
10
127.773732
20
111.976500
70
0
0
VERTEX
8
Layer 1
10
127.688947
20
111.154187
70
0
0
VERTEX
8
Layer 1
10
127.449604
20
110.388493
70
0
0
VERTEX
8
Layer 1
10
127.072086
20
109.695761
70
0
0
VERTEX
8
Layer 1
10
126.572777
20
109.092333
70
0
0
VERTEX
8
Layer 1
10
125.968063
20
108.594553
70
0
0
VERTEX
8
Layer 1
10
125.274328
20
108.218762
70
0
0
VERTEX
8
Layer 1
10
124.507955
20
107.981302
70
0
0
VERTEX
8
Layer 1
10
123.685329
20
107.898518
70
0
0
VERTEX
8
Layer 1
10
122.862703
20
107.981302
70
0
0
VERTEX
8
Layer 1
10
122.096330
20
108.218762
70
0
0
VERTEX
8
Layer 1
10
121.402595
20
108.594553
70
0
0
VERTEX
8
Layer 1
10
120.797881
20
109.092333
70
0
0
VERTEX
8
Layer 1
10
120.298572
20
109.695761
70
0
0
VERTEX
8
Layer 1
10
119.921054
20
110.388493
70
0
0
VERTEX
8
Layer 1
10
119.681711
20
111.154187
70
0
0
VERTEX
8
Layer 1
10
119.596926
20
111.976500
70
0
0
SEQEND
8
Layer 1
0
POLYLINE
8
Layer 1
62
7
70
0
10
0.000000
20
0.000000
66
1
0
VERTEX
8
Layer 1
10
127.754988
20
111.976500
70
0
0
VERTEX
8
Layer 1
10
127.481263
20
110.636712
70
0
0
VERTEX
8
Layer 1
10
126.741313
20
109.543200
70
0
0
VERTEX
8
Layer 1
10
125.645710
20
108.806230
70
0
0
VERTEX
8
Layer 1
10
124.305026
20
108.536070
70
0
0
VERTEX
8
Layer 1
10
122.964343
20
108.806230
70
0
0
VERTEX
8
Layer 1
10
121.868740
20
109.543200
70
0
0
VERTEX
8
Layer 1
10
121.128790
20
110.636712
70
0
0
VERTEX
8
Layer 1
10
120.855065
20
111.976500
70
0
0
SEQEND
8
Layer 1
0
POLYLINE
8
Layer 1
62
7
70
0
10
0.000000
20
0.000000
66
1
0
VERTEX
8
Layer 1
10
117.635575
20
93.242911
70
0
0
VERTEX
8
Layer 1
10
117.925356
20
93.661576
70
0
0
VERTEX
8
Layer 1
10
118.773053
20
94.060335
70
0
0
VERTEX
8
Layer 1
10
122.012315
20
94.753313
70
0
0
VERTEX
8
Layer 1
10
126.860214
20
95.216346
70
0
0
VERTEX
8
Layer 1
10
132.578700
20
95.378942
70
0
0
SEQEND
8
Layer 1
0
POLYLINE
8
Layer 1
62
7
70
0
10
0.000000
20
0.000000
66
1
0
VERTEX
8
Layer 1
10
117.635575
20
93.242911
70
0
0
VERTEX
8
Layer 1
10
117.345794
20
92.824246
70
0
0
VERTEX
8
Layer 1
10
116.498097
20
92.425487
70
0
0
VERTEX
8
Layer 1
10
113.258835
20
91.732509
70
0
0
VERTEX
8
Layer 1
10
108.410936
20
91.269476
70
0
0
VERTEX
8
Layer 1
10
102.692450
20
91.106880
70
0
0
SEQEND
8
Layer 1
0
POLYLINE
8
Layer 1
62
7
70
0
10
0.000000
20
0.000000
66
1
0
VERTEX
8
Layer 1
10
102.692450
20
90.724722
70
0
0
VERTEX
8
Layer 1
10
105.620338
20
90.557358
70
0
0
VERTEX
8
Layer 1
10
108.409015
20
90.067766
70
0
0
VERTEX
8
Layer 1
10
110.980118
20
89.274701
70
0
0
VERTEX
8
Layer 1
10
113.255285
20
88.196915
70
0
0
VERTEX
8
Layer 1
10
115.120777
20
86.882440
70
0
0
VERTEX
8
Layer 1
10
116.493459
20
85.396989
70
0
0
VERTEX
8
Layer 1
10
117.340870
20
83.785834
70
0
0
VERTEX
8
Layer 1
10
117.630554
20
82.094250
70
0
0
SEQEND
8
Layer 1
0
POLYLINE
8
Layer 1
62
7
70
0
10
0.000000
20
0.000000
66
1
0
VERTEX
8
Layer 1
10
102.692450
20
90.242422
70
0
0
VERTEX
8
Layer 1
10
104.006718
20
89.977119
70
0
0
VERTEX
8
Layer 1
10
105.079963
20
89.253615
70
0
0
VERTEX
8
Layer 1
10
105.803564
20
88.180513
70
0
0
VERTEX
8
Layer 1
10
106.068903
20
86.866421
70
0
0
VERTEX
8
Layer 1
10
105.803564
20
85.552330
70
0
0
VERTEX
8
Layer 1
10
105.079963
20
84.479228
70
0
0
VERTEX
8
Layer 1
10
104.006718
20
83.755723
70
0
0
VERTEX
8
Layer 1
10
102.692450
20
83.490420
70
0
0
SEQEND
8
Layer 1
0
POLYLINE
8
Layer 1
62
7
70
0
10
0.000000
20
0.000000
66
1
0
VERTEX
8
Layer 1
10
102.692450
20
105.838925
70
0
0
VERTEX
8
Layer 1
10
103.222041
20
105.730010
70
0
0
VERTEX
8
Layer 1
10
103.654150
20
105.437089
70
0
0
VERTEX
8
Layer 1
10
103.945300
20
105.003815
70
0
0
VERTEX
8
Layer 1
10
104.052012
20
104.473844
70
0
0
VERTEX
8
Layer 1
10
103.945300
20
103.943873
70
0
0
VERTEX
8
Layer 1
10
103.654150
20
103.510599
70
0
0
VERTEX
8
Layer 1
10
103.222041
20
103.217678
70
0
0
VERTEX
8
Layer 1
10
102.692450
20
103.108763
70
0
0
SEQEND
8
Layer 1
0
POLYLINE
8
Layer 1
62
7
70
0
10
0.000000
20
0.000000
66
1
0
VERTEX
8
Layer 1
10
117.635575
20
100.514530
70
0
0
VERTEX
8
Layer 1
10
117.925333
20
101.036777
70
0
0
VERTEX
8
Layer 1
10
118.773014
20
101.534194
70
0
0
VERTEX
8
Layer 1
10
120.146149
20
101.992803
70
0
0
VERTEX
8
Layer 1
10
122.012268
20
102.398626
70
0
0
VERTEX
8
Layer 1
10
126.860183
20
102.976221
70
0
0
VERTEX
8
Layer 1
10
132.578700
20
103.179046
70
0
0
SEQEND
8
Layer 1
0
POLYLINE
8
Layer 1
62
7
70
0
10
0.000000
20
0.000000
66
1
0
VERTEX
8
Layer 1
10
117.635575
20
100.514530
70
0
0
VERTEX
8
Layer 1
10
117.345794
20
99.992285
70
0
0
VERTEX
8
Layer 1
10
116.498097
20
99.494872
70
0
0
VERTEX
8
Layer 1
10
115.124955
20
99.036268
70
0
0
VERTEX
8
Layer 1
10
113.258835
20
98.630449
70
0
0
VERTEX
8
Layer 1
10
108.410936
20
98.052859
70
0
0
VERTEX
8
Layer 1
10
102.692450
20
97.850037
70
0
0
SEQEND
8
Layer 1
0
POLYLINE
8
Layer 1
62
7
70
0
10
0.000000
20
0.000000
66
1
0
VERTEX
8
Layer 1
10
102.692450
20
96.178758
70
0
0
VERTEX
8
Layer 1
10
103.014444
20
96.092492
70
0
0
VERTEX
8
Layer 1
10
103.250161
20
95.856807
70
0
0
VERTEX
8
Layer 1
10
103.336439
20
95.534856
70
0
0
VERTEX
8
Layer 1
10
103.250161
20
95.212904
70
0
0
VERTEX
8
Layer 1
10
103.014444
20
94.977220
70
0
0
VERTEX
8
Layer 1
10
102.692450
20
94.890953
70
0
0
SEQEND
8
Layer 1
0
POLYLINE
8
Layer 1
62
7
70
0
10
0.000000
20
0.000000
66
1
0
VERTEX
8
Layer 1
10
115.596496
20
111.976500
70
0
0
VERTEX
8
Layer 1
10
115.334332
20
111.446247
70
0
0
VERTEX
8
Layer 1
10
114.582432
20
110.952368
70
0
0
VERTEX
8
Layer 1
10
113.392688
20
110.505442
70
0
0
VERTEX
8
Layer 1
10
111.816988
20
110.116051
70
0
0
VERTEX
8
Layer 1
10
107.715287
20
109.552190
70
0
0
VERTEX
8
Layer 1
10
102.692450
20
109.345428
70
0
0
SEQEND
8
Layer 1
0
POLYLINE
8
Layer 1
62
7
70
0
10
0.000000
20
0.000000
66
1
0
VERTEX
8
Layer 1
10
132.578700
20
104.344765
70
0
0
VERTEX
8
Layer 1
10
129.812382
20
104.492761
70
0
0
VERTEX
8
Layer 1
10
127.177594
20
104.925696
70
0
0
VERTEX
8
Layer 1
10
124.748373
20
105.626986
70
0
0
VERTEX
8
Layer 1
10
122.598758
20
106.580048
70
0
0
VERTEX
8
Layer 1
10
120.836209
20
107.742409
70
0
0
VERTEX
8
Layer 1
10
119.539277
20
109.055961
70
0
0
VERTEX
8
Layer 1
10
118.738628
20
110.480670
70
0
0
VERTEX
8
Layer 1
10
118.464930
20
111.976500
70
0
0
SEQEND
8
Layer 1
0
POLYLINE
8
Layer 1
62
7
70
0
10
0.000000
20
0.000000
66
1
0
VERTEX
8
Layer 1
10
150.209149
20
82.094250
70
0
0
VERTEX
8
Layer 1
10
150.446816
20
82.479287
70
0
0
VERTEX
8
Layer 1
10
151.142066
20
82.846016
70
0
0
VERTEX
8
Layer 1
10
153.798790
20
83.483332
70
0
0
VERTEX
8
Layer 1
10
157.774858
20
83.909174
70
0
0
VERTEX
8
Layer 1
10
162.464950
20
84.058709
70
0
0
SEQEND
8
Layer 1
0
POLYLINE
8
Layer 1
62
7
70
0
10
0.000000
20
0.000000
66
1
0
VERTEX
8
Layer 1
10
159.385088
20
82.094250
70
0
0
VERTEX
8
Layer 1
10
159.494011
20
82.633692
70
0
0
VERTEX
8
Layer 1
10
159.791054
20
83.074206
70
0
0
VERTEX
8
Layer 1
10
160.231627
20
83.371209
70
0
0
VERTEX
8
Layer 1
10
160.771141
20
83.480117
70
0
0
VERTEX
8
Layer 1
10
161.310655
20
83.371209
70
0
0
VERTEX
8
Layer 1
10
161.751228
20
83.074206
70
0
0
VERTEX
8
Layer 1
10
162.048270
20
82.633692
70
0
0
VERTEX
8
Layer 1
10
162.157193
20
82.094250
70
0
0
SEQEND
8
Layer 1
0
POLYLINE
8
Layer 1
62
7
70
0
10
0.000000
20
0.000000
66
1
0
VERTEX
8
Layer 1
10
153.199376
20
111.976500
70
0
0
VERTEX
8
Layer 1
10
153.101404
20
111.238127
70
0
0
VERTEX
8
Layer 1
10
152.820189
20
110.561546
70
0
0
VERTEX
8
Layer 1
10
152.374782
20
109.979748
70
0
0
VERTEX
8
Layer 1
10
151.784232
20
109.525727
70
0
0
VERTEX
8
Layer 1
10
151.095710
20
109.241375
70
0
0
VERTEX
8
Layer 1
10
150.369088
20
109.146591
70
0
0
VERTEX
8
Layer 1
10
149.642466
20
109.241375
70
0
0
VERTEX
8
Layer 1
10
148.953944
20
109.525727
70
0
0
VERTEX
8
Layer 1
10
148.363395
20
109.979748
70
0
0
VERTEX
8
Layer 1
10
147.917987
20
110.561546
70
0
0
VERTEX
8
Layer 1
10
147.636772
20
111.238127
70
0
0
VERTEX
8
Layer 1
10
147.538800
20
111.976500
70
0
0
SEQEND
8
Layer 1
0
POLYLINE
8
Layer 1
62
7
70
0
10
0.000000
20
0.000000
66
1
0
VERTEX
8
Layer 1
10
151.982862
20
111.976500
70
0
0
VERTEX
8
Layer 1
10
151.795632
20
111.524548
70
0
0
VERTEX
8
Layer 1
10
151.343619
20
111.337343
70
0
0
VERTEX
8
Layer 1
10
150.891606
20
111.524548
70
0
0
VERTEX
8
Layer 1
10
150.704376
20
111.976500
70
0
0
SEQEND
8
Layer 1
0
POLYLINE
8
Layer 1
62
7
70
0
10
0.000000
20
0.000000
66
1
0
VERTEX
8
Layer 1
10
162.464950
20
86.155343
70
0
0
VERTEX
8
Layer 1
10
161.675830
20
86.236722
70
0
0
VERTEX
8
Layer 1
10
160.941048
20
86.466374
70
0
0
VERTEX
8
Layer 1
10
159.697224
20
87.307627
70
0
0
VERTEX
8
Layer 1
10
158.858931
20
88.553357
70
0
0
VERTEX
8
Layer 1
10
158.631063
20
89.288606
70
0
0
VERTEX
8
Layer 1
10
158.551622
20
90.077819
70
0
0
VERTEX
8
Layer 1
10
158.631063
20
90.867032
70
0
0
VERTEX
8
Layer 1
10
158.858931
20
91.602281
70
0
0
VERTEX
8
Layer 1
10
159.697224
20
92.848011
70
0
0
VERTEX
8
Layer 1
10
160.941048
20
93.689264
70
0
0
VERTEX
8
Layer 1
10
161.675830
20
93.918916
70
0
0
VERTEX
8
Layer 1
10
162.464950
20
94.000295
70
0
0
SEQEND
8
Layer 1
0
POLYLINE
8
Layer 1
62
7
70
0
10
0.000000
20
0.000000
66
1
0
VERTEX
8
Layer 1
10
162.464950
20
91.082018
70
0
0
VERTEX
8
Layer 1
10
161.768337
20
91.268650
70
0
0
VERTEX
8
Layer 1
10
161.258382
20
91.778537
70
0
0
VERTEX
8
Layer 1
10
161.071725
20
92.475057
70
0
0
VERTEX
8
Layer 1
10
161.258382
20
93.171576
70
0
0
VERTEX
8
Layer 1
10
161.768337
20
93.681464
70
0
0
VERTEX
8
Layer 1
10
162.464950
20
93.868096
70
0
0
SEQEND
8
Layer 1
0
POLYLINE
8
Layer 1
62
7
70
0
10
0.000000
20
0.000000
66
1
0
VERTEX
8
Layer 1
10
162.464950
20
92.946694
70
0
0
VERTEX
8
Layer 1
10
162.147892
20
93.129723
70
0
0
VERTEX
8
Layer 1
10
162.147892
20
93.495781
70
0
0
VERTEX
8
Layer 1
10
162.464950
20
93.678809
70
0
0
SEQEND
8
Layer 1
0
POLYLINE
8
Layer 1
62
7
70
0
10
0.000000
20
0.000000
66
1
0
VERTEX
8
Layer 1
10
147.521825
20
109.033433
70
0
0
VERTEX
8
Layer 1
10
147.825416
20
109.397417
70
0
0
VERTEX
8
Layer 1
10
148.696130
20
109.736433
70
0
0
VERTEX
8
Layer 1
10
151.898565
20
110.310510
70
0
0
VERTEX
8
Layer 1
10
156.648411
20
110.697563
70
0
0
VERTEX
8
Layer 1
10
162.464950
20
110.839492
70
0
0
SEQEND
8
Layer 1
0
POLYLINE
8
Layer 1
62
7
70
0
10
0.000000
20
0.000000
66
1
0
VERTEX
8
Layer 1
10
147.521825
20
109.033433
70
0
0
VERTEX
8
Layer 1
10
147.232044
20
108.679443
70
0
0
VERTEX
8
Layer 1
10
146.384347
20
108.342284
70
0
0
VERTEX
8
Layer 1
10
143.145085
20
107.756356
70
0
0
VERTEX
8
Layer 1
10
138.297186
20
107.364852
70
0
0
VERTEX
8
Layer 1
10
132.578700
20
107.227374
70
0
0
SEQEND
8
Layer 1
0
POLYLINE
8
Layer 1
62
7
70
0
10
0.000000
20
0.000000
66
1
0
VERTEX
8
Layer 1
10
162.464950
20
111.958571
70
0
0
VERTEX
8
Layer 1
10
162.368652
20
111.963822
70
0
0
VERTEX
8
Layer 1
10
162.328764
20
111.976500
70
0
0
SEQEND
8
Layer 1
0
POLYLINE
8
Layer 1
62
7
70
0
10
0.000000
20
0.000000
66
1
0
VERTEX
8
Layer 1
10
141.949163
20
111.976500
70
0
0
VERTEX
8
Layer 1
10
141.875762
20
111.849383
70
0
0
VERTEX
8
Layer 1
10
141.728961
20
111.849383
70
0
0
VERTEX
8
Layer 1
10
141.655561
20
111.976500
70
0
0
SEQEND
8
Layer 1
0
POLYLINE
8
Layer 1
62
7
70
0
10
0.000000
20
0.000000
66
1
0
VERTEX
8
Layer 1
10
143.163477
20
111.976500
70
0
0
VERTEX
8
Layer 1
10
142.991462
20
111.334617
70
0
0
VERTEX
8
Layer 1
10
142.521509
20
110.864727
70
0
0
VERTEX
8
Layer 1
10
141.879540
20
110.692735
70
0
0
VERTEX
8
Layer 1
10
141.237571
20
110.864727
70
0
0
VERTEX
8
Layer 1
10
140.767618
20
111.334617
70
0
0
VERTEX
8
Layer 1
10
140.595603
20
111.976500
70
0
0
SEQEND
8
Layer 1
0
POLYLINE
8
Layer 1
62
7
70
0
10
0.000000
20
0.000000
66
1
0
VERTEX
8
Layer 1
10
156.788619
20
111.976500
70
0
0
VERTEX
8
Layer 1
10
156.319134
20
111.626019
70
0
0
VERTEX
8
Layer 1
10
154.945748
20
111.292203
70
0
0
VERTEX
8
Layer 1
10
149.697698
20
110.712084
70
0
0
VERTEX
8
Layer 1
10
141.843435
20
110.324461
70
0
0
VERTEX
8
Layer 1
10
132.578700
20
110.188346
70
0
0
SEQEND
8
Layer 1
0
POLYLINE
8
Layer 1
62
7
70
0
10
0.000000
20
0.000000
66
1
0
VERTEX
8
Layer 1
10
146.486661
20
111.976500
70
0
0
VERTEX
8
Layer 1
10
146.370578
20
110.846965
70
0
0
VERTEX
8
Layer 1
10
146.042129
20
109.795161
70
0
0
VERTEX
8
Layer 1
10
145.523824
20
108.843548
70
0
0
VERTEX
8
Layer 1
10
144.838174
20
108.014588
70
0
0
VERTEX
8
Layer 1
10
144.007689
20
107.330741
70
0
0
VERTEX
8
Layer 1
10
143.054881
20
106.814471
70
0
0
VERTEX
8
Layer 1
10
142.002261
20
106.488237
70
0
0
VERTEX
8
Layer 1
10
140.872338
20
106.374500
70
0
0
VERTEX
8
Layer 1
10
139.742415
20
106.488237
70
0
0
VERTEX
8
Layer 1
10
138.689794
20
106.814471
70
0
0
VERTEX
8
Layer 1
10
137.736986
20
107.330741
70
0
0
VERTEX
8
Layer 1
10
136.906501
20
108.014588
70
0
0
VERTEX
8
Layer 1
10
136.220851
20
108.843548
70
0
0
VERTEX
8
Layer 1
10
135.702546
20
109.795161
70
0
0
VERTEX
8
Layer 1
10
135.374097
20
110.846965
70
0
0
VERTEX
8
Layer 1
10
135.258014
20
111.976500
70
0
0
SEQEND
8
Layer 1
0
POLYLINE
8
Layer 1
62
7
70
0
10
0.000000
20
0.000000
66
1
0
VERTEX
8
Layer 1
10
132.578700
20
104.718078
70
0
0
VERTEX
8
Layer 1
10
133.844335
20
104.607372
70
0
0
VERTEX
8
Layer 1
10
135.088533
20
104.279350
70
0
0
VERTEX
8
Layer 1
10
136.302897
20
103.740159
70
0
0
VERTEX
8
Layer 1
10
137.479031
20
102.995941
70
0
0
VERTEX
8
Layer 1
10
138.608538
20
102.052843
70
0
0
VERTEX
8
Layer 1
10
139.683022
20
100.917009
70
0
0
VERTEX
8
Layer 1
10
140.694085
20
99.594584
70
0
0
VERTEX
8
Layer 1
10
141.633331
20
98.091712
70
0
0
VERTEX
8
Layer 1
10
143.232461
20
94.645961
70
0
0
VERTEX
8
Layer 1
10
144.409146
20
90.752014
70
0
0
VERTEX
8
Layer 1
10
145.135561
20
86.528550
70
0
0
VERTEX
8
Layer 1
10
145.383882
20
82.094250
70
0
0
SEQEND
8
Layer 1
0
POLYLINE
8
Layer 1
62
7
70
0
10
0.000000
20
0.000000
66
1
0
VERTEX
8
Layer 1
10
132.578700
20
104.344765
70
0
0
VERTEX
8
Layer 1
10
132.988492
20
104.172736
70
0
0
VERTEX
8
Layer 1
10
133.157916
20
103.761905
70
0
0
VERTEX
8
Layer 1
10
132.988492
20
103.351075
70
0
0
VERTEX
8
Layer 1
10
132.578700
20
103.179046
70
0
0
SEQEND
8
Layer 1
0
POLYLINE
8
Layer 1
62
7
70
0
10
0.000000
20
0.000000
66
1
0
VERTEX
8
Layer 1
10
139.895547
20
82.094250
70
0
0
VERTEX
8
Layer 1
10
140.062576
20
82.909111
70
0
0
VERTEX
8
Layer 1
10
140.512992
20
83.574089
70
0
0
VERTEX
8
Layer 1
10
141.179575
20
84.022198
70
0
0
VERTEX
8
Layer 1
10
141.995104
20
84.186454
70
0
0
VERTEX
8
Layer 1
10
142.810633
20
84.022198
70
0
0
VERTEX
8
Layer 1
10
143.477217
20
83.574089
70
0
0
VERTEX
8
Layer 1
10
143.927633
20
82.909111
70
0
0
VERTEX
8
Layer 1
10
144.094661
20
82.094250
70
0
0
SEQEND
8
Layer 1
0
POLYLINE
8
Layer 1
62
7
70
0
10
0.000000
20
0.000000
66
1
0
VERTEX
8
Layer 1
10
132.578700
20
95.378942
70
0
0
VERTEX
8
Layer 1
10
133.210498
20
95.114409
70
0
0
VERTEX
8
Layer 1
10
133.471802
20
94.481339
70
0
0
VERTEX
8
Layer 1
10
133.210498
20
93.848269
70
0
0
VERTEX
8
Layer 1
10
132.578700
20
93.583736
70
0
0
SEQEND
8
Layer 1
0
POLYLINE
8
Layer 1
62
7
70
0
10
0.000000
20
0.000000
66
1
0
VERTEX
8
Layer 1
10
162.464950
20
106.422944
70
0
0
VERTEX
8
Layer 1
10
147.521825
20
106.477831
70
0
0
SEQEND
8
Layer 1
0
POLYLINE
8
Layer 1
62
7
70
0
10
0.000000
20
0.000000
66
1
0
VERTEX
8
Layer 1
10
132.578700
20
106.532743
70
0
0
VERTEX
8
Layer 1
10
143.147387
20
106.516658
70
0
0
VERTEX
8
Layer 1
10
147.521825
20
106.477831
70
0
0
SEQEND
8
Layer 1
0
POLYLINE
8
Layer 1
62
7
70
0
10
0.000000
20
0.000000
66
1
0
VERTEX
8
Layer 1
10
149.820245
20
82.094250
70
0
0
VERTEX
8
Layer 1
10
150.065454
20
86.454359
70
0
0
VERTEX
8
Layer 1
10
150.782766
20
90.607159
70
0
0
VERTEX
8
Layer 1
10
151.944704
20
94.435955
70
0
0
VERTEX
8
Layer 1
10
153.523793
20
97.824055
70
0
0
VERTEX
8
Layer 1
10
154.451269
20
99.301781
70
0
0
VERTEX
8
Layer 1
10
155.449661
20
100.602081
70
0
0
VERTEX
8
Layer 1
10
156.510679
20
101.718911
70
0
0
VERTEX
8
Layer 1
10
157.626031
20
102.646230
70
0
0
VERTEX
8
Layer 1
10
158.787425
20
103.377996
70
0
0
VERTEX
8
Layer 1
10
159.986571
20
103.908166
70
0
0
VERTEX
8
Layer 1
10
161.215176
20
104.230699
70
0
0
VERTEX
8
Layer 1
10
162.464950
20
104.339553
70
0
0
SEQEND
8
Layer 1
0
POLYLINE
8
Layer 1
62
7
70
0
10
0.000000
20
0.000000
66
1
0
VERTEX
8
Layer 1
10
162.464950
20
111.958571
70
0
0
VERTEX
8
Layer 1
10
162.702235
20
111.812435
70
0
0
VERTEX
8
Layer 1
10
162.935500
20
111.379434
70
0
0
VERTEX
8
Layer 1
10
163.383677
20
109.685285
70
0
0
VERTEX
8
Layer 1
10
163.796888
20
106.941014
70
0
0
VERTEX
8
Layer 1
10
164.162537
20
103.211514
70
0
0
VERTEX
8
Layer 1
10
164.682954
20
93.522831
70
0
0
VERTEX
8
Layer 1
10
164.865701
20
82.094250
70
0
0
SEQEND
8
Layer 1
0
POLYLINE
8
Layer 1
62
7
70
0
10
0.000000
20
0.000000
66
1
0
VERTEX
8
Layer 1
10
168.628786
20
82.094250
70
0
0
VERTEX
8
Layer 1
10
168.821380
20
83.976307
70
0
0
VERTEX
8
Layer 1
10
169.367963
20
85.728942
70
0
0
VERTEX
8
Layer 1
10
170.231016
20
87.314699
70
0
0
VERTEX
8
Layer 1
10
171.373019
20
88.696125
70
0
0
VERTEX
8
Layer 1
10
172.756455
20
89.835765
70
0
0
VERTEX
8
Layer 1
10
174.343802
20
90.696166
70
0
0
VERTEX
8
Layer 1
10
176.097543
20
91.239873
70
0
0
VERTEX
8
Layer 1
10
177.980158
20
91.429431
70
0
0
VERTEX
8
Layer 1
10
179.862772
20
91.239873
70
0
0
VERTEX
8
Layer 1
10
181.616513
20
90.696166
70
0
0
VERTEX
8
Layer 1
10
183.203861
20
89.835765
70
0
0
VERTEX
8
Layer 1
10
184.587296
20
88.696125
70
0
0
VERTEX
8
Layer 1
10
185.729299
20
87.314699
70
0
0
VERTEX
8
Layer 1
10
186.592352
20
85.728942
70
0
0
VERTEX
8
Layer 1
10
187.138935
20
83.976307
70
0
0
VERTEX
8
Layer 1
10
187.331529
20
82.094250
70
0
0
SEQEND
8
Layer 1
0
POLYLINE
8
Layer 1
62
7
70
0
10
0.000000
20
0.000000
66
1
0
VERTEX
8
Layer 1
10
172.149482
20
82.094250
70
0
0
VERTEX
8
Layer 1
10
172.395266
20
82.680870
70
0
0
VERTEX
8
Layer 1
10
172.983272
20
82.923477
70
0
0
VERTEX
8
Layer 1
10
173.571279
20
82.680870
70
0
0
VERTEX
8
Layer 1
10
173.817063
20
82.094250
70
0
0
SEQEND
8
Layer 1
0
POLYLINE
8
Layer 1
62
7
70
0
10
0.000000
20
0.000000
66
1
0
VERTEX
8
Layer 1
10
170.767494
20
82.094250
70
0
0
VERTEX
8
Layer 1
10
170.844358
20
82.381072
70
0
0
VERTEX
8
Layer 1
10
171.054354
20
82.591040
70
0
0
VERTEX
8
Layer 1
10
171.341214
20
82.667894
70
0
0
VERTEX
8
Layer 1
10
171.628074
20
82.591040
70
0
0
VERTEX
8
Layer 1
10
171.838070
20
82.381072
70
0
0
VERTEX
8
Layer 1
10
171.914934
20
82.094250
70
0
0
SEQEND
8
Layer 1
0
POLYLINE
8
Layer 1
62
7
70
0
10
0.000000
20
0.000000
66
1
0
VERTEX
8
Layer 1
10
192.351200
20
102.328047
70
0
0
VERTEX
8
Layer 1
10
191.533075
20
102.515153
70
0
0
VERTEX
8
Layer 1
10
190.753848
20
103.062492
70
0
0
VERTEX
8
Layer 1
10
190.035418
20
103.949101
70
0
0
VERTEX
8
Layer 1
10
189.399679
20
105.154014
70
0
0
VERTEX
8
Layer 1
10
188.878414
20
106.623534
70
0
0
VERTEX
8
Layer 1
10
188.494852
20
108.284197
70
0
0
VERTEX
8
Layer 1
10
188.258064
20
110.085390
70
0
0
VERTEX
8
Layer 1
10
188.177119
20
111.976500
70
0
0
SEQEND
8
Layer 1
0
POLYLINE
8
Layer 1
62
7
70
0
10
0.000000
20
0.000000
66
1
0
VERTEX
8
Layer 1
10
192.351200
20
106.650049
70
0
0
VERTEX
8
Layer 1
10
192.071318
20
106.758263
70
0
0
VERTEX
8
Layer 1
10
191.810634
20
107.068628
70
0
0
VERTEX
8
Layer 1
10
191.369202
20
108.210130
70
0
0
VERTEX
8
Layer 1
10
191.071581
20
109.903205
70
0
0
VERTEX
8
Layer 1
10
190.962446
20
111.976500
70
0
0
SEQEND
8
Layer 1
0
POLYLINE
8
Layer 1
62
7
70
0
10
0.000000
20
0.000000
66
1
0
VERTEX
8
Layer 1
10
189.363364
20
97.035375
70
0
0
VERTEX
8
Layer 1
10
189.070533
20
97.325117
70
0
0
VERTEX
8
Layer 1
10
188.791625
20
98.172700
70
0
0
VERTEX
8
Layer 1
10
188.306928
20
101.411529
70
0
0
VERTEX
8
Layer 1
10
187.983064
20
106.258779
70
0
0
VERTEX
8
Layer 1
10
187.869338
20
111.976500
70
0
0
SEQEND
8
Layer 1
0
POLYLINE
8
Layer 1
62
7
70
0
10
0.000000
20
0.000000
66
1
0
VERTEX
8
Layer 1
10
189.363364
20
97.035375
70
0
0
VERTEX
8
Layer 1
10
189.656195
20
96.745633
70
0
0
VERTEX
8
Layer 1
10
189.935103
20
95.898050
70
0
0
VERTEX
8
Layer 1
10
190.419800
20
92.659221
70
0
0
VERTEX
8
Layer 1
10
190.743664
20
87.811971
70
0
0
VERTEX
8
Layer 1
10
190.857390
20
82.094250
70
0
0
SEQEND
8
Layer 1
0
POLYLINE
8
Layer 1
62
7
70
0
10
0.000000
20
0.000000
66
1
0
VERTEX
8
Layer 1
10
164.906609
20
82.094250
70
0
0
VERTEX
8
Layer 1
10
164.980690
20
85.022730
70
0
0
VERTEX
8
Layer 1
10
165.197401
20
87.811971
70
0
0
VERTEX
8
Layer 1
10
165.548440
20
90.383594
70
0
0
VERTEX
8
Layer 1
10
166.025507
20
92.659221
70
0
0
VERTEX
8
Layer 1
10
166.607340
20
94.525091
70
0
0
VERTEX
8
Layer 1
10
167.264854
20
95.898050
70
0
0
VERTEX
8
Layer 1
10
167.978009
20
96.745633
70
0
0
VERTEX
8
Layer 1
10
168.726765
20
97.035375
70
0
0
SEQEND
8
Layer 1
0
POLYLINE
8
Layer 1
62
7
70
0
10
0.000000
20
0.000000
66
1
0
VERTEX
8
Layer 1
10
172.546897
20
111.976500
70
0
0
VERTEX
8
Layer 1
10
172.469286
20
108.965355
70
0
0
VERTEX
8
Layer 1
10
172.246693
20
106.160763
70
0
0
VERTEX
8
Layer 1
10
171.894480
20
103.622805
70
0
0
VERTEX
8
Layer 1
10
171.428008
20
101.411562
70
0
0
VERTEX
8
Layer 1
10
170.862639
20
99.587117
70
0
0
VERTEX
8
Layer 1
10
170.213734
20
98.209550
70
0
0
VERTEX
8
Layer 1
10
169.496656
20
97.338942
70
0
0
VERTEX
8
Layer 1
10
168.726765
20
97.035375
70
0
0
SEQEND
8
Layer 1
0
POLYLINE
8
Layer 1
62
7
70
0
10
0.000000
20
0.000000
66
1
0
VERTEX
8
Layer 1
10
182.597356
20
111.976500
70
0
0
VERTEX
8
Layer 1
10
182.477378
20
111.072276
70
0
0
VERTEX
8
Layer 1
10
182.132998
20
110.243724
70
0
0
VERTEX
8
Layer 1
10
181.587545
20
109.531246
70
0
0
VERTEX
8
Layer 1
10
180.864348
20
108.975244
70
0
0
VERTEX
8
Layer 1
10
180.021174
20
108.627022
70
0
0
VERTEX
8
Layer 1
10
179.131340
20
108.510948
70
0
0
VERTEX
8
Layer 1
10
178.241507
20
108.627022
70
0
0
VERTEX
8
Layer 1
10
177.398332
20
108.975244
70
0
0
VERTEX
8
Layer 1
10
176.675135
20
109.531246
70
0
0
VERTEX
8
Layer 1
10
176.129682
20
110.243724
70
0
0
VERTEX
8
Layer 1
10
175.785302
20
111.072276
70
0
0
VERTEX
8
Layer 1
10
175.665324
20
111.976500
70
0
0
SEQEND
8
Layer 1
0
POLYLINE
8
Layer 1
62
7
70
0
10
0.000000
20
0.000000
66
1
0
VERTEX
8
Layer 1
10
181.556908
20
111.976500
70
0
0
VERTEX
8
Layer 1
10
181.396494
20
111.377905
70
0
0
VERTEX
8
Layer 1
10
180.958233
20
110.939703
70
0
0
VERTEX
8
Layer 1
10
180.359557
20
110.779309
70
0
0
VERTEX
8
Layer 1
10
179.760882
20
110.939703
70
0
0
VERTEX
8
Layer 1
10
179.322621
20
111.377905
70
0
0
VERTEX
8
Layer 1
10
179.162207
20
111.976500
70
0
0
SEQEND
8
Layer 1
0
POLYLINE
8
Layer 1
62
7
70
0
10
0.000000
20
0.000000
66
1
0
VERTEX
8
Layer 1
10
175.179613
20
111.976500
70
0
0
VERTEX
8
Layer 1
10
175.070979
20
111.714269
70
0
0
VERTEX
8
Layer 1
10
174.808712
20
111.605649
70
0
0
VERTEX
8
Layer 1
10
174.546446
20
111.714269
70
0
0
VERTEX
8
Layer 1
10
174.437812
20
111.976500
70
0
0
SEQEND
8
Layer 1
0
POLYLINE
8
Layer 1
62
7
70
0
10
0.000000
20
0.000000
66
1
0
VERTEX
8
Layer 1
10
187.165888
20
111.976500
70
0
0
VERTEX
8
Layer 1
10
187.072225
20
111.626991
70
0
0
VERTEX
8
Layer 1
10
186.816332
20
111.371133
70
0
0
VERTEX
8
Layer 1
10
186.466777
20
111.277482
70
0
0
VERTEX
8
Layer 1
10
186.117221
20
111.371133
70
0
0
VERTEX
8
Layer 1
10
185.861329
20
111.626991
70
0
0
VERTEX
8
Layer 1
10
185.767666
20
111.976500
70
0
0
SEQEND
8
Layer 1
0
POLYLINE
8
Layer 1
62
7
70
0
10
0.000000
20
0.000000
66
1
0
VERTEX
8
Layer 1
10
174.349731
20
111.976500
70
0
0
VERTEX
8
Layer 1
10
174.270380
20
111.788729
70
0
0
VERTEX
8
Layer 1
10
174.081843
20
111.711166
70
0
0
VERTEX
8
Layer 1
10
173.893306
20
111.788729
70
0
0
VERTEX
8
Layer 1
10
173.813955
20
111.976500
70
0
0
SEQEND
8
Layer 1
0
POLYLINE
8
Layer 1
62
7
70
0
10
0.000000
20
0.000000
66
1
0
VERTEX
8
Layer 1
10
192.351200
20
84.932394
70
0
0
VERTEX
8
Layer 1
10
191.229904
20
85.045416
70
0
0
VERTEX
8
Layer 1
10
190.185526
20
85.369565
70
0
0
VERTEX
8
Layer 1
10
189.240438
20
85.882473
70
0
0
VERTEX
8
Layer 1
10
188.417014
20
86.561770
70
0
0
VERTEX
8
Layer 1
10
187.737627
20
87.385084
70
0
0
VERTEX
8
Layer 1
10
187.224650
20
88.330045
70
0
0
VERTEX
8
Layer 1
10
186.900457
20
89.374284
70
0
0
VERTEX
8
Layer 1
10
186.787421
20
90.495429
70
0
0
VERTEX
8
Layer 1
10
186.900457
20
91.616575
70
0
0
VERTEX
8
Layer 1
10
187.224650
20
92.660814
70
0
0
VERTEX
8
Layer 1
10
187.737627
20
93.605775
70
0
0
VERTEX
8
Layer 1
10
188.417014
20
94.429089
70
0
0
VERTEX
8
Layer 1
10
189.240438
20
95.108385
70
0
0
VERTEX
8
Layer 1
10
190.185526
20
95.621294
70
0
0
VERTEX
8
Layer 1
10
191.229904
20
95.945443
70
0
0
VERTEX
8
Layer 1
10
192.351200
20
96.058464
70
0
0
SEQEND
8
Layer 1
0
POLYLINE
8
Layer 1
62
7
70
0
10
0.000000
20
0.000000
66
1
0
VERTEX
8
Layer 1
10
192.351200
20
86.180612
70
0
0
VERTEX
8
Layer 1
10
191.360601
20
86.280459
70
0
0
VERTEX
8
Layer 1
10
190.437954
20
86.566827
70
0
0
VERTEX
8
Layer 1
10
189.603025
20
87.019951
70
0
0
VERTEX
8
Layer 1
10
188.875578
20
87.620069
70
0
0
VERTEX
8
Layer 1
10
188.275379
20
88.347419
70
0
0
VERTEX
8
Layer 1
10
187.822195
20
89.182236
70
0
0
VERTEX
8
Layer 1
10
187.535789
20
90.104760
70
0
0
VERTEX
8
Layer 1
10
187.435928
20
91.095226
70
0
0
VERTEX
8
Layer 1
10
187.535789
20
92.085692
70
0
0
VERTEX
8
Layer 1
10
187.822195
20
93.008215
70
0
0
VERTEX
8
Layer 1
10
188.275379
20
93.843033
70
0
0
VERTEX
8
Layer 1
10
188.875578
20
94.570383
70
0
0
VERTEX
8
Layer 1
10
189.603025
20
95.170501
70
0
0
VERTEX
8
Layer 1
10
190.437954
20
95.623625
70
0
0
VERTEX
8
Layer 1
10
191.360601
20
95.909993
70
0
0
VERTEX
8
Layer 1
10
192.351200
20
96.009840
70
0
0
SEQEND
8
Layer 1
0
POLYLINE
8
Layer 1
62
7
70
0
10
0.000000
20
0.000000
66
1
0
VERTEX
8
Layer 1
10
192.351200
20
90.252893
70
0
0
VERTEX
8
Layer 1
10
191.885671
20
90.521630
70
0
0
VERTEX
8
Layer 1
10
191.885671
20
91.059104
70
0
0
VERTEX
8
Layer 1
10
192.351200
20
91.327841
70
0
0
SEQEND
8
Layer 1
0
POLYLINE
8
Layer 1
62
7
70
0
10
0.000000
20
0.000000
66
1
0
VERTEX
8
Layer 1
10
192.351200
20
82.802818
70
0
0
VERTEX
8
Layer 1
10
190.452166
20
82.997085
70
0
0
VERTEX
8
Layer 1
10
188.683722
20
83.548440
70
0
0
VERTEX
8
Layer 1
10
187.083658
20
84.419036
70
0
0
VERTEX
8
Layer 1
10
185.689769
20
85.571025
70
0
0
VERTEX
8
Layer 1
10
184.539846
20
86.966560
70
0
0
VERTEX
8
Layer 1
10
183.671682
20
88.567793
70
0
0
VERTEX
8
Layer 1
10
183.123069
20
90.336877
70
0
0
VERTEX
8
Layer 1
10
182.931799
20
92.235963
70
0
0
VERTEX
8
Layer 1
10
183.123069
20
94.135049
70
0
0
VERTEX
8
Layer 1
10
183.671682
20
95.904133
70
0
0
VERTEX
8
Layer 1
10
184.539846
20
97.505366
70
0
0
VERTEX
8
Layer 1
10
185.689769
20
98.900901
70
0
0
VERTEX
8
Layer 1
10
187.083658
20
100.052890
70
0
0
VERTEX
8
Layer 1
10
188.683722
20
100.923486
70
0
0
VERTEX
8
Layer 1
10
190.452166
20
101.474841
70
0
0
VERTEX
8
Layer 1
10
192.351200
20
101.669108
70
0
0
SEQEND
8
Layer 1
0
POLYLINE
8
Layer 1
62
7
70
0
10
0.000000
20
0.000000
66
1
0
VERTEX
8
Layer 1
10
192.351200
20
83.018114
70
0
0
VERTEX
8
Layer 1
10
191.148367
20
83.097960
70
0
0
VERTEX
8
Layer 1
10
189.981870
20
83.332406
70
0
0
VERTEX
8
Layer 1
10
188.864944
20
83.713813
70
0
0
VERTEX
8
Layer 1
10
187.810821
20
84.234542
70
0
0
VERTEX
8
Layer 1
10
186.832735
20
84.886952
70
0
0
VERTEX
8
Layer 1
10
185.943920
20
85.663406
70
0
0
VERTEX
8
Layer 1
10
185.157608
20
86.556263
70
0
0
VERTEX
8
Layer 1
10
184.487033
20
87.557885
70
0
0
VERTEX
8
Layer 1
10
183.954775
20
88.639353
70
0
0
VERTEX
8
Layer 1
10
183.574590
20
89.766656
70
0
0
VERTEX
8
Layer 1
10
183.346479
20
90.924517
70
0
0
VERTEX
8
Layer 1
10
183.270442
20
92.097656
70
0
0
VERTEX
8
Layer 1
10
183.346479
20
93.270795
70
0
0
VERTEX
8
Layer 1
10
183.574590
20
94.428655
70
0
0
VERTEX
8
Layer 1
10
183.954775
20
95.555959
70
0
0
VERTEX
8
Layer 1
10
184.487033
20
96.637427
70
0
0
VERTEX
8
Layer 1
10
185.157608
20
97.639049
70
0
0
VERTEX
8
Layer 1
10
185.943920
20
98.531906
70
0
0
VERTEX
8
Layer 1
10
186.832735
20
99.308360
70
0
0
VERTEX
8
Layer 1
10
187.810821
20
99.960770
70
0
0
VERTEX
8
Layer 1
10
188.864944
20
100.481499
70
0
0
VERTEX
8
Layer 1
10
189.981870
20
100.862906
70
0
0
VERTEX
8
Layer 1
10
191.148367
20
101.097352
70
0
0
VERTEX
8
Layer 1
10
192.351200
20
101.177198
70
0
0
SEQEND
8
Layer 1
0
POLYLINE
8
Layer 1
62
7
70
0
10
0.000000
20
0.000000
66
1
0
VERTEX
8
Layer 1
10
162.464950
20
110.839492
70
0
0
VERTEX
8
Layer 1
10
163.773659
20
110.752618
70
0
0
VERTEX
8
Layer 1
10
165.042832
20
110.497535
70
0
0
VERTEX
8
Layer 1
10
166.258072
20
110.082556
70
0
0
VERTEX
8
Layer 1
10
167.404980
20
109.515993
70
0
0
VERTEX
8
Layer 1
10
168.469158
20
108.806156
70
0
0
VERTEX
8
Layer 1
10
169.436208
20
107.961358
70
0
0
VERTEX
8
Layer 1
10
170.291733
20
106.989910
70
0
0
VERTEX
8
Layer 1
10
171.021333
20
105.900124
70
0
0
VERTEX
8
Layer 1
10
171.600441
20
104.723463
70
0
0
VERTEX
8
Layer 1
10
172.014090
20
103.496933
70
0
0
VERTEX
8
Layer 1
10
172.262280
20
102.237156
70
0
0
VERTEX
8
Layer 1
10
172.345010
20
100.960755
70
0
0
VERTEX
8
Layer 1
10
172.262280
20
99.684355
70
0
0
VERTEX
8
Layer 1
10
172.014090
20
98.424578
70
0
0
VERTEX
8
Layer 1
10
171.600441
20
97.198047
70
0
0
VERTEX
8
Layer 1
10
171.021333
20
96.021387
70
0
0
VERTEX
8
Layer 1
10
170.291733
20
94.931601
70
0
0
VERTEX
8
Layer 1
10
169.436208
20
93.960153
70
0
0
VERTEX
8
Layer 1
10
168.469158
20
93.115355
70
0
0
VERTEX
8
Layer 1
10
167.404980
20
92.405518
70
0
0
VERTEX
8
Layer 1
10
166.258072
20
91.838954
70
0
0
VERTEX
8
Layer 1
10
165.042832
20
91.423975
70
0
0
VERTEX
8
Layer 1
10
163.773659
20
91.168893
70
0
0
VERTEX
8
Layer 1
10
162.464950
20
91.082018
70
0
0
SEQEND
8
Layer 1
0
POLYLINE
8
Layer 1
62
7
70
0
10
0.000000
20
0.000000
66
1
0
VERTEX
8
Layer 1
10
162.464950
20
106.422944
70
0
0
VERTEX
8
Layer 1
10
162.985867
20
106.283383
70
0
0
VERTEX
8
Layer 1
10
163.367205
20
105.902096
70
0
0
VERTEX
8
Layer 1
10
163.506785
20
105.381248
70
0
0
VERTEX
8
Layer 1
10
163.367205
20
104.860401
70
0
0
VERTEX
8
Layer 1
10
162.985867
20
104.479114
70
0
0
VERTEX
8
Layer 1
10
162.464950
20
104.339553
70
0
0
SEQEND
8
Layer 1
0
POLYLINE
8
Layer 1
62
7
70
0
10
0.000000
20
0.000000
66
1
0
VERTEX
8
Layer 1
10
162.464950
20
94.000295
70
0
0
VERTEX
8
Layer 1
10
162.522212
20
93.967239
70
0
0
VERTEX
8
Layer 1
10
162.522212
20
93.901127
70
0
0
VERTEX
8
Layer 1
10
162.464950
20
93.868072
70
0
0
SEQEND
8
Layer 1
0
POLYLINE
8
Layer 1
62
7
70
0
10
0.000000
20
0.000000
66
1
0
VERTEX
8
Layer 1
10
162.464950
20
93.678809
70
0
0
VERTEX
8
Layer 1
10
162.782008
20
93.495781
70
0
0
VERTEX
8
Layer 1
10
162.782008
20
93.129723
70
0
0
VERTEX
8
Layer 1
10
162.464950
20
92.946694
70
0
0
SEQEND
8
Layer 1
0
POLYLINE
8
Layer 1
62
7
70
0
10
0.000000
20
0.000000
66
1
0
VERTEX
8
Layer 1
10
162.464950
20
86.155319
70
0
0
VERTEX
8
Layer 1
10
162.871447
20
86.071502
70
0
0
VERTEX
8
Layer 1
10
163.203083
20
85.846514
70
0
0
VERTEX
8
Layer 1
10
163.426514
20
85.513853
70
0
0
VERTEX
8
Layer 1
10
163.508401
20
85.107014
70
0
0
VERTEX
8
Layer 1
10
163.426514
20
84.700176
70
0
0
VERTEX
8
Layer 1
10
163.203083
20
84.367514
70
0
0
VERTEX
8
Layer 1
10
162.871447
20
84.142526
70
0
0
VERTEX
8
Layer 1
10
162.464950
20
84.058709
70
0
0
SEQEND
8
Layer 1
0
POLYLINE
8
Layer 1
62
7
70
0
10
0.000000
20
0.000000
66
1
0
VERTEX
8
Layer 1
10
192.351200
20
90.252893
70
0
0
VERTEX
8
Layer 1
10
196.360372
20
90.094679
70
0
0
VERTEX
8
Layer 1
10
200.178920
20
89.631853
70
0
0
VERTEX
8
Layer 1
10
203.699544
20
88.882145
70
0
0
VERTEX
8
Layer 1
10
206.814941
20
87.863282
70
0
0
VERTEX
8
Layer 1
10
209.369369
20
86.620669
70
0
0
VERTEX
8
Layer 1
10
211.248989
20
85.216428
70
0
0
VERTEX
8
Layer 1
10
211.921856
20
84.467070
70
0
0
VERTEX
8
Layer 1
10
212.409354
20
83.693355
70
0
0
VERTEX
8
Layer 1
10
212.705927
20
82.900632
70
0
0
VERTEX
8
Layer 1
10
212.806019
20
82.094250
70
0
0
SEQEND
8
Layer 1
0
POLYLINE
8
Layer 1
62
7
70
0
10
0.000000
20
0.000000
66
1
0
VERTEX
8
Layer 1
10
192.351200
20
83.018114
70
0
0
VERTEX
8
Layer 1
10
192.444438
20
82.964290
70
0
0
VERTEX
8
Layer 1
10
192.444438
20
82.856642
70
0
0
VERTEX
8
Layer 1
10
192.351200
20
82.802818
70
0
0
SEQEND
8
Layer 1
0
POLYLINE
8
Layer 1
62
7
70
0
10
0.000000
20
0.000000
66
1
0
VERTEX
8
Layer 1
10
192.351200
20
86.180612
70
0
0
VERTEX
8
Layer 1
10
192.792571
20
85.997815
70
0
0
VERTEX
8
Layer 1
10
192.975392
20
85.556503
70
0
0
VERTEX
8
Layer 1
10
192.792571
20
85.115192
70
0
0
VERTEX
8
Layer 1
10
192.351200
20
84.932394
70
0
0
SEQEND
8
Layer 1
0
POLYLINE
8
Layer 1
62
7
70
0
10
0.000000
20
0.000000
66
1
0
VERTEX
8
Layer 1
10
196.721813
20
82.094250
70
0
0
VERTEX
8
Layer 1
10
196.813396
20
82.435995
70
0
0
VERTEX
8
Layer 1
10
197.063604
20
82.686170
70
0
0
VERTEX
8
Layer 1
10
197.405395
20
82.777741
70
0
0
VERTEX
8
Layer 1
10
197.747186
20
82.686170
70
0
0
VERTEX
8
Layer 1
10
197.997395
20
82.435995
70
0
0
VERTEX
8
Layer 1
10
198.088977
20
82.094250
70
0
0
SEQEND
8
Layer 1
0
POLYLINE
8
Layer 1
62
7
70
0
10
0.000000
20
0.000000
66
1
0
VERTEX
8
Layer 1
10
200.361624
20
82.094250
70
0
0
VERTEX
8
Layer 1
10
200.510343
20
82.351806
70
0
0
VERTEX
8
Layer 1
10
200.807783
20
82.351806
70
0
0
VERTEX
8
Layer 1
10
200.956503
20
82.094250
70
0
0
SEQEND
8
Layer 1
0
POLYLINE
8
Layer 1
62
7
70
0
10
0.000000
20
0.000000
66
1
0
VERTEX
8
Layer 1
10
192.832201
20
82.094250
70
0
0
VERTEX
8
Layer 1
10
192.913293
20
82.495858
70
0
0
VERTEX
8
Layer 1
10
193.134438
20
82.823816
70
0
0
VERTEX
8
Layer 1
10
193.462440
20
83.044931
70
0
0
VERTEX
8
Layer 1
10
193.864102
20
83.126012
70
0
0
VERTEX
8
Layer 1
10
194.265764
20
83.044931
70
0
0
VERTEX
8
Layer 1
10
194.593766
20
82.823816
70
0
0
VERTEX
8
Layer 1
10
194.814910
20
82.495858
70
0
0
VERTEX
8
Layer 1
10
194.896002
20
82.094250
70
0
0
SEQEND
8
Layer 1
0
POLYLINE
8
Layer 1
62
7
70
0
10
0.000000
20
0.000000
66
1
0
VERTEX
8
Layer 1
10
198.617821
20
82.094250
70
0
0
VERTEX
8
Layer 1
10
198.685686
20
82.162107
70
0
0
VERTEX
8
Layer 1
10
198.753552
20
82.094250
70
0
0
SEQEND
8
Layer 1
0
POLYLINE
8
Layer 1
62
7
70
0
10
0.000000
20
0.000000
66
1
0
VERTEX
8
Layer 1
10
202.988697
20
111.976500
70
0
0
VERTEX
8
Layer 1
10
202.897215
20
111.287038
70
0
0
VERTEX
8
Layer 1
10
202.634628
20
110.655274
70
0
0
VERTEX
8
Layer 1
10
202.218725
20
110.112016
70
0
0
VERTEX
8
Layer 1
10
201.667294
20
109.688070
70
0
0
VERTEX
8
Layer 1
10
201.024381
20
109.422554
70
0
0
VERTEX
8
Layer 1
10
200.345891
20
109.334048
70
0
0
VERTEX
8
Layer 1
10
199.667402
20
109.422554
70
0
0
VERTEX
8
Layer 1
10
199.024489
20
109.688070
70
0
0
VERTEX
8
Layer 1
10
198.473058
20
110.112016
70
0
0
VERTEX
8
Layer 1
10
198.057155
20
110.655274
70
0
0
VERTEX
8
Layer 1
10
197.794568
20
111.287038
70
0
0
VERTEX
8
Layer 1
10
197.703086
20
111.976500
70
0
0
SEQEND
8
Layer 1
0
POLYLINE
8
Layer 1
62
7
70
0
10
0.000000
20
0.000000
66
1
0
VERTEX
8
Layer 1
10
207.294325
20
104.410004
70
0
0
VERTEX
8
Layer 1
10
207.584106
20
105.043638
70
0
0
VERTEX
8
Layer 1
10
208.431803
20
105.647145
70
0
0
VERTEX
8
Layer 1
10
209.804945
20
106.203566
70
0
0
VERTEX
8
Layer 1
10
211.671065
20
106.695942
70
0
0
VERTEX
8
Layer 1
10
216.518964
20
107.396726
70
0
0
VERTEX
8
Layer 1
10
222.237450
20
107.642809
70
0
0
SEQEND
8
Layer 1
0
POLYLINE
8
Layer 1
62
7
70
0
10
0.000000
20
0.000000
66
1
0
VERTEX
8
Layer 1
10
207.294325
20
104.410004
70
0
0
VERTEX
8
Layer 1
10
207.004544
20
103.776369
70
0
0
VERTEX
8
Layer 1
10
206.156847
20
103.172863
70
0
0
VERTEX
8
Layer 1
10
204.783705
20
102.616442
70
0
0
VERTEX
8
Layer 1
10
202.917585
20
102.124065
70
0
0
VERTEX
8
Layer 1
10
198.069686
20
101.423281
70
0
0
VERTEX
8
Layer 1
10
192.351200
20
101.177198
70
0
0
SEQEND
8
Layer 1
0
POLYLINE
8
Layer 1
62
7
70
0
10
0.000000
20
0.000000
66
1
0
VERTEX
8
Layer 1
10
207.294325
20
101.010001
70
0
0
VERTEX
8
Layer 1
10
207.584106
20
101.980514
70
0
0
VERTEX
8
Layer 1
10
208.431803
20
102.904881
70
0
0
VERTEX
8
Layer 1
10
209.804945
20
103.757129
70
0
0
VERTEX
8
Layer 1
10
211.671065
20
104.511283
70
0
0
VERTEX
8
Layer 1
10
213.946997
20
105.129641
70
0
0
VERTEX
8
Layer 1
10
216.518964
20
105.584647
70
0
0
VERTEX
8
Layer 1
10
219.308578
20
105.865540
70
0
0
VERTEX
8
Layer 1
10
222.237450
20
105.961562
70
0
0
SEQEND
8
Layer 1
0
POLYLINE
8
Layer 1
62
7
70
0
10
0.000000
20
0.000000
66
1
0
VERTEX
8
Layer 1
10
207.294325
20
101.010001
70
0
0
VERTEX
8
Layer 1
10
206.990721
20
100.012093
70
0
0
VERTEX
8
Layer 1
10
206.119999
20
99.082638
70
0
0
VERTEX
8
Layer 1
10
204.742249
20
98.241548
70
0
0
VERTEX
8
Layer 1
10
202.917560
20
97.508735
70
0
0
VERTEX
8
Layer 1
10
200.706020
20
96.904108
70
0
0
VERTEX
8
Layer 1
10
198.167721
20
96.447580
70
0
0
VERTEX
8
Layer 1
10
195.362751
20
96.159062
70
0
0
VERTEX
8
Layer 1
10
192.351200
20
96.058464
70
0
0
SEQEND
8
Layer 1
0
POLYLINE
8
Layer 1
62
7
70
0
10
0.000000
20
0.000000
66
1
0
VERTEX
8
Layer 1
10
216.190649
20
82.094250
70
0
0
VERTEX
8
Layer 1
10
216.286752
20
82.818542
70
0
0
VERTEX
8
Layer 1
10
216.562604
20
83.482221
70
0
0
VERTEX
8
Layer 1
10
216.999518
20
84.052923
70
0
0
VERTEX
8
Layer 1
10
217.578805
20
84.498286
70
0
0
VERTEX
8
Layer 1
10
218.254196
20
84.777215
70
0
0
VERTEX
8
Layer 1
10
218.966962
20
84.870191
70
0
0
VERTEX
8
Layer 1
10
219.679727
20
84.777215
70
0
0
VERTEX
8
Layer 1
10
220.355118
20
84.498286
70
0
0
VERTEX
8
Layer 1
10
220.934406
20
84.052923
70
0
0
VERTEX
8
Layer 1
10
221.371319
20
83.482221
70
0
0
VERTEX
8
Layer 1
10
221.647171
20
82.818542
70
0
0
VERTEX
8
Layer 1
10
221.743275
20
82.094250
70
0
0
SEQEND
8
Layer 1
0
POLYLINE
8
Layer 1
62
7
70
0
10
0.000000
20
0.000000
66
1
0
VERTEX
8
Layer 1
10
222.237450
20
82.173091
70
0
0
VERTEX
8
Layer 1
10
220.854816
20
82.356498
70
0
0
VERTEX
8
Layer 1
10
219.587890
20
82.882944
70
0
0
VERTEX
8
Layer 1
10
218.498452
20
83.716764
70
0
0
VERTEX
8
Layer 1
10
217.648278
20
84.822296
70
0
0
VERTEX
8
Layer 1
10
217.115818
20
86.111235
70
0
0
VERTEX
8
Layer 1
10
216.938331
20
87.471501
70
0
0
VERTEX
8
Layer 1
10
217.115818
20
88.831767
70
0
0
VERTEX
8
Layer 1
10
217.648278
20
90.120706
70
0
0
VERTEX
8
Layer 1
10
218.498452
20
91.226238
70
0
0
VERTEX
8
Layer 1
10
219.587890
20
92.060059
70
0
0
VERTEX
8
Layer 1
10
220.854816
20
92.586504
70
0
0
VERTEX
8
Layer 1
10
222.237450
20
92.769911
70
0
0
SEQEND
8
Layer 1
0
POLYLINE
8
Layer 1
62
7
70
0
10
0.000000
20
0.000000
66
1
0
VERTEX
8
Layer 1
10
192.351200
20
96.009840
70
0
0
VERTEX
8
Layer 1
10
193.262545
20
95.825873
70
0
0
VERTEX
8
Layer 1
10
194.006758
20
95.324177
70
0
0
VERTEX
8
Layer 1
10
194.508521
20
94.580063
70
0
0
VERTEX
8
Layer 1
10
194.692513
20
93.668841
70
0
0
VERTEX
8
Layer 1
10
194.508521
20
92.757618
70
0
0
VERTEX
8
Layer 1
10
194.006758
20
92.013504
70
0
0
VERTEX
8
Layer 1
10
193.262545
20
91.511809
70
0
0
VERTEX
8
Layer 1
10
192.351200
20
91.327841
70
0
0
SEQEND
8
Layer 1
0
POLYLINE
8
Layer 1
62
7
70
0
10
0.000000
20
0.000000
66
1
0
VERTEX
8
Layer 1
10
219.675720
20
111.976500
70
0
0
VERTEX
8
Layer 1
10
219.481757
20
111.252716
70
0
0
VERTEX
8
Layer 1
10
218.951839
20
110.722869
70
0
0
VERTEX
8
Layer 1
10
218.227959
20
110.528932
70
0
0
VERTEX
8
Layer 1
10
217.504078
20
110.722869
70
0
0
VERTEX
8
Layer 1
10
216.974160
20
111.252716
70
0
0
VERTEX
8
Layer 1
10
216.780197
20
111.976500
70
0
0
SEQEND
8
Layer 1
0
POLYLINE
8
Layer 1
62
7
70
0
10
0.000000
20
0.000000
66
1
0
VERTEX
8
Layer 1
10
220.159662
20
111.976500
70
0
0
VERTEX
8
Layer 1
10
220.023586
20
111.450046
70
0
0
VERTEX
8
Layer 1
10
219.620393
20
110.932508
70
0
0
VERTEX
8
Layer 1
10
218.042869
20
109.938155
70
0
0
VERTEX
8
Layer 1
10
215.487514
20
109.021382
70
0
0
VERTEX
8
Layer 1
10
212.014752
20
108.210130
70
0
0
VERTEX
8
Layer 1
10
207.779349
20
107.544955
70
0
0
VERTEX
8
Layer 1
10
202.993038
20
107.055501
70
0
0
VERTEX
8
Layer 1
10
197.801696
20
106.753341
70
0
0
VERTEX
8
Layer 1
10
192.351200
20
106.650049
70
0
0
SEQEND
8
Layer 1
0
POLYLINE
8
Layer 1
62
7
70
0
10
0.000000
20
0.000000
66
1
0
VERTEX
8
Layer 1
10
192.351200
20
102.328023
70
0
0
VERTEX
8
Layer 1
10
192.636567
20
102.163289
70
0
0
VERTEX
8
Layer 1
10
192.636567
20
101.833819
70
0
0
VERTEX
8
Layer 1
10
192.351200
20
101.669084
70
0
0
SEQEND
8
Layer 1
0
POLYLINE
8
Layer 1
62
7
70
0
10
0.000000
20
0.000000
66
1
0
VERTEX
8
Layer 1
10
222.237450
20
107.642809
70
0
0
VERTEX
8
Layer 1
10
222.657818
20
107.530187
70
0
0
VERTEX
8
Layer 1
10
222.965549
20
107.222497
70
0
0
VERTEX
8
Layer 1
10
223.078186
20
106.802185
70
0
0
VERTEX
8
Layer 1
10
222.965549
20
106.381873
70
0
0
VERTEX
8
Layer 1
10
222.657818
20
106.074184
70
0
0
VERTEX
8
Layer 1
10
222.237450
20
105.961562
70
0
0
SEQEND
8
Layer 1
0
POLYLINE
8
Layer 1
62
7
70
0
10
0.000000
20
0.000000
66
1
0
VERTEX
8
Layer 1
10
247.570183
20
111.976500
70
0
0
VERTEX
8
Layer 1
10
247.439393
20
108.929275
70
0
0
VERTEX
8
Layer 1
10
247.055512
20
105.970074
70
0
0
VERTEX
8
Layer 1
10
246.431274
20
103.113878
70
0
0
VERTEX
8
Layer 1
10
245.579411
20
100.375668
70
0
0
VERTEX
8
Layer 1
10
244.512659
20
97.770426
70
0
0
VERTEX
8
Layer 1
10
243.243750
20
95.313131
70
0
0
VERTEX
8
Layer 1
10
241.785418
20
93.018765
70
0
0
VERTEX
8
Layer 1
10
240.150397
20
90.902308
70
0
0
VERTEX
8
Layer 1
10
238.351421
20
88.978741
70
0
0
VERTEX
8
Layer 1
10
236.401222
20
87.263045
70
0
0
VERTEX
8
Layer 1
10
234.312535
20
85.770202
70
0
0
VERTEX
8
Layer 1
10
232.098093
20
84.515191
70
0
0
VERTEX
8
Layer 1
10
229.770630
20
83.512994
70
0
0
VERTEX
8
Layer 1
10
227.342879
20
82.778591
70
0
0
VERTEX
8
Layer 1
10
224.827575
20
82.326963
70
0
0
VERTEX
8
Layer 1
10
222.237450
20
82.173091
70
0
0
SEQEND
8
Layer 1
0
POLYLINE
8
Layer 1
62
7
70
0
10
0.000000
20
0.000000
66
1
0
VERTEX
8
Layer 1
10
234.804857
20
111.976500
70
0
0
VERTEX
8
Layer 1
10
234.561147
20
108.211983
70
0
0
VERTEX
8
Layer 1
10
233.848220
20
104.626457
70
0
0
VERTEX
8
Layer 1
10
232.693385
20
101.320675
70
0
0
VERTEX
8
Layer 1
10
231.123949
20
98.395391
70
0
0
VERTEX
8
Layer 1
10
230.202143
20
97.119522
70
0
0
VERTEX
8
Layer 1
10
229.209854
20
95.996843
70
0
0
VERTEX
8
Layer 1
10
228.155322
20
95.032572
70
0
0
VERTEX
8
Layer 1
10
227.046789
20
94.231925
70
0
0
VERTEX
8
Layer 1
10
225.892494
20
93.600119
70
0
0
VERTEX
8
Layer 1
10
224.700679
20
93.142370
70
0
0
VERTEX
8
Layer 1
10
223.479584
20
92.863895
70
0
0
VERTEX
8
Layer 1
10
222.237450
20
92.769911
70
0
0
SEQEND
8
Layer 1
0
POLYLINE
8
Layer 1
62
7
70
0
10
0.000000
20
0.000000
66
1
0
VERTEX
8
Layer 1
10
42.919950
20
72.262751
70
0
0
VERTEX
8
Layer 1
10
39.736669
20
72.453406
70
0
0
VERTEX
8
Layer 1
10
36.704742
20
73.011129
70
0
0
VERTEX
8
Layer 1
10
33.909368
20
73.914558
70
0
0
VERTEX
8
Layer 1
10
31.435743
20
75.142330
70
0
0
VERTEX
8
Layer 1
10
29.407528
20
76.639729
70
0
0
VERTEX
8
Layer 1
10
27.915111
20
78.331898
70
0
0
VERTEX
8
Layer 1
10
26.993781
20
80.167263
70
0
0
VERTEX
8
Layer 1
10
26.758303
20
81.122527
70
0
0
VERTEX
8
Layer 1
10
26.678829
20
82.094250
70
0
0
SEQEND
8
Layer 1
0
POLYLINE
8
Layer 1
62
7
70
0
10
0.000000
20
0.000000
66
1
0
VERTEX
8
Layer 1
10
42.919950
20
74.552783
70
0
0
VERTEX
8
Layer 1
10
40.424921
20
74.699029
70
0
0
VERTEX
8
Layer 1
10
38.048522
20
75.126843
70
0
0
VERTEX
8
Layer 1
10
35.857532
20
75.819838
70
0
0
VERTEX
8
Layer 1
10
33.918726
20
76.761627
70
0
0
VERTEX
8
Layer 1
10
32.329028
20
77.910240
70
0
0
VERTEX
8
Layer 1
10
31.159284
20
79.208255
70
0
0
VERTEX
8
Layer 1
10
30.437153
20
80.616112
70
0
0
VERTEX
8
Layer 1
10
30.190296
20
82.094250
70
0
0
SEQEND
8
Layer 1
0
POLYLINE
8
Layer 1
62
7
70
0
10
0.000000
20
0.000000
66
1
0
VERTEX
8
Layer 1
10
41.105735
20
82.094250
70
0
0
VERTEX
8
Layer 1
10
40.955395
20
80.961199
70
0
0
VERTEX
8
Layer 1
10
40.523864
20
79.922970
70
0
0
VERTEX
8
Layer 1
10
39.840376
20
79.030189
70
0
0
VERTEX
8
Layer 1
10
38.934164
20
78.333482
70
0
0
VERTEX
8
Layer 1
10
37.877612
20
77.897138
70
0
0
VERTEX
8
Layer 1
10
36.762594
20
77.751690
70
0
0
VERTEX
8
Layer 1
10
35.647575
20
77.897138
70
0
0
VERTEX
8
Layer 1
10
34.591023
20
78.333482
70
0
0
VERTEX
8
Layer 1
10
33.684811
20
79.030189
70
0
0
VERTEX
8
Layer 1
10
33.001323
20
79.922970
70
0
0
VERTEX
8
Layer 1
10
32.569792
20
80.961199
70
0
0
VERTEX
8
Layer 1
10
32.419452
20
82.094250
70
0
0
SEQEND
8
Layer 1
0
POLYLINE
8
Layer 1
62
7
70
0
10
0.000000
20
0.000000
66
1
0
VERTEX
8
Layer 1
10
42.919950
20
53.955570
70
0
0
VERTEX
8
Layer 1
10
41.287305
20
54.093261
70
0
0
VERTEX
8
Layer 1
10
39.682313
20
54.501242
70
0
0
VERTEX
8
Layer 1
10
38.115807
20
55.171869
70
0
0
VERTEX
8
Layer 1
10
36.598616
20
56.097499
70
0
0
VERTEX
8
Layer 1
10
35.141574
20
57.270490
70
0
0
VERTEX
8
Layer 1
10
33.755510
20
58.683198
70
0
0
VERTEX
8
Layer 1
10
32.451258
20
60.327982
70
0
0
VERTEX
8
Layer 1
10
31.239648
20
62.197198
70
0
0
VERTEX
8
Layer 1
10
30.142350
20
64.261140
70
0
0
VERTEX
8
Layer 1
10
29.176801
20
66.482896
70
0
0
VERTEX
8
Layer 1
10
28.347489
20
68.844014
70
0
0
VERTEX
8
Layer 1
10
27.658900
20
71.326043
70
0
0
VERTEX
8
Layer 1
10
27.115521
20
73.910533
70
0
0
VERTEX
8
Layer 1
10
26.721839
20
76.579031
70
0
0
VERTEX
8
Layer 1
10
26.482339
20
79.313087
70
0
0
VERTEX
8
Layer 1
10
26.401509
20
82.094250
70
0
0
SEQEND
8
Layer 1
0
POLYLINE
8
Layer 1
62
7
70
0
10
0.000000
20
0.000000
66
1
0
VERTEX
8
Layer 1
10
42.919950
20
53.234260
70
0
0
VERTEX
8
Layer 1
10
40.318184
20
53.383261
70
0
0
VERTEX
8
Layer 1
10
37.791575
20
53.820592
70
0
0
VERTEX
8
Layer 1
10
35.352913
20
54.531748
70
0
0
VERTEX
8
Layer 1
10
33.014990
20
55.502221
70
0
0
VERTEX
8
Layer 1
10
30.790595
20
56.717505
70
0
0
VERTEX
8
Layer 1
10
28.692521
20
58.163093
70
0
0
VERTEX
8
Layer 1
10
26.733557
20
59.824479
70
0
0
VERTEX
8
Layer 1
10
24.926495
20
61.687155
70
0
0
VERTEX
8
Layer 1
10
23.284126
20
63.736616
70
0
0
VERTEX
8
Layer 1
10
21.819240
20
65.958355
70
0
0
VERTEX
8
Layer 1
10
20.544628
20
68.337865
70
0
0
VERTEX
8
Layer 1
10
19.473081
20
70.860639
70
0
0
VERTEX
8
Layer 1
10
18.617390
20
73.512172
70
0
0
VERTEX
8
Layer 1
10
17.990346
20
76.277955
70
0
0
VERTEX
8
Layer 1
10
17.604740
20
79.143484
70
0
0
VERTEX
8
Layer 1
10
17.473362
20
82.094250
70
0
0
SEQEND
8
Layer 1
0
POLYLINE
8
Layer 1
62
7
70
0
10
0.000000
20
0.000000
66
1
0
VERTEX
8
Layer 1
10
42.919950
20
56.438139
70
0
0
VERTEX
8
Layer 1
10
41.694778
20
56.563922
70
0
0
VERTEX
8
Layer 1
10
40.553907
20
56.920007
70
0
0
VERTEX
8
Layer 1
10
39.521703
20
57.481982
70
0
0
VERTEX
8
Layer 1
10
38.622533
20
58.225436
70
0
0
VERTEX
8
Layer 1
10
37.880763
20
59.125957
70
0
0
VERTEX
8
Layer 1
10
37.320759
20
60.159134
70
0
0
VERTEX
8
Layer 1
10
36.966888
20
61.300556
70
0
0
VERTEX
8
Layer 1
10
36.843517
20
62.525811
70
0
0
VERTEX
8
Layer 1
10
36.966888
20
63.751066
70
0
0
VERTEX
8
Layer 1
10
37.320759
20
64.892487
70
0
0
VERTEX
8
Layer 1
10
37.880763
20
65.925665
70
0
0
VERTEX
8
Layer 1
10
38.622533
20
66.826186
70
0
0
VERTEX
8
Layer 1
10
39.521703
20
67.569640
70
0
0
VERTEX
8
Layer 1
10
40.553907
20
68.131615
70
0
0
VERTEX
8
Layer 1
10
41.694778
20
68.487700
70
0
0
VERTEX
8
Layer 1
10
42.919950
20
68.613483
70
0
0
SEQEND
8
Layer 1
0
POLYLINE
8
Layer 1
62
7
70
0
10
0.000000
20
0.000000
66
1
0
VERTEX
8
Layer 1
10
65.837898
20
82.094250
70
0
0
VERTEX
8
Layer 1
10
65.711094
20
81.138577
70
0
0
VERTEX
8
Layer 1
10
65.347118
20
80.262880
70
0
0
VERTEX
8
Layer 1
10
64.770629
20
79.509863
70
0
0
VERTEX
8
Layer 1
10
64.006283
20
78.922225
70
0
0
VERTEX
8
Layer 1
10
63.115133
20
78.554189
70
0
0
VERTEX
8
Layer 1
10
62.174669
20
78.431511
70
0
0
VERTEX
8
Layer 1
10
61.234204
20
78.554189
70
0
0
VERTEX
8
Layer 1
10
60.343054
20
78.922225
70
0
0
VERTEX
8
Layer 1
10
59.578708
20
79.509863
70
0
0
VERTEX
8
Layer 1
10
59.002219
20
80.262880
70
0
0
VERTEX
8
Layer 1
10
58.638244
20
81.138577
70
0
0
VERTEX
8
Layer 1
10
58.511439
20
82.094250
70
0
0
SEQEND
8
Layer 1
0
POLYLINE
8
Layer 1
62
7
70
0
10
0.000000
20
0.000000
66
1
0
VERTEX
8
Layer 1
10
42.919950
20
72.262751
70
0
0
VERTEX
8
Layer 1
10
44.762671
20
72.074203
70
0
0
VERTEX
8
Layer 1
10
46.478671
20
71.539162
70
0
0
VERTEX
8
Layer 1
10
48.031279
20
70.694354
70
0
0
VERTEX
8
Layer 1
10
49.383825
20
69.576502
70
0
0
VERTEX
8
Layer 1
10
50.499639
20
68.222333
70
0
0
VERTEX
8
Layer 1
10
51.342050
20
66.668569
70
0
0
VERTEX
8
Layer 1
10
51.874388
20
64.951937
70
0
0
VERTEX
8
Layer 1
10
52.059983
20
63.109160
70
0
0
VERTEX
8
Layer 1
10
51.874388
20
61.266383
70
0
0
VERTEX
8
Layer 1
10
51.342050
20
59.549751
70
0
0
VERTEX
8
Layer 1
10
50.499639
20
57.995988
70
0
0
VERTEX
8
Layer 1
10
49.383825
20
56.641818
70
0
0
VERTEX
8
Layer 1
10
48.031279
20
55.523966
70
0
0
VERTEX
8
Layer 1
10
46.478671
20
54.679158
70
0
0
VERTEX
8
Layer 1
10
44.762671
20
54.144118
70
0
0
VERTEX
8
Layer 1
10
42.919950
20
53.955570
70
0
0
SEQEND
8
Layer 1
0
POLYLINE
8
Layer 1
62
7
70
0
10
0.000000
20
0.000000
66
1
0
VERTEX
8
Layer 1
10
42.919950
20
68.613483
70
0
0
VERTEX
8
Layer 1
10
44.145122
20
68.487700
70
0
0
VERTEX
8
Layer 1
10
45.285993
20
68.131615
70
0
0
VERTEX
8
Layer 1
10
46.318197
20
67.569640
70
0
0
VERTEX
8
Layer 1
10
47.217367
20
66.826186
70
0
0
VERTEX
8
Layer 1
10
47.959137
20
65.925665
70
0
0
VERTEX
8
Layer 1
10
48.519141
20
64.892487
70
0
0
VERTEX
8
Layer 1
10
48.873012
20
63.751066
70
0
0
VERTEX
8
Layer 1
10
48.996383
20
62.525811
70
0
0
VERTEX
8
Layer 1
10
48.873012
20
61.300556
70
0
0
VERTEX
8
Layer 1
10
48.519141
20
60.159134
70
0
0
VERTEX
8
Layer 1
10
47.959137
20
59.125957
70
0
0
VERTEX
8
Layer 1
10
47.217367
20
58.225436
70
0
0
VERTEX
8
Layer 1
10
46.318197
20
57.481982
70
0
0
VERTEX
8
Layer 1
10
45.285993
20
56.920007
70
0
0
VERTEX
8
Layer 1
10
44.145122
20
56.563922
70
0
0
VERTEX
8
Layer 1
10
42.919950
20
56.438139
70
0
0
SEQEND
8
Layer 1
0
POLYLINE
8
Layer 1
62
7
70
0
10
0.000000
20
0.000000
66
1
0
VERTEX
8
Layer 1
10
57.863075
20
61.765379
70
0
0
VERTEX
8
Layer 1
10
58.152856
20
63.437485
70
0
0
VERTEX
8
Layer 1
10
59.000553
20
65.030088
70
0
0
VERTEX
8
Layer 1
10
60.373695
20
66.498435
70
0
0
VERTEX
8
Layer 1
10
62.239815
20
67.797775
70
0
0
VERTEX
8
Layer 1
10
64.515747
20
68.863151
70
0
0
VERTEX
8
Layer 1
10
67.087714
20
69.647084
70
0
0
VERTEX
8
Layer 1
10
69.877328
20
70.131037
70
0
0
VERTEX
8
Layer 1
10
72.806200
20
70.296475
70
0
0
SEQEND
8
Layer 1
0
POLYLINE
8
Layer 1
62
7
70
0
10
0.000000
20
0.000000
66
1
0
VERTEX
8
Layer 1
10
57.863075
20
61.765379
70
0
0
VERTEX
8
Layer 1
10
57.573301
20
60.093270
70
0
0
VERTEX
8
Layer 1
10
56.725609
20
58.500663
70
0
0
VERTEX
8
Layer 1
10
55.352469
20
57.032312
70
0
0
VERTEX
8
Layer 1
10
53.486350
20
55.732968
70
0
0
VERTEX
8
Layer 1
10
51.210416
20
54.667589
70
0
0
VERTEX
8
Layer 1
10
48.638446
20
53.883653
70
0
0
VERTEX
8
Layer 1
10
45.848828
20
53.399698
70
0
0
VERTEX
8
Layer 1
10
42.919950
20
53.234260
70
0
0
SEQEND
8
Layer 1
0
POLYLINE
8
Layer 1
62
7
70
0
10
0.000000
20
0.000000
66
1
0
VERTEX
8
Layer 1
10
72.806200
20
58.288567
70
0
0
VERTEX
8
Layer 1
10
72.263434
20
58.513358
70
0
0
VERTEX
8
Layer 1
10
72.038614
20
59.056051
70
0
0
VERTEX
8
Layer 1
10
72.263434
20
59.598744
70
0
0
VERTEX
8
Layer 1
10
72.806200
20
59.823535
70
0
0
SEQEND
8
Layer 1
0
POLYLINE
8
Layer 1
62
7
70
0
10
0.000000
20
0.000000
66
1
0
VERTEX
8
Layer 1
10
72.806200
20
71.653416
70
0
0
VERTEX
8
Layer 1
10
71.808710
20
71.855887
70
0
0
VERTEX
8
Layer 1
10
70.858648
20
72.448177
70
0
0
VERTEX
8
Layer 1
10
69.982710
20
73.407599
70
0
0
VERTEX
8
Layer 1
10
69.207594
20
74.711465
70
0
0
VERTEX
8
Layer 1
10
68.572047
20
76.301670
70
0
0
VERTEX
8
Layer 1
10
68.104394
20
78.098716
70
0
0
VERTEX
8
Layer 1
10
67.815693
20
80.047833
70
0
0
VERTEX
8
Layer 1
10
67.717002
20
82.094250
70
0
0
SEQEND
8
Layer 1
0
POLYLINE
8
Layer 1
62
7
70
0
10
0.000000
20
0.000000
66
1
0
VERTEX
8
Layer 1
10
72.806200
20
74.029676
70
0
0
VERTEX
8
Layer 1
10
72.330692
20
74.157071
70
0
0
VERTEX
8
Layer 1
10
71.982596
20
74.505121
70
0
0
VERTEX
8
Layer 1
10
71.855184
20
74.980565
70
0
0
VERTEX
8
Layer 1
10
71.982596
20
75.456010
70
0
0
VERTEX
8
Layer 1
10
72.330692
20
75.804059
70
0
0
VERTEX
8
Layer 1
10
72.806200
20
75.931454
70
0
0
SEQEND
8
Layer 1
0
POLYLINE
8
Layer 1
62
7
70
0
10
0.000000
20
0.000000
66
1
0
VERTEX
8
Layer 1
10
48.824421
20
82.094250
70
0
0
VERTEX
8
Layer 1
10
48.709920
20
80.616112
70
0
0
VERTEX
8
Layer 1
10
48.374970
20
79.208255
70
0
0
VERTEX
8
Layer 1
10
47.832401
20
77.910240
70
0
0
VERTEX
8
Layer 1
10
47.095041
20
76.761627
70
0
0
VERTEX
8
Layer 1
10
46.195753
20
75.819838
70
0
0
VERTEX
8
Layer 1
10
45.179493
20
75.126843
70
0
0
VERTEX
8
Layer 1
10
44.077234
20
74.699029
70
0
0
VERTEX
8
Layer 1
10
42.919950
20
74.552783
70
0
0
SEQEND
8
Layer 1
0
POLYLINE
8
Layer 1
62
7
70
0
10
0.000000
20
0.000000
66
1
0
VERTEX
8
Layer 1
10
99.167403
20
82.094250
70
0
0
VERTEX
8
Layer 1
10
99.038409
20
79.893063
70
0
0
VERTEX
8
Layer 1
10
98.656199
20
77.729160
70
0
0
VERTEX
8
Layer 1
10
98.027935
20
75.617143
70
0
0
VERTEX
8
Layer 1
10
97.160776
20
73.571616
70
0
0
VERTEX
8
Layer 1
10
96.061881
20
71.607183
70
0
0
VERTEX
8
Layer 1
10
94.738411
20
69.738446
70
0
0
VERTEX
8
Layer 1
10
93.197526
20
67.980009
70
0
0
VERTEX
8
Layer 1
10
91.446385
20
66.346476
70
0
0
VERTEX
8
Layer 1
10
89.512819
20
64.867062
70
0
0
VERTEX
8
Layer 1
10
87.431409
20
63.565277
70
0
0
VERTEX
8
Layer 1
10
85.219439
20
62.447171
70
0
0
VERTEX
8
Layer 1
10
82.894196
20
61.518792
70
0
0
VERTEX
8
Layer 1
10
80.472964
20
60.786191
70
0
0
VERTEX
8
Layer 1
10
77.973031
20
60.255415
70
0
0
VERTEX
8
Layer 1
10
75.411681
20
59.932513
70
0
0
VERTEX
8
Layer 1
10
72.806200
20
59.823535
70
0
0
SEQEND
8
Layer 1
0
POLYLINE
8
Layer 1
62
7
70
0
10
0.000000
20
0.000000
66
1
0
VERTEX
8
Layer 1
10
102.692450
20
60.139020
70
0
0
VERTEX
8
Layer 1
10
101.471265
20
60.385533
70
0
0
VERTEX
8
Layer 1
10
100.474033
20
61.057795
70
0
0
VERTEX
8
Layer 1
10
99.801681
20
62.054894
70
0
0
VERTEX
8
Layer 1
10
99.555135
20
63.275915
70
0
0
VERTEX
8
Layer 1
10
99.801681
20
64.496936
70
0
0
VERTEX
8
Layer 1
10
100.474033
20
65.494035
70
0
0
VERTEX
8
Layer 1
10
101.471265
20
66.166297
70
0
0
VERTEX
8
Layer 1
10
102.692450
20
66.412810
70
0
0
SEQEND
8
Layer 1
0
POLYLINE
8
Layer 1
62
7
70
0
10
0.000000
20
0.000000
66
1
0
VERTEX
8
Layer 1
10
87.749325
20
65.897545
70
0
0
VERTEX
8
Layer 1
10
87.826475
20
66.675518
70
0
0
VERTEX
8
Layer 1
10
88.052916
20
67.431019
70
0
0
VERTEX
8
Layer 1
10
88.923630
20
68.859302
70
0
0
VERTEX
8
Layer 1
10
90.301376
20
70.151796
70
0
0
VERTEX
8
Layer 1
10
92.126065
20
71.277904
70
0
0
VERTEX
8
Layer 1
10
94.337607
20
72.207028
70
0
0
VERTEX
8
Layer 1
10
96.875911
20
72.908571
70
0
0
VERTEX
8
Layer 1
10
99.680889
20
73.351934
70
0
0
VERTEX
8
Layer 1
10
102.692450
20
73.506522
70
0
0
SEQEND
8
Layer 1
0
POLYLINE
8
Layer 1
62
7
70
0
10
0.000000
20
0.000000
66
1
0
VERTEX
8
Layer 1
10
87.749325
20
65.897545
70
0
0
VERTEX
8
Layer 1
10
87.459544
20
64.406175
70
0
0
VERTEX
8
Layer 1
10
86.611847
20
62.985715
70
0
0
VERTEX
8
Layer 1
10
85.238705
20
61.676080
70
0
0
VERTEX
8
Layer 1
10
83.372585
20
60.517185
70
0
0
VERTEX
8
Layer 1
10
81.096653
20
59.566965
70
0
0
VERTEX
8
Layer 1
10
78.524686
20
58.867766
70
0
0
VERTEX
8
Layer 1
10
75.735072
20
58.436123
70
0
0
VERTEX
8
Layer 1
10
72.806200
20
58.288567
70
0
0
SEQEND
8
Layer 1
0
POLYLINE
8
Layer 1
62
7
70
0
10
0.000000
20
0.000000
66
1
0
VERTEX
8
Layer 1
10
72.806200
20
75.931454
70
0
0
VERTEX
8
Layer 1
10
73.281708
20
75.804059
70
0
0
VERTEX
8
Layer 1
10
73.629804
20
75.456010
70
0
0
VERTEX
8
Layer 1
10
73.757216
20
74.980565
70
0
0
VERTEX
8
Layer 1
10
73.629804
20
74.505121
70
0
0
VERTEX
8
Layer 1
10
73.281708
20
74.157071
70
0
0
VERTEX
8
Layer 1
10
72.806200
20
74.029676
70
0
0
SEQEND
8
Layer 1
0
POLYLINE
8
Layer 1
62
7
70
0
10
0.000000
20
0.000000
66
1
0
VERTEX
8
Layer 1
10
90.483558
20
82.094250
70
0
0
VERTEX
8
Layer 1
10
90.315585
20
81.274743
70
0
0
VERTEX
8
Layer 1
10
89.862605
20
80.605972
70
0
0
VERTEX
8
Layer 1
10
89.192224
20
80.155306
70
0
0
VERTEX
8
Layer 1
10
88.372047
20
79.990114
70
0
0
VERTEX
8
Layer 1
10
87.551869
20
80.155306
70
0
0
VERTEX
8
Layer 1
10
86.881489
20
80.605972
70
0
0
VERTEX
8
Layer 1
10
86.428509
20
81.274743
70
0
0
VERTEX
8
Layer 1
10
86.260535
20
82.094250
70
0
0
SEQEND
8
Layer 1
0
POLYLINE
8
Layer 1
62
7
70
0
10
0.000000
20
0.000000
66
1
0
VERTEX
8
Layer 1
10
72.806200
20
71.653416
70
0
0
VERTEX
8
Layer 1
10
73.145481
20
71.562518
70
0
0
VERTEX
8
Layer 1
10
73.393851
20
71.314181
70
0
0
VERTEX
8
Layer 1
10
73.484761
20
70.974945
70
0
0
VERTEX
8
Layer 1
10
73.393851
20
70.635710
70
0
0
VERTEX
8
Layer 1
10
73.145481
20
70.387373
70
0
0
VERTEX
8
Layer 1
10
72.806200
20
70.296475
70
0
0
SEQEND
8
Layer 1
0
POLYLINE
8
Layer 1
62
7
70
0
10
0.000000
20
0.000000
66
1
0
VERTEX
8
Layer 1
10
84.698465
20
82.094250
70
0
0
VERTEX
8
Layer 1
10
84.611433
20
81.672112
70
0
0
VERTEX
8
Layer 1
10
84.377750
20
81.327710
70
0
0
VERTEX
8
Layer 1
10
84.032211
20
81.095674
70
0
0
VERTEX
8
Layer 1
10
83.609613
20
81.010634
70
0
0
VERTEX
8
Layer 1
10
83.187015
20
81.095674
70
0
0
VERTEX
8
Layer 1
10
82.841476
20
81.327710
70
0
0
VERTEX
8
Layer 1
10
82.607793
20
81.672112
70
0
0
VERTEX
8
Layer 1
10
82.520761
20
82.094250
70
0
0
SEQEND
8
Layer 1
0
POLYLINE
8
Layer 1
62
7
70
0
10
0.000000
20
0.000000
66
1
0
VERTEX
8
Layer 1
10
132.578700
20
72.983391
70
0
0
VERTEX
8
Layer 1
10
132.569352
20
72.992738
70
0
0
VERTEX
8
Layer 1
10
132.578700
20
73.002085
70
0
0
SEQEND
8
Layer 1
0
POLYLINE
8
Layer 1
62
7
70
0
10
0.000000
20
0.000000
66
1
0
VERTEX
8
Layer 1
10
132.541856
20
82.094250
70
0
0
VERTEX
8
Layer 1
10
132.387747
20
80.490914
70
0
0
VERTEX
8
Layer 1
10
131.935422
20
78.933893
70
0
0
VERTEX
8
Layer 1
10
131.199886
20
77.431069
70
0
0
VERTEX
8
Layer 1
10
130.196142
20
75.990326
70
0
0
VERTEX
8
Layer 1
10
128.939194
20
74.619545
70
0
0
VERTEX
8
Layer 1
10
127.444046
20
73.326608
70
0
0
VERTEX
8
Layer 1
10
125.725703
20
72.119398
70
0
0
VERTEX
8
Layer 1
10
123.799168
20
71.005798
70
0
0
VERTEX
8
Layer 1
10
121.679444
20
69.993689
70
0
0
VERTEX
8
Layer 1
10
119.381537
20
69.090954
70
0
0
VERTEX
8
Layer 1
10
116.920449
20
68.305475
70
0
0
VERTEX
8
Layer 1
10
114.311186
20
67.645135
70
0
0
VERTEX
8
Layer 1
10
111.568750
20
67.117817
70
0
0
VERTEX
8
Layer 1
10
108.708146
20
66.731401
70
0
0
VERTEX
8
Layer 1
10
105.744378
20
66.493772
70
0
0
VERTEX
8
Layer 1
10
102.692450
20
66.412810
70
0
0
SEQEND
8
Layer 1
0
POLYLINE
8
Layer 1
62
7
70
0
10
0.000000
20
0.000000
66
1
0
VERTEX
8
Layer 1
10
117.630554
20
82.094250
70
0
0
VERTEX
8
Layer 1
10
117.340870
20
80.411044
70
0
0
VERTEX
8
Layer 1
10
116.493459
20
78.807869
70
0
0
VERTEX
8
Layer 1
10
115.120777
20
77.329774
70
0
0
VERTEX
8
Layer 1
10
113.255285
20
76.021809
70
0
0
VERTEX
8
Layer 1
10
110.980118
20
74.949361
70
0
0
VERTEX
8
Layer 1
10
108.409015
20
74.160224
70
0
0
VERTEX
8
Layer 1
10
105.620338
20
73.673057
70
0
0
VERTEX
8
Layer 1
10
102.692450
20
73.506522
70
0
0
SEQEND
8
Layer 1
0
POLYLINE
8
Layer 1
62
7
70
0
10
0.000000
20
0.000000
66
1
0
VERTEX
8
Layer 1
10
117.635575
20
71.097534
70
0
0
VERTEX
8
Layer 1
10
117.925356
20
73.245422
70
0
0
VERTEX
8
Layer 1
10
118.773053
20
75.291185
70
0
0
VERTEX
8
Layer 1
10
120.146195
20
77.177337
70
0
0
VERTEX
8
Layer 1
10
122.012315
20
78.846391
70
0
0
VERTEX
8
Layer 1
10
124.288247
20
80.214909
70
0
0
VERTEX
8
Layer 1
10
126.860214
20
81.221903
70
0
0
VERTEX
8
Layer 1
10
129.649828
20
81.843562
70
0
0
VERTEX
8
Layer 1
10
132.578700
20
82.056072
70
0
0
SEQEND
8
Layer 1
0
POLYLINE
8
Layer 1
62
7
70
0
10
0.000000
20
0.000000
66
1
0
VERTEX
8
Layer 1
10
117.635575
20
71.097534
70
0
0
VERTEX
8
Layer 1
10
117.558422
20
69.977089
70
0
0
VERTEX
8
Layer 1
10
117.331978
20
68.889010
70
0
0
VERTEX
8
Layer 1
10
116.461261
20
66.831984
70
0
0
VERTEX
8
Layer 1
10
115.083513
20
64.970523
70
0
0
VERTEX
8
Layer 1
10
113.258823
20
63.348693
70
0
0
VERTEX
8
Layer 1
10
111.047283
20
62.010561
70
0
0
VERTEX
8
Layer 1
10
108.508981
20
61.000194
70
0
0
VERTEX
8
Layer 1
10
105.704007
20
60.361658
70
0
0
VERTEX
8
Layer 1
10
102.692450
20
60.139020
70
0
0
SEQEND
8
Layer 1
0
POLYLINE
8
Layer 1
62
7
70
0
10
0.000000
20
0.000000
66
1
0
VERTEX
8
Layer 1
10
132.578700
20
59.031249
70
0
0
VERTEX
8
Layer 1
10
131.839051
20
59.229411
70
0
0
VERTEX
8
Layer 1
10
131.297591
20
59.770799
70
0
0
VERTEX
8
Layer 1
10
131.099402
20
60.510349
70
0
0
VERTEX
8
Layer 1
10
131.297591
20
61.249898
70
0
0
VERTEX
8
Layer 1
10
131.839051
20
61.791287
70
0
0
VERTEX
8
Layer 1
10
132.578700
20
61.989448
70
0
0
SEQEND
8
Layer 1
0
POLYLINE
8
Layer 1
62
7
70
0
10
0.000000
20
0.000000
66
1
0
VERTEX
8
Layer 1
10
149.820245
20
82.094250
70
0
0
VERTEX
8
Layer 1
10
149.735876
20
81.195601
70
0
0
VERTEX
8
Layer 1
10
149.485892
20
80.312174
70
0
0
VERTEX
8
Layer 1
10
148.507811
20
78.614829
70
0
0
VERTEX
8
Layer 1
10
146.923463
20
77.049912
70
0
0
VERTEX
8
Layer 1
10
144.770313
20
75.665119
70
0
0
VERTEX
8
Layer 1
10
142.144318
20
74.529676
70
0
0
VERTEX
8
Layer 1
10
139.176754
20
73.694185
70
0
0
VERTEX
8
Layer 1
10
135.958066
20
73.178403
70
0
0
VERTEX
8
Layer 1
10
132.578700
20
73.002085
70
0
0
SEQEND
8
Layer 1
0
POLYLINE
8
Layer 1
62
7
70
0
10
0.000000
20
0.000000
66
1
0
VERTEX
8
Layer 1
10
145.383882
20
82.094250
70
0
0
VERTEX
8
Layer 1
10
145.297522
20
81.771994
70
0
0
VERTEX
8
Layer 1
10
145.061583
20
81.536086
70
0
0
VERTEX
8
Layer 1
10
144.739284
20
81.449738
70
0
0
VERTEX
8
Layer 1
10
144.416984
20
81.536086
70
0
0
VERTEX
8
Layer 1
10
144.181045
20
81.771994
70
0
0
VERTEX
8
Layer 1
10
144.094685
20
82.094250
70
0
0
SEQEND
8
Layer 1
0
POLYLINE
8
Layer 1
62
7
70
0
10
0.000000
20
0.000000
66
1
0
VERTEX
8
Layer 1
10
139.895571
20
82.094250
70
0
0
VERTEX
8
Layer 1
10
137.752509
20
82.067254
70
0
0
VERTEX
8
Layer 1
10
132.578700
20
82.056072
70
0
0
SEQEND
8
Layer 1
0
POLYLINE
8
Layer 1
62
7
70
0
10
0.000000
20
0.000000
66
1
0
VERTEX
8
Layer 1
10
162.464950
20
72.460284
70
0
0
VERTEX
8
Layer 1
10
160.062797
20
72.647109
70
0
0
VERTEX
8
Layer 1
10
157.774858
20
73.193626
70
0
0
VERTEX
8
Layer 1
10
155.665425
20
74.078904
70
0
0
VERTEX
8
Layer 1
10
153.798790
20
75.282008
70
0
0
VERTEX
8
Layer 1
10
152.268267
20
76.749321
70
0
0
VERTEX
8
Layer 1
10
151.142066
20
78.407491
70
0
0
VERTEX
8
Layer 1
10
150.446816
20
80.205980
70
0
0
VERTEX
8
Layer 1
10
150.209149
20
82.094250
70
0
0
SEQEND
8
Layer 1
0
POLYLINE
8
Layer 1
62
7
70
0
10
0.000000
20
0.000000
66
1
0
VERTEX
8
Layer 1
10
162.464950
20
80.567936
70
0
0
VERTEX
8
Layer 1
10
162.078403
20
80.730272
70
0
0
VERTEX
8
Layer 1
10
161.918597
20
81.117830
70
0
0
VERTEX
8
Layer 1
10
162.078403
20
81.505387
70
0
0
VERTEX
8
Layer 1
10
162.464950
20
81.667723
70
0
0
SEQEND
8
Layer 1
0
POLYLINE
8
Layer 1
62
7
70
0
10
0.000000
20
0.000000
66
1
0
VERTEX
8
Layer 1
10
162.157193
20
82.094250
70
0
0
VERTEX
8
Layer 1
10
162.048270
20
81.554808
70
0
0
VERTEX
8
Layer 1
10
161.751228
20
81.114294
70
0
0
VERTEX
8
Layer 1
10
161.310655
20
80.817291
70
0
0
VERTEX
8
Layer 1
10
160.771141
20
80.708383
70
0
0
VERTEX
8
Layer 1
10
160.231627
20
80.817291
70
0
0
VERTEX
8
Layer 1
10
159.791054
20
81.114294
70
0
0
VERTEX
8
Layer 1
10
159.494011
20
81.554808
70
0
0
VERTEX
8
Layer 1
10
159.385088
20
82.094250
70
0
0
SEQEND
8
Layer 1
0
POLYLINE
8
Layer 1
62
7
70
0
10
0.000000
20
0.000000
66
1
0
VERTEX
8
Layer 1
10
162.464950
20
72.637163
70
0
0
VERTEX
8
Layer 1
10
161.557592
20
72.757525
70
0
0
VERTEX
8
Layer 1
10
160.726168
20
73.103006
70
0
0
VERTEX
8
Layer 1
10
160.011220
20
73.650204
70
0
0
VERTEX
8
Layer 1
10
159.453291
20
74.375713
70
0
0
VERTEX
8
Layer 1
10
159.103862
20
75.221583
70
0
0
VERTEX
8
Layer 1
10
158.987386
20
76.114262
70
0
0
VERTEX
8
Layer 1
10
159.103862
20
77.006941
70
0
0
VERTEX
8
Layer 1
10
159.453291
20
77.852811
70
0
0
VERTEX
8
Layer 1
10
160.011220
20
78.578320
70
0
0
VERTEX
8
Layer 1
10
160.726168
20
79.125518
70
0
0
VERTEX
8
Layer 1
10
161.557592
20
79.470999
70
0
0
VERTEX
8
Layer 1
10
162.464950
20
79.591361
70
0
0
SEQEND
8
Layer 1
0
POLYLINE
8
Layer 1
62
7
70
0
10
0.000000
20
0.000000
66
1
0
VERTEX
8
Layer 1
10
132.578700
20
72.983391
70
0
0
VERTEX
8
Layer 1
10
134.013149
20
72.793111
70
0
0
VERTEX
8
Layer 1
10
135.327554
20
72.246937
70
0
0
VERTEX
8
Layer 1
10
136.457820
20
71.381868
70
0
0
VERTEX
8
Layer 1
10
137.339854
20
70.234905
70
0
0
VERTEX
8
Layer 1
10
137.892269
20
68.897662
70
0
0
VERTEX
8
Layer 1
10
138.076407
20
67.486420
70
0
0
VERTEX
8
Layer 1
10
137.892269
20
66.075177
70
0
0
VERTEX
8
Layer 1
10
137.339854
20
64.737934
70
0
0
VERTEX
8
Layer 1
10
136.457820
20
63.590971
70
0
0
VERTEX
8
Layer 1
10
135.327554
20
62.725903
70
0
0
VERTEX
8
Layer 1
10
134.013149
20
62.179729
70
0
0
VERTEX
8
Layer 1
10
132.578700
20
61.989448
70
0
0
SEQEND
8
Layer 1
0
POLYLINE
8
Layer 1
62
7
70
0
10
0.000000
20
0.000000
66
1
0
VERTEX
8
Layer 1
10
147.521825
20
61.435551
70
0
0
VERTEX
8
Layer 1
10
147.825416
20
61.920106
70
0
0
VERTEX
8
Layer 1
10
148.696130
20
62.371423
70
0
0
VERTEX
8
Layer 1
10
150.073876
20
62.779832
70
0
0
VERTEX
8
Layer 1
10
151.898565
20
63.135666
70
0
0
VERTEX
8
Layer 1
10
156.648411
20
63.650933
70
0
0
VERTEX
8
Layer 1
10
162.464950
20
63.839877
70
0
0
SEQEND
8
Layer 1
0
POLYLINE
8
Layer 1
62
7
70
0
10
0.000000
20
0.000000
66
1
0
VERTEX
8
Layer 1
10
147.521825
20
61.435551
70
0
0
VERTEX
8
Layer 1
10
147.218208
20
60.950999
70
0
0
VERTEX
8
Layer 1
10
146.347477
20
60.499686
70
0
0
VERTEX
8
Layer 1
10
144.969723
20
60.091281
70
0
0
VERTEX
8
Layer 1
10
143.145032
20
59.735451
70
0
0
VERTEX
8
Layer 1
10
138.395203
20
59.220190
70
0
0
VERTEX
8
Layer 1
10
132.578700
20
59.031249
70
0
0
SEQEND
8
Layer 1
0
POLYLINE
8
Layer 1
62
7
70
0
10
0.000000
20
0.000000
66
1
0
VERTEX
8
Layer 1
10
192.351200
20
81.467846
70
0
0
VERTEX
8
Layer 1
10
175.576920
20
81.651316
70
0
0
VERTEX
8
Layer 1
10
170.434547
20
81.854536
70
0
0
VERTEX
8
Layer 1
10
168.628786
20
82.094250
70
0
0
SEQEND
8
Layer 1
0
POLYLINE
8
Layer 1
62
7
70
0
10
0.000000
20
0.000000
66
1
0
VERTEX
8
Layer 1
10
190.857390
20
82.094250
70
0
0
VERTEX
8
Layer 1
10
190.621202
20
81.212903
70
0
0
VERTEX
8
Layer 1
10
189.975925
20
80.567712
70
0
0
VERTEX
8
Layer 1
10
189.094459
20
80.331556
70
0
0
VERTEX
8
Layer 1
10
188.212994
20
80.567712
70
0
0
VERTEX
8
Layer 1
10
187.567717
20
81.212903
70
0
0
VERTEX
8
Layer 1
10
187.331529
20
82.094250
70
0
0
SEQEND
8
Layer 1
0
POLYLINE
8
Layer 1
62
7
70
0
10
0.000000
20
0.000000
66
1
0
VERTEX
8
Layer 1
10
173.817063
20
82.094250
70
0
0
VERTEX
8
Layer 1
10
173.571279
20
81.507630
70
0
0
VERTEX
8
Layer 1
10
172.983272
20
81.265023
70
0
0
VERTEX
8
Layer 1
10
172.395266
20
81.507630
70
0
0
VERTEX
8
Layer 1
10
172.149482
20
82.094250
70
0
0
SEQEND
8
Layer 1
0
POLYLINE
8
Layer 1
62
7
70
0
10
0.000000
20
0.000000
66
1
0
VERTEX
8
Layer 1
10
171.914934
20
82.094250
70
0
0
VERTEX
8
Layer 1
10
171.838070
20
81.807428
70
0
0
VERTEX
8
Layer 1
10
171.628074
20
81.597460
70
0
0
VERTEX
8
Layer 1
10
171.341214
20
81.520606
70
0
0
VERTEX
8
Layer 1
10
171.054354
20
81.597460
70
0
0
VERTEX
8
Layer 1
10
170.844358
20
81.807428
70
0
0
VERTEX
8
Layer 1
10
170.767494
20
82.094250
70
0
0
SEQEND
8
Layer 1
0
POLYLINE
8
Layer 1
62
7
70
0
10
0.000000
20
0.000000
66
1
0
VERTEX
8
Layer 1
10
192.351200
20
65.690329
70
0
0
VERTEX
8
Layer 1
10
190.822697
20
65.893086
70
0
0
VERTEX
8
Layer 1
10
189.422108
20
66.475072
70
0
0
VERTEX
8
Layer 1
10
188.217732
20
67.396861
70
0
0
VERTEX
8
Layer 1
10
187.277865
20
68.619029
70
0
0
VERTEX
8
Layer 1
10
186.689229
20
70.043953
70
0
0
VERTEX
8
Layer 1
10
186.493017
20
71.547728
70
0
0
VERTEX
8
Layer 1
10
186.689229
20
73.051504
70
0
0
VERTEX
8
Layer 1
10
187.277865
20
74.476428
70
0
0
VERTEX
8
Layer 1
10
188.217732
20
75.698595
70
0
0
VERTEX
8
Layer 1
10
189.422108
20
76.620385
70
0
0
VERTEX
8
Layer 1
10
190.822697
20
77.202371
70
0
0
VERTEX
8
Layer 1
10
192.351200
20
77.405127
70
0
0
SEQEND
8
Layer 1
0
POLYLINE
8
Layer 1
62
7
70
0
10
0.000000
20
0.000000
66
1
0
VERTEX
8
Layer 1
10
192.351200
20
65.756907
70
0
0
VERTEX
8
Layer 1
10
190.860345
20
65.954669
70
0
0
VERTEX
8
Layer 1
10
189.494254
20
66.522321
70
0
0
VERTEX
8
Layer 1
10
188.319542
20
67.421406
70
0
0
VERTEX
8
Layer 1
10
187.402824
20
68.613471
70
0
0
VERTEX
8
Layer 1
10
186.828687
20
70.003298
70
0
0
VERTEX
8
Layer 1
10
186.637308
20
71.470034
70
0
0
VERTEX
8
Layer 1
10
186.828687
20
72.936771
70
0
0
VERTEX
8
Layer 1
10
187.402824
20
74.326598
70
0
0
VERTEX
8
Layer 1
10
188.319542
20
75.518663
70
0
0
VERTEX
8
Layer 1
10
189.494254
20
76.417748
70
0
0
VERTEX
8
Layer 1
10
190.860345
20
76.985399
70
0
0
VERTEX
8
Layer 1
10
192.351200
20
77.183162
70
0
0
SEQEND
8
Layer 1
0
POLYLINE
8
Layer 1
62
7
70
0
10
0.000000
20
0.000000
66
1
0
VERTEX
8
Layer 1
10
192.351200
20
71.937130
70
0
0
VERTEX
8
Layer 1
10
191.701975
20
72.111066
70
0
0
VERTEX
8
Layer 1
10
191.226709
20
72.586268
70
0
0
VERTEX
8
Layer 1
10
191.052750
20
73.235406
70
0
0
VERTEX
8
Layer 1
10
191.226709
20
73.884544
70
0
0
VERTEX
8
Layer 1
10
191.701975
20
74.359746
70
0
0
VERTEX
8
Layer 1
10
192.351200
20
74.533682
70
0
0
SEQEND
8
Layer 1
0
POLYLINE
8
Layer 1
62
7
70
0
10
0.000000
20
0.000000
66
1
0
VERTEX
8
Layer 1
10
164.906609
20
82.094250
70
0
0
VERTEX
8
Layer 1
10
164.720749
20
75.108604
70
0
0
VERTEX
8
Layer 1
10
164.191463
20
69.186459
70
0
0
VERTEX
8
Layer 1
10
163.819584
20
66.906826
70
0
0
VERTEX
8
Layer 1
10
163.399332
20
65.229408
70
0
0
VERTEX
8
Layer 1
10
162.943518
20
64.193870
70
0
0
VERTEX
8
Layer 1
10
162.464950
20
63.839877
70
0
0
SEQEND
8
Layer 1
0
POLYLINE
8
Layer 1
62
7
70
0
10
0.000000
20
0.000000
66
1
0
VERTEX
8
Layer 1
10
162.464950
20
79.591361
70
0
0
VERTEX
8
Layer 1
10
163.372308
20
79.470999
70
0
0
VERTEX
8
Layer 1
10
164.203732
20
79.125518
70
0
0
VERTEX
8
Layer 1
10
164.918680
20
78.578320
70
0
0
VERTEX
8
Layer 1
10
165.476609
20
77.852811
70
0
0
VERTEX
8
Layer 1
10
165.826038
20
77.006941
70
0
0
VERTEX
8
Layer 1
10
165.942514
20
76.114262
70
0
0
VERTEX
8
Layer 1
10
165.826038
20
75.221583
70
0
0
VERTEX
8
Layer 1
10
165.476609
20
74.375713
70
0
0
VERTEX
8
Layer 1
10
164.918680
20
73.650204
70
0
0
VERTEX
8
Layer 1
10
164.203732
20
73.103006
70
0
0
VERTEX
8
Layer 1
10
163.372308
20
72.757525
70
0
0
VERTEX
8
Layer 1
10
162.464950
20
72.637163
70
0
0
SEQEND
8
Layer 1
0
POLYLINE
8
Layer 1
62
7
70
0
10
0.000000
20
0.000000
66
1
0
VERTEX
8
Layer 1
10
164.865701
20
82.094250
70
0
0
VERTEX
8
Layer 1
10
164.682954
20
78.407491
70
0
0
VERTEX
8
Layer 1
10
164.162537
20
75.282008
70
0
0
VERTEX
8
Layer 1
10
163.796888
20
74.078904
70
0
0
VERTEX
8
Layer 1
10
163.383677
20
73.193626
70
0
0
VERTEX
8
Layer 1
10
162.935500
20
72.647109
70
0
0
VERTEX
8
Layer 1
10
162.464950
20
72.460284
70
0
0
SEQEND
8
Layer 1
0
POLYLINE
8
Layer 1
62
7
70
0
10
0.000000
20
0.000000
66
1
0
VERTEX
8
Layer 1
10
162.464950
20
81.667723
70
0
0
VERTEX
8
Layer 1
10
162.851497
20
81.505387
70
0
0
VERTEX
8
Layer 1
10
163.011303
20
81.117830
70
0
0
VERTEX
8
Layer 1
10
162.851497
20
80.730272
70
0
0
VERTEX
8
Layer 1
10
162.464950
20
80.567936
70
0
0
SEQEND
8
Layer 1
0
POLYLINE
8
Layer 1
62
7
70
0
10
0.000000
20
0.000000
66
1
0
VERTEX
8
Layer 1
10
221.743299
20
82.094250
70
0
0
VERTEX
8
Layer 1
10
221.625250
20
80.316399
70
0
0
VERTEX
8
Layer 1
10
221.278633
20
78.592255
70
0
0
VERTEX
8
Layer 1
10
220.714743
20
76.941379
70
0
0
VERTEX
8
Layer 1
10
219.944873
20
75.383330
70
0
0
VERTEX
8
Layer 1
10
218.980317
20
73.937668
70
0
0
VERTEX
8
Layer 1
10
217.832370
20
72.623952
70
0
0
VERTEX
8
Layer 1
10
216.512327
20
71.461741
70
0
0
VERTEX
8
Layer 1
10
215.031481
20
70.470596
70
0
0
VERTEX
8
Layer 1
10
213.432586
20
69.683890
70
0
0
VERTEX
8
Layer 1
10
211.765925
20
69.121957
70
0
0
VERTEX
8
Layer 1
10
210.054088
20
68.784797
70
0
0
VERTEX
8
Layer 1
10
208.319662
20
68.672410
70
0
0
VERTEX
8
Layer 1
10
206.585237
20
68.784797
70
0
0
VERTEX
8
Layer 1
10
204.873400
20
69.121957
70
0
0
VERTEX
8
Layer 1
10
203.206739
20
69.683890
70
0
0
VERTEX
8
Layer 1
10
201.607844
20
70.470596
70
0
0
VERTEX
8
Layer 1
10
200.126998
20
71.461741
70
0
0
VERTEX
8
Layer 1
10
198.806955
20
72.623952
70
0
0
VERTEX
8
Layer 1
10
197.659008
20
73.937668
70
0
0
VERTEX
8
Layer 1
10
196.694452
20
75.383330
70
0
0
VERTEX
8
Layer 1
10
195.924582
20
76.941379
70
0
0
VERTEX
8
Layer 1
10
195.360692
20
78.592255
70
0
0
VERTEX
8
Layer 1
10
195.014075
20
80.316399
70
0
0
VERTEX
8
Layer 1
10
194.896026
20
82.094250
70
0
0
SEQEND
8
Layer 1
0
POLYLINE
8
Layer 1
62
7
70
0
10
0.000000
20
0.000000
66
1
0
VERTEX
8
Layer 1
10
198.753552
20
82.094250
70
0
0
VERTEX
8
Layer 1
10
198.617451
20
81.586383
70
0
0
VERTEX
8
Layer 1
10
198.245617
20
81.214599
70
0
0
VERTEX
8
Layer 1
10
197.737683
20
81.078516
70
0
0
VERTEX
8
Layer 1
10
197.229748
20
81.214599
70
0
0
VERTEX
8
Layer 1
10
196.857914
20
81.586383
70
0
0
VERTEX
8
Layer 1
10
196.721813
20
82.094250
70
0
0
SEQEND
8
Layer 1
0
POLYLINE
8
Layer 1
62
7
70
0
10
0.000000
20
0.000000
66
1
0
VERTEX
8
Layer 1
10
198.617821
20
82.094250
70
0
0
VERTEX
8
Layer 1
10
198.539491
20
81.908920
70
0
0
VERTEX
8
Layer 1
10
198.353399
20
81.832366
70
0
0
VERTEX
8
Layer 1
10
198.167307
20
81.908920
70
0
0
VERTEX
8
Layer 1
10
198.088977
20
82.094250
70
0
0
SEQEND
8
Layer 1
0
POLYLINE
8
Layer 1
62
7
70
0
10
0.000000
20
0.000000
66
1
0
VERTEX
8
Layer 1
10
212.806019
20
82.094250
70
0
0
VERTEX
8
Layer 1
10
212.683574
20
80.902209
70
0
0
VERTEX
8
Layer 1
10
212.337000
20
79.792193
70
0
0
VERTEX
8
Layer 1
10
211.790055
20
78.787908
70
0
0
VERTEX
8
Layer 1
10
211.066496
20
77.913061
70
0
0
VERTEX
8
Layer 1
10
210.190080
20
77.191357
70
0
0
VERTEX
8
Layer 1
10
209.184564
20
76.646504
70
0
0
VERTEX
8
Layer 1
10
208.073705
20
76.302207
70
0
0
VERTEX
8
Layer 1
10
206.881261
20
76.182174
70
0
0
VERTEX
8
Layer 1
10
205.688817
20
76.302207
70
0
0
VERTEX
8
Layer 1
10
204.577959
20
76.646504
70
0
0
VERTEX
8
Layer 1
10
203.572443
20
77.191357
70
0
0
VERTEX
8
Layer 1
10
202.696026
20
77.913061
70
0
0
VERTEX
8
Layer 1
10
201.972467
20
78.787908
70
0
0
VERTEX
8
Layer 1
10
201.425522
20
79.792193
70
0
0
VERTEX
8
Layer 1
10
201.078948
20
80.902209
70
0
0
VERTEX
8
Layer 1
10
200.956503
20
82.094250
70
0
0
SEQEND
8
Layer 1
0
POLYLINE
8
Layer 1
62
7
70
0
10
0.000000
20
0.000000
66
1
0
VERTEX
8
Layer 1
10
216.190625
20
82.094250
70
0
0
VERTEX
8
Layer 1
10
215.916661
20
80.029493
70
0
0
VERTEX
8
Layer 1
10
215.130283
20
78.137529
70
0
0
VERTEX
8
Layer 1
10
213.884763
20
76.510615
70
0
0
VERTEX
8
Layer 1
10
212.233374
20
75.241009
70
0
0
VERTEX
8
Layer 1
10
210.308021
20
74.445859
70
0
0
VERTEX
8
Layer 1
10
208.276124
20
74.180809
70
0
0
VERTEX
8
Layer 1
10
206.244227
20
74.445859
70
0
0
VERTEX
8
Layer 1
10
204.318874
20
75.241009
70
0
0
VERTEX
8
Layer 1
10
202.667485
20
76.510615
70
0
0
VERTEX
8
Layer 1
10
201.421966
20
78.137529
70
0
0
VERTEX
8
Layer 1
10
200.635588
20
80.029493
70
0
0
VERTEX
8
Layer 1
10
200.361624
20
82.094250
70
0
0
SEQEND
8
Layer 1
0
POLYLINE
8
Layer 1
62
7
70
0
10
0.000000
20
0.000000
66
1
0
VERTEX
8
Layer 1
10
192.832201
20
82.094250
70
0
0
VERTEX
8
Layer 1
10
192.691319
20
70.494926
70
0
0
VERTEX
8
Layer 1
10
192.535271
20
66.939003
70
0
0
VERTEX
8
Layer 1
10
192.351200
20
65.690329
70
0
0
SEQEND
8
Layer 1
0
POLYLINE
8
Layer 1
62
7
70
0
10
0.000000
20
0.000000
66
1
0
VERTEX
8
Layer 1
10
192.351200
20
77.183162
70
0
0
VERTEX
8
Layer 1
10
193.842055
20
76.985399
70
0
0
VERTEX
8
Layer 1
10
195.208146
20
76.417748
70
0
0
VERTEX
8
Layer 1
10
196.382858
20
75.518663
70
0
0
VERTEX
8
Layer 1
10
197.299576
20
74.326598
70
0
0
VERTEX
8
Layer 1
10
197.873713
20
72.936771
70
0
0
VERTEX
8
Layer 1
10
198.065092
20
71.470034
70
0
0
VERTEX
8
Layer 1
10
197.873713
20
70.003298
70
0
0
VERTEX
8
Layer 1
10
197.299576
20
68.613471
70
0
0
VERTEX
8
Layer 1
10
196.382858
20
67.421406
70
0
0
VERTEX
8
Layer 1
10
195.208146
20
66.522321
70
0
0
VERTEX
8
Layer 1
10
193.842055
20
65.954669
70
0
0
VERTEX
8
Layer 1
10
192.351200
20
65.756907
70
0
0
SEQEND
8
Layer 1
0
POLYLINE
8
Layer 1
62
7
70
0
10
0.000000
20
0.000000
66
1
0
VERTEX
8
Layer 1
10
192.351200
20
74.533682
70
0
0
VERTEX
8
Layer 1
10
193.000425
20
74.359746
70
0
0
VERTEX
8
Layer 1
10
193.475691
20
73.884544
70
0
0
VERTEX
8
Layer 1
10
193.649650
20
73.235406
70
0
0
VERTEX
8
Layer 1
10
193.475691
20
72.586268
70
0
0
VERTEX
8
Layer 1
10
193.000425
20
72.111066
70
0
0
VERTEX
8
Layer 1
10
192.351200
20
71.937130
70
0
0
SEQEND
8
Layer 1
0
POLYLINE
8
Layer 1
62
7
70
0
10
0.000000
20
0.000000
66
1
0
VERTEX
8
Layer 1
10
192.351200
20
81.467822
70
0
0
VERTEX
8
Layer 1
10
193.367016
20
81.195672
70
0
0
VERTEX
8
Layer 1
10
194.110644
20
80.452143
70
0
0
VERTEX
8
Layer 1
10
194.382831
20
79.436463
70
0
0
VERTEX
8
Layer 1
10
194.110644
20
78.420783
70
0
0
VERTEX
8
Layer 1
10
193.367016
20
77.677254
70
0
0
VERTEX
8
Layer 1
10
192.351200
20
77.405103
70
0
0
SEQEND
8
Layer 1
0
POLYLINE
8
Layer 1
62
7
70
0
10
0.000000
20
0.000000
66
1
0
VERTEX
8
Layer 1
10
222.237450
20
72.168155
70
0
0
VERTEX
8
Layer 1
10
222.026494
20
72.255525
70
0
0
VERTEX
8
Layer 1
10
221.939114
20
72.466452
70
0
0
VERTEX
8
Layer 1
10
222.026494
20
72.677380
70
0
0
VERTEX
8
Layer 1
10
222.237450
20
72.764749
70
0
0
SEQEND
8
Layer 1
0
POLYLINE
8
Layer 1
62
7
70
0
10
0.000000
20
0.000000
66
1
0
VERTEX
8
Layer 1
10
222.237450
20
72.764749
70
0
0
VERTEX
8
Layer 1
10
222.448406
20
72.677380
70
0
0
VERTEX
8
Layer 1
10
222.535786
20
72.466452
70
0
0
VERTEX
8
Layer 1
10
222.448406
20
72.255525
70
0
0
VERTEX
8
Layer 1
10
222.237450
20
72.168155
70
0
0
SEQEND
8
Layer 1
0
POLYLINE
8
Layer 1
62
7
70
0
10
0.000000
20
0.000000
66
1
0
VERTEX
8
Layer 1
10
12.704984
20
292.095016
70
0
0
VERTEX
8
Layer 1
10
253.740097
20
292.095016
70
0
0
VERTEX
8
Layer 1
10
253.740097
20
51.080186
70
0
0
VERTEX
8
Layer 1
10
12.704984
20
51.080186
70
0
0
VERTEX
8
Layer 1
10
12.704984
20
292.095016
70
0
0
SEQEND
8
Layer 1
 0 
ENDSEC
 0 
EOF